discordance,ICC,delta,obs_per_cluster,power,DEFF,n_pairs,n_clusters_needed
0.05,0.0,0.03,2,0.8,1.0,582,291
0.05,0.0,0.03,2,0.9,1.0,751,376
0.05,0.0,0.03,4,0.8,1.0,582,146
0.05,0.0,0.03,4,0.9,1.0,751,188
0.05,0.0,0.03,6,0.8,1.0,582,97
0.05,0.0,0.03,6,0.9,1.0,751,126
0.05,0.0,0.05,2,0.8,1.0,210,105
0.05,0.0,0.05,2,0.9,1.0,271,136
0.05,0.0,0.05,4,0.8,1.0,210,53
0.05,0.0,0.05,4,0.9,1.0,271,68
0.05,0.0,0.05,6,0.8,1.0,210,35
0.05,0.0,0.05,6,0.9,1.0,271,46
0.05,0.05,0.03,2,0.8,1.05,582,306
0.05,0.05,0.03,2,0.9,1.05,751,395
0.05,0.05,0.03,4,0.8,1.15,582,168
0.05,0.05,0.03,4,0.9,1.15,751,216
0.05,0.05,0.03,6,0.8,1.25,582,122
0.05,0.05,0.03,6,0.9,1.25,751,157
0.05,0.05,0.05,2,0.8,1.05,210,110
0.05,0.05,0.05,2,0.9,1.05,271,142
0.05,0.05,0.05,4,0.8,1.15,210,61
0.05,0.05,0.05,4,0.9,1.15,271,78
0.05,0.05,0.05,6,0.8,1.25,210,44
0.05,0.05,0.05,6,0.9,1.25,271,57
0.05,0.1,0.03,2,0.8,1.1,582,320
0.05,0.1,0.03,2,0.9,1.1,751,413
0.05,0.1,0.03,4,0.8,1.3,582,190
0.05,0.1,0.03,4,0.9,1.3,751,244
0.05,0.1,0.03,6,0.8,1.5,582,146
0.05,0.1,0.03,6,0.9,1.5,751,188
0.05,0.1,0.05,2,0.8,1.1,210,116
0.05,0.1,0.05,2,0.9,1.1,271,149
0.05,0.1,0.05,4,0.8,1.3,210,69
0.05,0.1,0.05,4,0.9,1.3,271,88
0.05,0.1,0.05,6,0.8,1.5,210,53
0.05,0.1,0.05,6,0.9,1.5,271,68
0.05,0.2,0.03,2,0.8,1.2,582,349
0.05,0.2,0.03,2,0.9,1.2,751,451
0.05,0.2,0.03,4,0.8,1.6,582,233
0.05,0.2,0.03,4,0.9,1.6,751,301
0.05,0.2,0.03,6,0.8,2.0,582,194
0.05,0.2,0.03,6,0.9,2.0,751,251
0.05,0.2,0.05,2,0.8,1.2,210,126
0.05,0.2,0.05,2,0.9,1.2,271,163
0.05,0.2,0.05,4,0.8,1.6,210,84
0.05,0.2,0.05,4,0.9,1.6,271,109
0.05,0.2,0.05,6,0.8,2.0,210,70
0.05,0.2,0.05,6,0.9,2.0,271,91
0.05,0.3,0.03,2,0.8,1.3,582,379
0.05,0.3,0.03,2,0.9,1.3,751,488
0.05,0.3,0.03,4,0.8,1.9,582,277
0.05,0.3,0.03,4,0.9,1.9,751,357
0.05,0.3,0.03,6,0.8,2.5,582,243
0.05,0.3,0.03,6,0.9,2.5,751,313
0.05,0.3,0.05,2,0.8,1.3,210,137
0.05,0.3,0.05,2,0.9,1.3,271,176
0.05,0.3,0.05,4,0.8,1.9,210,100
0.05,0.3,0.05,4,0.9,1.9,271,129
0.05,0.3,0.05,6,0.8,2.5,210,88
0.05,0.3,0.05,6,0.9,2.5,271,113
0.1,0.0,0.03,2,0.8,1.0,1164,582
0.1,0.0,0.03,2,0.9,1.0,1502,751
0.1,0.0,0.03,4,0.8,1.0,1164,291
0.1,0.0,0.03,4,0.9,1.0,1502,376
0.1,0.0,0.03,6,0.8,1.0,1164,194
0.1,0.0,0.03,6,0.9,1.0,1502,251
0.1,0.0,0.05,2,0.8,1.0,419,210
0.1,0.0,0.05,2,0.9,1.0,541,271
0.1,0.0,0.05,4,0.8,1.0,419,105
0.1,0.0,0.05,4,0.9,1.0,541,136
0.1,0.0,0.05,6,0.8,1.0,419,70
0.1,0.0,0.05,6,0.9,1.0,541,91
0.1,0.0,0.08,2,0.8,1.0,164,82
0.1,0.0,0.08,2,0.9,1.0,212,106
0.1,0.0,0.08,4,0.8,1.0,164,41
0.1,0.0,0.08,4,0.9,1.0,212,53
0.1,0.0,0.08,6,0.8,1.0,164,28
0.1,0.0,0.08,6,0.9,1.0,212,36
0.1,0.0,0.1,2,0.8,1.0,105,53
0.1,0.0,0.1,2,0.9,1.0,136,68
0.1,0.0,0.1,4,0.8,1.0,105,27
0.1,0.0,0.1,4,0.9,1.0,136,34
0.1,0.0,0.1,6,0.8,1.0,105,18
0.1,0.0,0.1,6,0.9,1.0,136,23
0.1,0.05,0.03,2,0.8,1.05,1164,611
0.1,0.05,0.03,2,0.9,1.05,1502,789
0.1,0.05,0.03,4,0.8,1.15,1164,335
0.1,0.05,0.03,4,0.9,1.15,1502,432
0.1,0.05,0.03,6,0.8,1.25,1164,243
0.1,0.05,0.03,6,0.9,1.25,1502,313
0.1,0.05,0.05,2,0.8,1.05,419,220
0.1,0.05,0.05,2,0.9,1.05,541,284
0.1,0.05,0.05,4,0.8,1.15,419,121
0.1,0.05,0.05,4,0.9,1.15,541,156
0.1,0.05,0.05,6,0.8,1.25,419,88
0.1,0.05,0.05,6,0.9,1.25,541,113
0.1,0.05,0.08,2,0.8,1.05,164,86
0.1,0.05,0.08,2,0.9,1.05,212,111
0.1,0.05,0.08,4,0.8,1.15,164,48
0.1,0.05,0.08,4,0.9,1.15,212,61
0.1,0.05,0.08,6,0.8,1.25,164,35
0.1,0.05,0.08,6,0.9,1.25,212,44
0.1,0.05,0.1,2,0.8,1.05,105,55
0.1,0.05,0.1,2,0.9,1.05,136,71
0.1,0.05,0.1,4,0.8,1.15,105,31
0.1,0.05,0.1,4,0.9,1.15,136,39
0.1,0.05,0.1,6,0.8,1.25,105,22
0.1,0.05,0.1,6,0.9,1.25,136,29
0.1,0.1,0.03,2,0.8,1.1,1164,640
0.1,0.1,0.03,2,0.9,1.1,1502,826
0.1,0.1,0.03,4,0.8,1.3,1164,379
0.1,0.1,0.03,4,0.9,1.3,1502,488
0.1,0.1,0.03,6,0.8,1.5,1164,291
0.1,0.1,0.03,6,0.9,1.5,1502,376
0.1,0.1,0.05,2,0.8,1.1,419,231
0.1,0.1,0.05,2,0.9,1.1,541,298
0.1,0.1,0.05,4,0.8,1.3,419,137
0.1,0.1,0.05,4,0.9,1.3,541,176
0.1,0.1,0.05,6,0.8,1.5,419,105
0.1,0.1,0.05,6,0.9,1.5,541,136
0.1,0.1,0.08,2,0.8,1.1,164,90
0.1,0.1,0.08,2,0.9,1.1,212,117
0.1,0.1,0.08,4,0.8,1.3,164,54
0.1,0.1,0.08,4,0.9,1.3,212,69
0.1,0.1,0.08,6,0.8,1.5,164,41
0.1,0.1,0.08,6,0.9,1.5,212,53
0.1,0.1,0.1,2,0.8,1.1,105,58
0.1,0.1,0.1,2,0.9,1.1,136,75
0.1,0.1,0.1,4,0.8,1.3,105,35
0.1,0.1,0.1,4,0.9,1.3,136,44
0.1,0.1,0.1,6,0.8,1.5,105,27
0.1,0.1,0.1,6,0.9,1.5,136,34
0.1,0.2,0.03,2,0.8,1.2,1164,698
0.1,0.2,0.03,2,0.9,1.2,1502,901
0.1,0.2,0.03,4,0.8,1.6,1164,466
0.1,0.2,0.03,4,0.9,1.6,1502,601
0.1,0.2,0.03,6,0.8,2.0,1164,388
0.1,0.2,0.03,6,0.9,2.0,1502,501
0.1,0.2,0.05,2,0.8,1.2,419,252
0.1,0.2,0.05,2,0.9,1.2,541,325
0.1,0.2,0.05,4,0.8,1.6,419,168
0.1,0.2,0.05,4,0.9,1.6,541,217
0.1,0.2,0.05,6,0.8,2.0,419,140
0.1,0.2,0.05,6,0.9,2.0,541,181
0.1,0.2,0.08,2,0.8,1.2,164,99
0.1,0.2,0.08,2,0.9,1.2,212,127
0.1,0.2,0.08,4,0.8,1.6,164,66
0.1,0.2,0.08,4,0.9,1.6,212,85
0.1,0.2,0.08,6,0.8,2.0,164,55
0.1,0.2,0.08,6,0.9,2.0,212,71
0.1,0.2,0.1,2,0.8,1.2,105,63
0.1,0.2,0.1,2,0.9,1.2,136,82
0.1,0.2,0.1,4,0.8,1.6,105,42
0.1,0.2,0.1,4,0.9,1.6,136,55
0.1,0.2,0.1,6,0.8,2.0,105,35
0.1,0.2,0.1,6,0.9,2.0,136,46
0.1,0.3,0.03,2,0.8,1.3,1164,757
0.1,0.3,0.03,2,0.9,1.3,1502,976
0.1,0.3,0.03,4,0.8,1.9,1164,553
0.1,0.3,0.03,4,0.9,1.9,1502,714
0.1,0.3,0.03,6,0.8,2.5,1164,485
0.1,0.3,0.03,6,0.9,2.5,1502,626
0.1,0.3,0.05,2,0.8,1.3,419,273
0.1,0.3,0.05,2,0.9,1.3,541,352
0.1,0.3,0.05,4,0.8,1.9,419,199
0.1,0.3,0.05,4,0.9,1.9,541,257
0.1,0.3,0.05,6,0.8,2.5,419,175
0.1,0.3,0.05,6,0.9,2.5,541,226
0.1,0.3,0.08,2,0.8,1.3,164,107
0.1,0.3,0.08,2,0.9,1.3,212,138
0.1,0.3,0.08,4,0.8,1.9,164,78
0.1,0.3,0.08,4,0.9,1.9,212,101
0.1,0.3,0.08,6,0.8,2.5,164,69
0.1,0.3,0.08,6,0.9,2.5,212,88
0.1,0.3,0.1,2,0.8,1.3,105,69
0.1,0.3,0.1,2,0.9,1.3,136,88
0.1,0.3,0.1,4,0.8,1.9,105,50
0.1,0.3,0.1,4,0.9,1.9,136,65
0.1,0.3,0.1,6,0.8,2.5,105,44
0.1,0.3,0.1,6,0.9,2.5,136,57
0.2,0.0,0.03,2,0.8,1.0,2327,1164
0.2,0.0,0.03,2,0.9,1.0,3003,1502
0.2,0.0,0.03,4,0.8,1.0,2327,582
0.2,0.0,0.03,4,0.9,1.0,3003,751
0.2,0.0,0.03,6,0.8,1.0,2327,388
0.2,0.0,0.03,6,0.9,1.0,3003,501
0.2,0.0,0.05,2,0.8,1.0,838,419
0.2,0.0,0.05,2,0.9,1.0,1081,541
0.2,0.0,0.05,4,0.8,1.0,838,210
0.2,0.0,0.05,4,0.9,1.0,1081,271
0.2,0.0,0.05,6,0.8,1.0,838,140
0.2,0.0,0.05,6,0.9,1.0,1081,181
0.2,0.0,0.08,2,0.8,1.0,328,164
0.2,0.0,0.08,2,0.9,1.0,423,212
0.2,0.0,0.08,4,0.8,1.0,328,82
0.2,0.0,0.08,4,0.9,1.0,423,106
0.2,0.0,0.08,6,0.8,1.0,328,55
0.2,0.0,0.08,6,0.9,1.0,423,71
0.2,0.0,0.1,2,0.8,1.0,210,105
0.2,0.0,0.1,2,0.9,1.0,271,136
0.2,0.0,0.1,4,0.8,1.0,210,53
0.2,0.0,0.1,4,0.9,1.0,271,68
0.2,0.0,0.1,6,0.8,1.0,210,35
0.2,0.0,0.1,6,0.9,1.0,271,46
0.2,0.05,0.03,2,0.8,1.05,2327,1222
0.2,0.05,0.03,2,0.9,1.05,3003,1577
0.2,0.05,0.03,4,0.8,1.15,2327,669
0.2,0.05,0.03,4,0.9,1.15,3003,864
0.2,0.05,0.03,6,0.8,1.25,2327,485
0.2,0.05,0.03,6,0.9,1.25,3003,626
0.2,0.05,0.05,2,0.8,1.05,838,440
0.2,0.05,0.05,2,0.9,1.05,1081,568
0.2,0.05,0.05,4,0.8,1.15,838,241
0.2,0.05,0.05,4,0.9,1.15,1081,311
0.2,0.05,0.05,6,0.8,1.25,838,175
0.2,0.05,0.05,6,0.9,1.25,1081,226
0.2,0.05,0.08,2,0.8,1.05,328,172
0.2,0.05,0.08,2,0.9,1.05,423,222
0.2,0.05,0.08,4,0.8,1.15,328,95
0.2,0.05,0.08,4,0.9,1.15,423,122
0.2,0.05,0.08,6,0.8,1.25,328,69
0.2,0.05,0.08,6,0.9,1.25,423,88
0.2,0.05,0.1,2,0.8,1.05,210,110
0.2,0.05,0.1,2,0.9,1.05,271,142
0.2,0.05,0.1,4,0.8,1.15,210,61
0.2,0.05,0.1,4,0.9,1.15,271,78
0.2,0.05,0.1,6,0.8,1.25,210,44
0.2,0.05,0.1,6,0.9,1.25,271,57
0.2,0.1,0.03,2,0.8,1.1,2327,1280
0.2,0.1,0.03,2,0.9,1.1,3003,1652
0.2,0.1,0.03,4,0.8,1.3,2327,757
0.2,0.1,0.03,4,0.9,1.3,3003,976
0.2,0.1,0.03,6,0.8,1.5,2327,582
0.2,0.1,0.03,6,0.9,1.5,3003,751
0.2,0.1,0.05,2,0.8,1.1,838,461
0.2,0.1,0.05,2,0.9,1.1,1081,595
0.2,0.1,0.05,4,0.8,1.3,838,273
0.2,0.1,0.05,4,0.9,1.3,1081,352
0.2,0.1,0.05,6,0.8,1.5,838,210
0.2,0.1,0.05,6,0.9,1.5,1081,271
0.2,0.1,0.08,2,0.8,1.1,328,180
0.2,0.1,0.08,2,0.9,1.1,423,233
0.2,0.1,0.08,4,0.8,1.3,328,107
0.2,0.1,0.08,4,0.9,1.3,423,138
0.2,0.1,0.08,6,0.8,1.5,328,82
0.2,0.1,0.08,6,0.9,1.5,423,106
0.2,0.1,0.1,2,0.8,1.1,210,116
0.2,0.1,0.1,2,0.9,1.1,271,149
0.2,0.1,0.1,4,0.8,1.3,210,69
0.2,0.1,0.1,4,0.9,1.3,271,88
0.2,0.1,0.1,6,0.8,1.5,210,53
0.2,0.1,0.1,6,0.9,1.5,271,68
0.2,0.2,0.03,2,0.8,1.2,2327,1396
0.2,0.2,0.03,2,0.9,1.2,3003,1802
0.2,0.2,0.03,4,0.8,1.6,2327,931
0.2,0.2,0.03,4,0.9,1.6,3003,1201
0.2,0.2,0.03,6,0.8,2.0,2327,776
0.2,0.2,0.03,6,0.9,2.0,3003,1001
0.2,0.2,0.05,2,0.8,1.2,838,503
0.2,0.2,0.05,2,0.9,1.2,1081,649
0.2,0.2,0.05,4,0.8,1.6,838,336
0.2,0.2,0.05,4,0.9,1.6,1081,433
0.2,0.2,0.05,6,0.8,2.0,838,280
0.2,0.2,0.05,6,0.9,2.0,1081,361
0.2,0.2,0.08,2,0.8,1.2,328,197
0.2,0.2,0.08,2,0.9,1.2,423,254
0.2,0.2,0.08,4,0.8,1.6,328,131
0.2,0.2,0.08,4,0.9,1.6,423,169
0.2,0.2,0.08,6,0.8,2.0,328,110
0.2,0.2,0.08,6,0.9,2.0,423,141
0.2,0.2,0.1,2,0.8,1.2,210,126
0.2,0.2,0.1,2,0.9,1.2,271,163
0.2,0.2,0.1,4,0.8,1.6,210,84
0.2,0.2,0.1,4,0.9,1.6,271,109
0.2,0.2,0.1,6,0.8,2.0,210,70
0.2,0.2,0.1,6,0.9,2.0,271,91
0.2,0.3,0.03,2,0.8,1.3,2327,1513
0.2,0.3,0.03,2,0.9,1.3,3003,1952
0.2,0.3,0.03,4,0.8,1.9,2327,1106
0.2,0.3,0.03,4,0.9,1.9,3003,1427
0.2,0.3,0.03,6,0.8,2.5,2327,970
0.2,0.3,0.03,6,0.9,2.5,3003,1251
0.2,0.3,0.05,2,0.8,1.3,838,545
0.2,0.3,0.05,2,0.9,1.3,1081,703
0.2,0.3,0.05,4,0.8,1.9,838,398
0.2,0.3,0.05,4,0.9,1.9,1081,514
0.2,0.3,0.05,6,0.8,2.5,838,349
0.2,0.3,0.05,6,0.9,2.5,1081,451
0.2,0.3,0.08,2,0.8,1.3,328,213
0.2,0.3,0.08,2,0.9,1.3,423,275
0.2,0.3,0.08,4,0.8,1.9,328,156
0.2,0.3,0.08,4,0.9,1.9,423,201
0.2,0.3,0.08,6,0.8,2.5,328,137
0.2,0.3,0.08,6,0.9,2.5,423,176
0.2,0.3,0.1,2,0.8,1.3,210,137
0.2,0.3,0.1,2,0.9,1.3,271,176
0.2,0.3,0.1,4,0.8,1.9,210,100
0.2,0.3,0.1,4,0.9,1.9,271,129
0.2,0.3,0.1,6,0.8,2.5,210,88
0.2,0.3,0.1,6,0.9,2.5,271,113
0.3,0.0,0.03,2,0.8,1.0,3490,1745
0.3,0.0,0.03,2,0.9,1.0,4504,2252
0.3,0.0,0.03,4,0.8,1.0,3490,873
0.3,0.0,0.03,4,0.9,1.0,4504,1126
0.3,0.0,0.03,6,0.8,1.0,3490,582
0.3,0.0,0.03,6,0.9,1.0,4504,751
0.3,0.0,0.05,2,0.8,1.0,1257,629
0.3,0.0,0.05,2,0.9,1.0,1622,811
0.3,0.0,0.05,4,0.8,1.0,1257,315
0.3,0.0,0.05,4,0.9,1.0,1622,406
0.3,0.0,0.05,6,0.8,1.0,1257,210
0.3,0.0,0.05,6,0.9,1.0,1622,271
0.3,0.0,0.08,2,0.8,1.0,491,246
0.3,0.0,0.08,2,0.9,1.0,634,317
0.3,0.0,0.08,4,0.8,1.0,491,123
0.3,0.0,0.08,4,0.9,1.0,634,159
0.3,0.0,0.08,6,0.8,1.0,491,82
0.3,0.0,0.08,6,0.9,1.0,634,106
0.3,0.0,0.1,2,0.8,1.0,315,158
0.3,0.0,0.1,2,0.9,1.0,406,203
0.3,0.0,0.1,4,0.8,1.0,315,79
0.3,0.0,0.1,4,0.9,1.0,406,102
0.3,0.0,0.1,6,0.8,1.0,315,53
0.3,0.0,0.1,6,0.9,1.0,406,68
0.3,0.05,0.03,2,0.8,1.05,3490,1833
0.3,0.05,0.03,2,0.9,1.05,4504,2365
0.3,0.05,0.03,4,0.8,1.15,3490,1004
0.3,0.05,0.03,4,0.9,1.15,4504,1295
0.3,0.05,0.03,6,0.8,1.25,3490,728
0.3,0.05,0.03,6,0.9,1.25,4504,939
0.3,0.05,0.05,2,0.8,1.05,1257,660
0.3,0.05,0.05,2,0.9,1.05,1622,852
0.3,0.05,0.05,4,0.8,1.15,1257,362
0.3,0.05,0.05,4,0.9,1.15,1622,467
0.3,0.05,0.05,6,0.8,1.25,1257,262
0.3,0.05,0.05,6,0.9,1.25,1622,338
0.3,0.05,0.08,2,0.8,1.05,491,258
0.3,0.05,0.08,2,0.9,1.05,634,333
0.3,0.05,0.08,4,0.8,1.15,491,142
0.3,0.05,0.08,4,0.9,1.15,634,183
0.3,0.05,0.08,6,0.8,1.25,491,103
0.3,0.05,0.08,6,0.9,1.25,634,132
0.3,0.05,0.1,2,0.8,1.05,315,165
0.3,0.05,0.1,2,0.9,1.05,406,213
0.3,0.05,0.1,4,0.8,1.15,315,91
0.3,0.05,0.1,4,0.9,1.15,406,117
0.3,0.05,0.1,6,0.8,1.25,315,66
0.3,0.05,0.1,6,0.9,1.25,406,85
0.3,0.1,0.03,2,0.8,1.1,3490,1920
0.3,0.1,0.03,2,0.9,1.1,4504,2477
0.3,0.1,0.03,4,0.8,1.3,3490,1135
0.3,0.1,0.03,4,0.9,1.3,4504,1464
0.3,0.1,0.03,6,0.8,1.5,3490,873
0.3,0.1,0.03,6,0.9,1.5,4504,1126
0.3,0.1,0.05,2,0.8,1.1,1257,691
0.3,0.1,0.05,2,0.9,1.1,1622,892
0.3,0.1,0.05,4,0.8,1.3,1257,409
0.3,0.1,0.05,4,0.9,1.3,1622,527
0.3,0.1,0.05,6,0.8,1.5,1257,315
0.3,0.1,0.05,6,0.9,1.5,1622,406
0.3,0.1,0.08,2,0.8,1.1,491,270
0.3,0.1,0.08,2,0.9,1.1,634,349
0.3,0.1,0.08,4,0.8,1.3,491,160
0.3,0.1,0.08,4,0.9,1.3,634,206
0.3,0.1,0.08,6,0.8,1.5,491,123
0.3,0.1,0.08,6,0.9,1.5,634,159
0.3,0.1,0.1,2,0.8,1.1,315,173
0.3,0.1,0.1,2,0.9,1.1,406,223
0.3,0.1,0.1,4,0.8,1.3,315,103
0.3,0.1,0.1,4,0.9,1.3,406,132
0.3,0.1,0.1,6,0.8,1.5,315,79
0.3,0.1,0.1,6,0.9,1.5,406,102
0.3,0.2,0.03,2,0.8,1.2,3490,2094
0.3,0.2,0.03,2,0.9,1.2,4504,2702
0.3,0.2,0.03,4,0.8,1.6,3490,1396
0.3,0.2,0.03,4,0.9,1.6,4504,1802
0.3,0.2,0.03,6,0.8,2.0,3490,1164
0.3,0.2,0.03,6,0.9,2.0,4504,1502
0.3,0.2,0.05,2,0.8,1.2,1257,754
0.3,0.2,0.05,2,0.9,1.2,1622,973
0.3,0.2,0.05,4,0.8,1.6,1257,503
0.3,0.2,0.05,4,0.9,1.6,1622,649
0.3,0.2,0.05,6,0.8,2.0,1257,419
0.3,0.2,0.05,6,0.9,2.0,1622,541
0.3,0.2,0.08,2,0.8,1.2,491,295
0.3,0.2,0.08,2,0.9,1.2,634,380
0.3,0.2,0.08,4,0.8,1.6,491,197
0.3,0.2,0.08,4,0.9,1.6,634,254
0.3,0.2,0.08,6,0.8,2.0,491,164
0.3,0.2,0.08,6,0.9,2.0,634,212
0.3,0.2,0.1,2,0.8,1.2,315,189
0.3,0.2,0.1,2,0.9,1.2,406,244
0.3,0.2,0.1,4,0.8,1.6,315,126
0.3,0.2,0.1,4,0.9,1.6,406,163
0.3,0.2,0.1,6,0.8,2.0,315,105
0.3,0.2,0.1,6,0.9,2.0,406,136
0.3,0.3,0.03,2,0.8,1.3,3490,2269
0.3,0.3,0.03,2,0.9,1.3,4504,2928
0.3,0.3,0.03,4,0.8,1.9,3490,1658
0.3,0.3,0.03,4,0.9,1.9,4504,2140
0.3,0.3,0.03,6,0.8,2.5,3490,1455
0.3,0.3,0.03,6,0.9,2.5,4504,1877
0.3,0.3,0.05,2,0.8,1.3,1257,817
0.3,0.3,0.05,2,0.9,1.3,1622,1054
0.3,0.3,0.05,4,0.8,1.9,1257,597
0.3,0.3,0.05,4,0.9,1.9,1622,771
0.3,0.3,0.05,6,0.8,2.5,1257,524
0.3,0.3,0.05,6,0.9,2.5,1622,676
0.3,0.3,0.08,2,0.8,1.3,491,319
0.3,0.3,0.08,2,0.9,1.3,634,412
0.3,0.3,0.08,4,0.8,1.9,491,234
0.3,0.3,0.08,4,0.9,1.9,634,301
0.3,0.3,0.08,6,0.8,2.5,491,205
0.3,0.3,0.08,6,0.9,2.5,634,264
0.3,0.3,0.1,2,0.8,1.3,315,205
0.3,0.3,0.1,2,0.9,1.3,406,264
0.3,0.3,0.1,4,0.8,1.9,315,150
0.3,0.3,0.1,4,0.9,1.9,406,193
0.3,0.3,0.1,6,0.8,2.5,315,131
0.3,0.3,0.1,6,0.9,2.5,406,169
0.4,0.0,0.03,2,0.8,1.0,4653,2327
0.4,0.0,0.03,2,0.9,1.0,6005,3003
0.4,0.0,0.03,4,0.8,1.0,4653,1164
0.4,0.0,0.03,4,0.9,1.0,6005,1502
0.4,0.0,0.03,6,0.8,1.0,4653,776
0.4,0.0,0.03,6,0.9,1.0,6005,1001
0.4,0.0,0.05,2,0.8,1.0,1676,838
0.4,0.0,0.05,2,0.9,1.0,2162,1081
0.4,0.0,0.05,4,0.8,1.0,1676,419
0.4,0.0,0.05,4,0.9,1.0,2162,541
0.4,0.0,0.05,6,0.8,1.0,1676,280
0.4,0.0,0.05,6,0.9,1.0,2162,361
0.4,0.0,0.08,2,0.8,1.0,655,328
0.4,0.0,0.08,2,0.9,1.0,845,423
0.4,0.0,0.08,4,0.8,1.0,655,164
0.4,0.0,0.08,4,0.9,1.0,845,212
0.4,0.0,0.08,6,0.8,1.0,655,110
0.4,0.0,0.08,6,0.9,1.0,845,141
0.4,0.0,0.1,2,0.8,1.0,419,210
0.4,0.0,0.1,2,0.9,1.0,541,271
0.4,0.0,0.1,4,0.8,1.0,419,105
0.4,0.0,0.1,4,0.9,1.0,541,136
0.4,0.0,0.1,6,0.8,1.0,419,70
0.4,0.0,0.1,6,0.9,1.0,541,91
0.4,0.05,0.03,2,0.8,1.05,4653,2443
0.4,0.05,0.03,2,0.9,1.05,6005,3153
0.4,0.05,0.03,4,0.8,1.15,4653,1338
0.4,0.05,0.03,4,0.9,1.15,6005,1727
0.4,0.05,0.03,6,0.8,1.25,4653,970
0.4,0.05,0.03,6,0.9,1.25,6005,1251
0.4,0.05,0.05,2,0.8,1.05,1676,880
0.4,0.05,0.05,2,0.9,1.05,2162,1135
0.4,0.05,0.05,4,0.8,1.15,1676,482
0.4,0.05,0.05,4,0.9,1.15,2162,622
0.4,0.05,0.05,6,0.8,1.25,1676,349
0.4,0.05,0.05,6,0.9,1.25,2162,451
0.4,0.05,0.08,2,0.8,1.05,655,344
0.4,0.05,0.08,2,0.9,1.05,845,444
0.4,0.05,0.08,4,0.8,1.15,655,189
0.4,0.05,0.08,4,0.9,1.15,845,243
0.4,0.05,0.08,6,0.8,1.25,655,137
0.4,0.05,0.08,6,0.9,1.25,845,176
0.4,0.05,0.1,2,0.8,1.05,419,220
0.4,0.05,0.1,2,0.9,1.05,541,284
0.4,0.05,0.1,4,0.8,1.15,419,121
0.4,0.05,0.1,4,0.9,1.15,541,156
0.4,0.05,0.1,6,0.8,1.25,419,88
0.4,0.05,0.1,6,0.9,1.25,541,113
0.4,0.1,0.03,2,0.8,1.1,4653,2560
0.4,0.1,0.03,2,0.9,1.1,6005,3303
0.4,0.1,0.03,4,0.8,1.3,4653,1513
0.4,0.1,0.03,4,0.9,1.3,6005,1952
0.4,0.1,0.03,6,0.8,1.5,4653,1164
0.4,0.1,0.03,6,0.9,1.5,6005,1502
0.4,0.1,0.05,2,0.8,1.1,1676,922
0.4,0.1,0.05,2,0.9,1.1,2162,1189
0.4,0.1,0.05,4,0.8,1.3,1676,545
0.4,0.1,0.05,4,0.9,1.3,2162,703
0.4,0.1,0.05,6,0.8,1.5,1676,419
0.4,0.1,0.05,6,0.9,1.5,2162,541
0.4,0.1,0.08,2,0.8,1.1,655,360
0.4,0.1,0.08,2,0.9,1.1,845,465
0.4,0.1,0.08,4,0.8,1.3,655,213
0.4,0.1,0.08,4,0.9,1.3,845,275
0.4,0.1,0.08,6,0.8,1.5,655,164
0.4,0.1,0.08,6,0.9,1.5,845,212
0.4,0.1,0.1,2,0.8,1.1,419,231
0.4,0.1,0.1,2,0.9,1.1,541,298
0.4,0.1,0.1,4,0.8,1.3,419,137
0.4,0.1,0.1,4,0.9,1.3,541,176
0.4,0.1,0.1,6,0.8,1.5,419,105
0.4,0.1,0.1,6,0.9,1.5,541,136
0.4,0.2,0.03,2,0.8,1.2,4653,2792
0.4,0.2,0.03,2,0.9,1.2,6005,3603
0.4,0.2,0.03,4,0.8,1.6,4653,1862
0.4,0.2,0.03,4,0.9,1.6,6005,2402
0.4,0.2,0.03,6,0.8,2.0,4653,1551
0.4,0.2,0.03,6,0.9,2.0,6005,2002
0.4,0.2,0.05,2,0.8,1.2,1676,1006
0.4,0.2,0.05,2,0.9,1.2,2162,1297
0.4,0.2,0.05,4,0.8,1.6,1676,671
0.4,0.2,0.05,4,0.9,1.6,2162,865
0.4,0.2,0.05,6,0.8,2.0,1676,559
0.4,0.2,0.05,6,0.9,2.0,2162,721
0.4,0.2,0.08,2,0.8,1.2,655,393
0.4,0.2,0.08,2,0.9,1.2,845,507
0.4,0.2,0.08,4,0.8,1.6,655,262
0.4,0.2,0.08,4,0.9,1.6,845,338
0.4,0.2,0.08,6,0.8,2.0,655,219
0.4,0.2,0.08,6,0.9,2.0,845,282
0.4,0.2,0.1,2,0.8,1.2,419,252
0.4,0.2,0.1,2,0.9,1.2,541,325
0.4,0.2,0.1,4,0.8,1.6,419,168
0.4,0.2,0.1,4,0.9,1.6,541,217
0.4,0.2,0.1,6,0.8,2.0,419,140
0.4,0.2,0.1,6,0.9,2.0,541,181
0.4,0.3,0.03,2,0.8,1.3,4653,3025
0.4,0.3,0.03,2,0.9,1.3,6005,3903
0.4,0.3,0.03,4,0.8,1.9,4653,2211
0.4,0.3,0.03,4,0.9,1.9,6005,2853
0.4,0.3,0.03,6,0.8,2.5,4653,1939
0.4,0.3,0.03,6,0.9,2.5,6005,2502
0.4,0.3,0.05,2,0.8,1.3,1676,1089
0.4,0.3,0.05,2,0.9,1.3,2162,1405
0.4,0.3,0.05,4,0.8,1.9,1676,796
0.4,0.3,0.05,4,0.9,1.9,2162,1027
0.4,0.3,0.05,6,0.8,2.5,1676,698
0.4,0.3,0.05,6,0.9,2.5,2162,901
0.4,0.3,0.08,2,0.8,1.3,655,426
0.4,0.3,0.08,2,0.9,1.3,845,549
0.4,0.3,0.08,4,0.8,1.9,655,311
0.4,0.3,0.08,4,0.9,1.9,845,402
0.4,0.3,0.08,6,0.8,2.5,655,273
0.4,0.3,0.08,6,0.9,2.5,845,352
0.4,0.3,0.1,2,0.8,1.3,419,273
0.4,0.3,0.1,2,0.9,1.3,541,352
0.4,0.3,0.1,4,0.8,1.9,419,199
0.4,0.3,0.1,4,0.9,1.9,541,257
0.4,0.3,0.1,6,0.8,2.5,419,175
0.4,0.3,0.1,6,0.9,2.5,541,226
