query_id	target_id	target_type	relevance
acctv2:nofilter:0001	aihub_cctv:train:crowd:E04_001	clip	3
acctv2:nofilter:0001	aihub_cctv:train:crowd:E04_002	clip	3
acctv2:nofilter:0001	aihub_cctv:train:crowd:E04_003	clip	3
acctv2:nofilter:0001	aihub_cctv:train:crowd:E04_004	clip	3
acctv2:nofilter:0001	aihub_cctv:train:crowd:E04_005	clip	3
acctv2:nofilter:0001	aihub_cctv:train:crowd:E04_006	clip	3
acctv2:nofilter:0001	aihub_cctv:train:crowd:E04_007	clip	3
acctv2:nofilter:0001	aihub_cctv:train:crowd:E04_008	clip	3
acctv2:nofilter:0001	aihub_cctv:train:crowd:E04_009	clip	3
acctv2:nofilter:0001	aihub_cctv:train:crowd:E04_010	clip	3
acctv2:nofilter:0001	aihub_cctv:train:crowd:E04_011	clip	3
acctv2:nofilter:0001	aihub_cctv:train:crowd:E04_012	clip	3
acctv2:nofilter:0001	aihub_cctv:train:crowd:E04_013	clip	3
acctv2:nofilter:0001	aihub_cctv:train:crowd:E04_014	clip	3
acctv2:nofilter:0001	aihub_cctv:train:crowd:E04_015	clip	3
acctv2:nofilter:0001	aihub_cctv:train:crowd:E04_016	clip	3
acctv2:nofilter:0001	aihub_cctv:train:crowd:E04_017	clip	3
acctv2:nofilter:0001	aihub_cctv:train:crowd:E04_018	clip	3
acctv2:nofilter:0001	aihub_cctv:train:crowd:E04_019	clip	3
acctv2:nofilter:0001	aihub_cctv:train:crowd:E04_020	clip	3
acctv2:nofilter:0001	aihub_cctv:train:crowd:E04_021	clip	3
acctv2:nofilter:0001	aihub_cctv:train:crowd:E04_022	clip	3
acctv2:nofilter:0001	aihub_cctv:train:crowd:E04_023	clip	3
acctv2:nofilter:0001	aihub_cctv:train:crowd:E04_024	clip	3
acctv2:nofilter:0001	aihub_cctv:train:crowd:E04_025	clip	3
acctv2:nofilter:0001	aihub_cctv:train:crowd:E04_026	clip	3
acctv2:nofilter:0001	aihub_cctv:train:crowd:E04_027	clip	3
acctv2:nofilter:0001	aihub_cctv:train:crowd:E04_028	clip	3
acctv2:nofilter:0001	aihub_cctv:train:crowd:E04_029	clip	3
acctv2:nofilter:0001	aihub_cctv:train:crowd:E04_030	clip	3
acctv2:nofilter:0001	aihub_cctv:train:crowd:E04_031	clip	3
acctv2:nofilter:0001	aihub_cctv:train:crowd:E04_032	clip	3
acctv2:nofilter:0001	aihub_cctv:train:crowd:E04_033	clip	3
acctv2:nofilter:0001	aihub_cctv:train:crowd:E04_034	clip	3
acctv2:nofilter:0001	aihub_cctv:train:crowd:E04_035	clip	3
acctv2:nofilter:0001	aihub_cctv:train:crowd:E04_036	clip	3
acctv2:nofilter:0001	aihub_cctv:train:crowd:E04_037	clip	3
acctv2:nofilter:0001	aihub_cctv:train:crowd:E04_038	clip	3
acctv2:nofilter:0001	aihub_cctv:train:crowd:E04_039	clip	3
acctv2:nofilter:0001	aihub_cctv:train:crowd:E04_040	clip	3
acctv2:nofilter:0001	aihub_cctv:train:crowd:E04_041	clip	3
acctv2:nofilter:0001	aihub_cctv:train:crowd:E04_042	clip	3
acctv2:nofilter:0001	aihub_cctv:train:crowd:E04_043	clip	3
acctv2:nofilter:0001	aihub_cctv:train:crowd:E04_044	clip	3
acctv2:nofilter:0001	aihub_cctv:train:crowd:E04_045	clip	3
acctv2:nofilter:0001	aihub_cctv:train:crowd:E04_046	clip	3
acctv2:nofilter:0001	aihub_cctv:train:crowd:E04_047	clip	3
acctv2:nofilter:0001	aihub_cctv:train:crowd:E04_048	clip	3
acctv2:nofilter:0001	aihub_cctv:train:crowd:E04_049	clip	3
acctv2:nofilter:0001	aihub_cctv:train:crowd:E04_050	clip	3
acctv2:nofilter:0001	aihub_cctv:train:crowd:E04_051	clip	3
acctv2:nofilter:0001	aihub_cctv:train:crowd:E04_052	clip	3
acctv2:nofilter:0001	aihub_cctv:train:crowd:E04_053	clip	3
acctv2:nofilter:0001	aihub_cctv:train:crowd:E04_054	clip	3
acctv2:nofilter:0001	aihub_cctv:train:crowd:E04_055	clip	3
acctv2:nofilter:0001	aihub_cctv:train:crowd:E04_056	clip	3
acctv2:nofilter:0001	aihub_cctv:val:crowd:E04_064	clip	3
acctv2:nofilter:0001	aihub_cctv:val:crowd:E04_065	clip	3
acctv2:nofilter:0001	aihub_cctv:val:crowd:E04_066	clip	3
acctv2:nofilter:0001	aihub_cctv:val:crowd:E04_067	clip	3
acctv2:nofilter:0001	aihub_cctv:val:crowd:E04_068	clip	3
acctv2:nofilter:0001	aihub_cctv:val:crowd:E04_069	clip	3
acctv2:nofilter:0001	aihub_cctv:val:crowd:E04_070	clip	3
acctv2:night:0002	aihub_cctv:train:crowd:E04_001	clip	3
acctv2:night:0002	aihub_cctv:train:crowd:E04_002	clip	3
acctv2:night:0002	aihub_cctv:train:crowd:E04_004	clip	3
acctv2:night:0002	aihub_cctv:train:crowd:E04_005	clip	3
acctv2:night:0002	aihub_cctv:train:crowd:E04_006	clip	3
acctv2:night:0002	aihub_cctv:train:crowd:E04_007	clip	3
acctv2:night:0002	aihub_cctv:train:crowd:E04_009	clip	3
acctv2:night:0002	aihub_cctv:train:crowd:E04_010	clip	3
acctv2:night:0002	aihub_cctv:train:crowd:E04_011	clip	3
acctv2:night:0002	aihub_cctv:train:crowd:E04_013	clip	3
acctv2:night:0002	aihub_cctv:train:crowd:E04_014	clip	3
acctv2:night:0002	aihub_cctv:train:crowd:E04_015	clip	3
acctv2:night:0002	aihub_cctv:train:crowd:E04_016	clip	3
acctv2:night:0002	aihub_cctv:train:crowd:E04_017	clip	3
acctv2:night:0002	aihub_cctv:train:crowd:E04_018	clip	3
acctv2:night:0002	aihub_cctv:train:crowd:E04_019	clip	3
acctv2:night:0002	aihub_cctv:train:crowd:E04_023	clip	3
acctv2:night:0002	aihub_cctv:train:crowd:E04_024	clip	3
acctv2:night:0002	aihub_cctv:train:crowd:E04_025	clip	3
acctv2:night:0002	aihub_cctv:train:crowd:E04_026	clip	3
acctv2:night:0002	aihub_cctv:train:crowd:E04_027	clip	3
acctv2:night:0002	aihub_cctv:train:crowd:E04_029	clip	3
acctv2:night:0002	aihub_cctv:train:crowd:E04_031	clip	3
acctv2:night:0002	aihub_cctv:train:crowd:E04_032	clip	3
acctv2:night:0002	aihub_cctv:train:crowd:E04_033	clip	3
acctv2:night:0002	aihub_cctv:train:crowd:E04_034	clip	3
acctv2:night:0002	aihub_cctv:train:crowd:E04_035	clip	3
acctv2:night:0002	aihub_cctv:train:crowd:E04_037	clip	3
acctv2:night:0002	aihub_cctv:train:crowd:E04_040	clip	3
acctv2:night:0002	aihub_cctv:train:crowd:E04_041	clip	3
acctv2:night:0002	aihub_cctv:train:crowd:E04_046	clip	3
acctv2:night:0002	aihub_cctv:train:crowd:E04_047	clip	3
acctv2:night:0002	aihub_cctv:train:crowd:E04_048	clip	3
acctv2:night:0002	aihub_cctv:train:crowd:E04_049	clip	3
acctv2:night:0002	aihub_cctv:train:crowd:E04_052	clip	3
acctv2:night:0002	aihub_cctv:train:crowd:E04_053	clip	3
acctv2:night:0002	aihub_cctv:train:crowd:E04_054	clip	3
acctv2:night:0002	aihub_cctv:train:crowd:E04_055	clip	3
acctv2:night:0002	aihub_cctv:train:crowd:E04_056	clip	3
acctv2:night:0002	aihub_cctv:val:crowd:E04_068	clip	3
acctv2:night:0003	aihub_cctv:train:crowd:E04_003	clip	3
acctv2:night:0003	aihub_cctv:train:crowd:E04_008	clip	3
acctv2:night:0003	aihub_cctv:train:crowd:E04_012	clip	3
acctv2:night:0003	aihub_cctv:train:crowd:E04_020	clip	3
acctv2:night:0003	aihub_cctv:train:crowd:E04_021	clip	3
acctv2:night:0003	aihub_cctv:train:crowd:E04_022	clip	3
acctv2:night:0003	aihub_cctv:train:crowd:E04_028	clip	3
acctv2:night:0003	aihub_cctv:train:crowd:E04_030	clip	3
acctv2:night:0003	aihub_cctv:train:crowd:E04_036	clip	3
acctv2:night:0003	aihub_cctv:train:crowd:E04_038	clip	3
acctv2:night:0003	aihub_cctv:train:crowd:E04_039	clip	3
acctv2:night:0003	aihub_cctv:train:crowd:E04_042	clip	3
acctv2:night:0003	aihub_cctv:train:crowd:E04_043	clip	3
acctv2:night:0003	aihub_cctv:train:crowd:E04_044	clip	3
acctv2:night:0003	aihub_cctv:train:crowd:E04_045	clip	3
acctv2:night:0003	aihub_cctv:train:crowd:E04_050	clip	3
acctv2:night:0003	aihub_cctv:train:crowd:E04_051	clip	3
acctv2:night:0003	aihub_cctv:val:crowd:E04_064	clip	3
acctv2:night:0003	aihub_cctv:val:crowd:E04_065	clip	3
acctv2:night:0003	aihub_cctv:val:crowd:E04_066	clip	3
acctv2:night:0003	aihub_cctv:val:crowd:E04_067	clip	3
acctv2:night:0003	aihub_cctv:val:crowd:E04_069	clip	3
acctv2:night:0003	aihub_cctv:val:crowd:E04_070	clip	3
acctv2:nofilter:0004	aihub_cctv:train:flood_level0_alley:E06_005	clip	3
acctv2:nofilter:0004	aihub_cctv:train:flood_level0_alley:E06_006	clip	3
acctv2:nofilter:0004	aihub_cctv:train:flood_level0_alley:E06_009	clip	3
acctv2:nofilter:0004	aihub_cctv:train:flood_level0_alley:E06_010	clip	3
acctv2:nofilter:0004	aihub_cctv:train:flood_level0_alley:E06_011	clip	3
acctv2:nofilter:0004	aihub_cctv:train:flood_level0_intersection:E06_001	clip	3
acctv2:nofilter:0004	aihub_cctv:train:flood_level0_road:E06_002	clip	3
acctv2:nofilter:0004	aihub_cctv:train:flood_level1_alley:E06_012	clip	3
acctv2:nofilter:0004	aihub_cctv:train:flood_level1_alley:E06_013	clip	3
acctv2:nofilter:0004	aihub_cctv:train:flood_level1_alley:E06_014	clip	3
acctv2:nofilter:0004	aihub_cctv:train:flood_level1_alley:E06_017	clip	3
acctv2:nofilter:0004	aihub_cctv:train:flood_level1_alley:E06_018	clip	3
acctv2:nofilter:0004	aihub_cctv:train:flood_level1_alley:E06_019	clip	3
acctv2:nofilter:0004	aihub_cctv:train:flood_level1_alley:E06_020	clip	3
acctv2:nofilter:0004	aihub_cctv:train:flood_level1_alley:E06_022	clip	3
acctv2:nofilter:0004	aihub_cctv:train:flood_level1_alley:E06_023	clip	3
acctv2:nofilter:0004	aihub_cctv:train:flood_level1_alley:E06_026	clip	3
acctv2:nofilter:0004	aihub_cctv:train:flood_level1_alley:E06_027	clip	3
acctv2:nofilter:0004	aihub_cctv:train:flood_level1_alley:E06_028	clip	3
acctv2:nofilter:0004	aihub_cctv:train:flood_level1_alley:E06_029	clip	3
acctv2:nofilter:0004	aihub_cctv:train:flood_level1_alley:E06_030	clip	3
acctv2:nofilter:0004	aihub_cctv:train:flood_level1_alley:E06_031	clip	3
acctv2:nofilter:0004	aihub_cctv:train:flood_level1_alley:E06_032	clip	3
acctv2:nofilter:0004	aihub_cctv:train:flood_level1_alley:E06_033	clip	3
acctv2:nofilter:0004	aihub_cctv:train:flood_level1_alley:E06_048	clip	3
acctv2:nofilter:0004	aihub_cctv:train:flood_level1_alley:E06_049	clip	3
acctv2:nofilter:0004	aihub_cctv:train:flood_level1_intersection:E06_004	clip	3
acctv2:nofilter:0004	aihub_cctv:train:flood_level1_intersection:E06_021	clip	3
acctv2:nofilter:0004	aihub_cctv:train:flood_level1_other:E06_034	clip	3
acctv2:nofilter:0004	aihub_cctv:train:flood_level1_other:E06_056	clip	3
acctv2:nofilter:0004	aihub_cctv:train:flood_level1_road:E06_003	clip	3
acctv2:nofilter:0004	aihub_cctv:train:flood_level1_road:E06_015	clip	3
acctv2:nofilter:0004	aihub_cctv:train:flood_level1_road:E06_016	clip	3
acctv2:nofilter:0004	aihub_cctv:train:flood_level1_road:E06_024	clip	3
acctv2:nofilter:0004	aihub_cctv:train:flood_level1_road:E06_025	clip	3
acctv2:nofilter:0004	aihub_cctv:train:flood_level1_road:E06_046	clip	3
acctv2:nofilter:0004	aihub_cctv:train:flood_level1_road:E06_047	clip	3
acctv2:nofilter:0004	aihub_cctv:train:flood_level2_alley:E06_035	clip	3
acctv2:nofilter:0004	aihub_cctv:train:flood_level2_alley:E06_036	clip	3
acctv2:nofilter:0004	aihub_cctv:train:flood_level2_alley:E06_037	clip	3
acctv2:nofilter:0004	aihub_cctv:train:flood_level2_alley:E06_038	clip	3
acctv2:nofilter:0004	aihub_cctv:train:flood_level2_alley:E06_039	clip	3
acctv2:nofilter:0004	aihub_cctv:train:flood_level2_alley:E06_040	clip	3
acctv2:nofilter:0004	aihub_cctv:train:flood_level2_alley:E06_041	clip	3
acctv2:nofilter:0004	aihub_cctv:train:flood_level2_alley:E06_042	clip	3
acctv2:nofilter:0004	aihub_cctv:train:flood_level2_alley:E06_043	clip	3
acctv2:nofilter:0004	aihub_cctv:val:flood_level0_road:E06_007	clip	3
acctv2:nofilter:0004	aihub_cctv:val:flood_level1_alley:E06_055	clip	3
acctv2:nofilter:0004	aihub_cctv:val:flood_level1_alley:E06_059	clip	3
acctv2:nofilter:0004	aihub_cctv:val:flood_level1_intersection:E06_052	clip	3
acctv2:nofilter:0004	aihub_cctv:val:flood_level1_other:E06_058	clip	3
acctv2:nofilter:0004	aihub_cctv:val:flood_level1_road:E06_053	clip	3
acctv2:nofilter:0004	aihub_cctv:val:flood_level2_alley:E06_060	clip	3
acctv2:night:0005	aihub_cctv:train:flood_level1_alley:E06_012	clip	3
acctv2:night:0005	aihub_cctv:train:flood_level1_alley:E06_013	clip	3
acctv2:night:0005	aihub_cctv:train:flood_level1_alley:E06_014	clip	3
acctv2:night:0005	aihub_cctv:train:flood_level1_alley:E06_017	clip	3
acctv2:night:0005	aihub_cctv:train:flood_level1_alley:E06_018	clip	3
acctv2:night:0005	aihub_cctv:train:flood_level1_alley:E06_019	clip	3
acctv2:night:0005	aihub_cctv:train:flood_level1_alley:E06_020	clip	3
acctv2:night:0005	aihub_cctv:train:flood_level1_alley:E06_022	clip	3
acctv2:night:0005	aihub_cctv:train:flood_level1_alley:E06_023	clip	3
acctv2:night:0005	aihub_cctv:train:flood_level1_alley:E06_026	clip	3
acctv2:night:0005	aihub_cctv:train:flood_level1_alley:E06_027	clip	3
acctv2:night:0005	aihub_cctv:train:flood_level1_alley:E06_048	clip	3
acctv2:night:0005	aihub_cctv:train:flood_level1_alley:E06_049	clip	3
acctv2:night:0005	aihub_cctv:train:flood_level1_intersection:E06_021	clip	3
acctv2:night:0005	aihub_cctv:train:flood_level1_other:E06_056	clip	3
acctv2:night:0005	aihub_cctv:train:flood_level1_road:E06_024	clip	3
acctv2:night:0005	aihub_cctv:train:flood_level1_road:E06_025	clip	3
acctv2:night:0005	aihub_cctv:train:flood_level1_road:E06_046	clip	3
acctv2:night:0005	aihub_cctv:train:flood_level1_road:E06_047	clip	3
acctv2:night:0005	aihub_cctv:train:flood_level2_alley:E06_035	clip	3
acctv2:night:0005	aihub_cctv:train:flood_level2_alley:E06_036	clip	3
acctv2:night:0005	aihub_cctv:train:flood_level2_alley:E06_037	clip	3
acctv2:night:0005	aihub_cctv:train:flood_level2_alley:E06_038	clip	3
acctv2:night:0005	aihub_cctv:train:flood_level2_alley:E06_039	clip	3
acctv2:night:0005	aihub_cctv:train:flood_level2_alley:E06_040	clip	3
acctv2:night:0005	aihub_cctv:train:flood_level2_alley:E06_041	clip	3
acctv2:night:0005	aihub_cctv:train:flood_level2_alley:E06_042	clip	3
acctv2:night:0005	aihub_cctv:train:flood_level2_alley:E06_043	clip	3
acctv2:night:0005	aihub_cctv:val:flood_level0_road:E06_007	clip	3
acctv2:night:0005	aihub_cctv:val:flood_level1_alley:E06_055	clip	3
acctv2:night:0005	aihub_cctv:val:flood_level1_alley:E06_059	clip	3
acctv2:night:0005	aihub_cctv:val:flood_level1_intersection:E06_052	clip	3
acctv2:night:0005	aihub_cctv:val:flood_level1_road:E06_053	clip	3
acctv2:night:0005	aihub_cctv:val:flood_level2_alley:E06_060	clip	3
acctv2:night:0006	aihub_cctv:train:flood_level0_alley:E06_005	clip	3
acctv2:night:0006	aihub_cctv:train:flood_level0_alley:E06_006	clip	3
acctv2:night:0006	aihub_cctv:train:flood_level0_alley:E06_009	clip	3
acctv2:night:0006	aihub_cctv:train:flood_level0_alley:E06_010	clip	3
acctv2:night:0006	aihub_cctv:train:flood_level0_alley:E06_011	clip	3
acctv2:night:0006	aihub_cctv:train:flood_level0_intersection:E06_001	clip	3
acctv2:night:0006	aihub_cctv:train:flood_level0_road:E06_002	clip	3
acctv2:night:0006	aihub_cctv:train:flood_level1_alley:E06_028	clip	3
acctv2:night:0006	aihub_cctv:train:flood_level1_alley:E06_029	clip	3
acctv2:night:0006	aihub_cctv:train:flood_level1_alley:E06_030	clip	3
acctv2:night:0006	aihub_cctv:train:flood_level1_alley:E06_031	clip	3
acctv2:night:0006	aihub_cctv:train:flood_level1_alley:E06_032	clip	3
acctv2:night:0006	aihub_cctv:train:flood_level1_alley:E06_033	clip	3
acctv2:night:0006	aihub_cctv:train:flood_level1_intersection:E06_004	clip	3
acctv2:night:0006	aihub_cctv:train:flood_level1_other:E06_034	clip	3
acctv2:night:0006	aihub_cctv:train:flood_level1_road:E06_003	clip	3
acctv2:night:0006	aihub_cctv:train:flood_level1_road:E06_015	clip	3
acctv2:night:0006	aihub_cctv:train:flood_level1_road:E06_016	clip	3
acctv2:night:0006	aihub_cctv:val:flood_level1_other:E06_058	clip	3
acctv2:place_type:0007	aihub_cctv:train:flood_level0_alley:E06_005	clip	3
acctv2:place_type:0007	aihub_cctv:train:flood_level0_alley:E06_006	clip	3
acctv2:place_type:0007	aihub_cctv:train:flood_level0_alley:E06_009	clip	3
acctv2:place_type:0007	aihub_cctv:train:flood_level0_alley:E06_010	clip	3
acctv2:place_type:0007	aihub_cctv:train:flood_level0_alley:E06_011	clip	3
acctv2:place_type:0007	aihub_cctv:train:flood_level1_alley:E06_012	clip	3
acctv2:place_type:0007	aihub_cctv:train:flood_level1_alley:E06_013	clip	3
acctv2:place_type:0007	aihub_cctv:train:flood_level1_alley:E06_014	clip	3
acctv2:place_type:0007	aihub_cctv:train:flood_level1_alley:E06_017	clip	3
acctv2:place_type:0007	aihub_cctv:train:flood_level1_alley:E06_018	clip	3
acctv2:place_type:0007	aihub_cctv:train:flood_level1_alley:E06_019	clip	3
acctv2:place_type:0007	aihub_cctv:train:flood_level1_alley:E06_020	clip	3
acctv2:place_type:0007	aihub_cctv:train:flood_level1_alley:E06_022	clip	3
acctv2:place_type:0007	aihub_cctv:train:flood_level1_alley:E06_023	clip	3
acctv2:place_type:0007	aihub_cctv:train:flood_level1_alley:E06_026	clip	3
acctv2:place_type:0007	aihub_cctv:train:flood_level1_alley:E06_027	clip	3
acctv2:place_type:0007	aihub_cctv:train:flood_level1_alley:E06_028	clip	3
acctv2:place_type:0007	aihub_cctv:train:flood_level1_alley:E06_029	clip	3
acctv2:place_type:0007	aihub_cctv:train:flood_level1_alley:E06_030	clip	3
acctv2:place_type:0007	aihub_cctv:train:flood_level1_alley:E06_031	clip	3
acctv2:place_type:0007	aihub_cctv:train:flood_level1_alley:E06_032	clip	3
acctv2:place_type:0007	aihub_cctv:train:flood_level1_alley:E06_033	clip	3
acctv2:place_type:0007	aihub_cctv:train:flood_level1_alley:E06_048	clip	3
acctv2:place_type:0007	aihub_cctv:train:flood_level1_alley:E06_049	clip	3
acctv2:place_type:0007	aihub_cctv:train:flood_level2_alley:E06_035	clip	3
acctv2:place_type:0007	aihub_cctv:train:flood_level2_alley:E06_036	clip	3
acctv2:place_type:0007	aihub_cctv:train:flood_level2_alley:E06_037	clip	3
acctv2:place_type:0007	aihub_cctv:train:flood_level2_alley:E06_038	clip	3
acctv2:place_type:0007	aihub_cctv:train:flood_level2_alley:E06_039	clip	3
acctv2:place_type:0007	aihub_cctv:train:flood_level2_alley:E06_040	clip	3
acctv2:place_type:0007	aihub_cctv:train:flood_level2_alley:E06_041	clip	3
acctv2:place_type:0007	aihub_cctv:train:flood_level2_alley:E06_042	clip	3
acctv2:place_type:0007	aihub_cctv:train:flood_level2_alley:E06_043	clip	3
acctv2:place_type:0007	aihub_cctv:val:flood_level1_alley:E06_055	clip	3
acctv2:place_type:0007	aihub_cctv:val:flood_level1_alley:E06_059	clip	3
acctv2:place_type:0007	aihub_cctv:val:flood_level2_alley:E06_060	clip	3
acctv2:place_type:0008	aihub_cctv:train:flood_level0_road:E06_002	clip	3
acctv2:place_type:0008	aihub_cctv:train:flood_level1_road:E06_003	clip	3
acctv2:place_type:0008	aihub_cctv:train:flood_level1_road:E06_015	clip	3
acctv2:place_type:0008	aihub_cctv:train:flood_level1_road:E06_016	clip	3
acctv2:place_type:0008	aihub_cctv:train:flood_level1_road:E06_024	clip	3
acctv2:place_type:0008	aihub_cctv:train:flood_level1_road:E06_025	clip	3
acctv2:place_type:0008	aihub_cctv:train:flood_level1_road:E06_046	clip	3
acctv2:place_type:0008	aihub_cctv:train:flood_level1_road:E06_047	clip	3
acctv2:place_type:0008	aihub_cctv:val:flood_level0_road:E06_007	clip	3
acctv2:place_type:0008	aihub_cctv:val:flood_level1_road:E06_053	clip	3
acctv2:nofilter:0009	aihub_cctv:train:intrusion:E01_001	clip	3
acctv2:nofilter:0009	aihub_cctv:train:intrusion:E01_002	clip	3
acctv2:nofilter:0009	aihub_cctv:train:intrusion:E01_003	clip	3
acctv2:nofilter:0009	aihub_cctv:train:intrusion:E01_004	clip	3
acctv2:nofilter:0009	aihub_cctv:train:intrusion:E01_005	clip	3
acctv2:nofilter:0009	aihub_cctv:train:intrusion:E01_006	clip	3
acctv2:nofilter:0009	aihub_cctv:train:intrusion:E01_007	clip	3
acctv2:nofilter:0009	aihub_cctv:train:intrusion:E01_008	clip	3
acctv2:nofilter:0009	aihub_cctv:train:intrusion:E01_009	clip	3
acctv2:nofilter:0009	aihub_cctv:train:intrusion:E01_010	clip	3
acctv2:nofilter:0009	aihub_cctv:train:intrusion:E01_011	clip	3
acctv2:nofilter:0009	aihub_cctv:train:intrusion:E01_012	clip	3
acctv2:nofilter:0009	aihub_cctv:train:intrusion:E01_013	clip	3
acctv2:nofilter:0009	aihub_cctv:train:intrusion:E01_014	clip	3
acctv2:nofilter:0009	aihub_cctv:train:intrusion:E01_015	clip	3
acctv2:nofilter:0009	aihub_cctv:train:intrusion:E01_016	clip	3
acctv2:nofilter:0009	aihub_cctv:train:intrusion:E01_017	clip	3
acctv2:nofilter:0009	aihub_cctv:train:intrusion:E01_018	clip	3
acctv2:nofilter:0009	aihub_cctv:train:intrusion:E01_019	clip	3
acctv2:nofilter:0009	aihub_cctv:train:intrusion:E01_020	clip	3
acctv2:nofilter:0009	aihub_cctv:train:intrusion:E01_021	clip	3
acctv2:nofilter:0009	aihub_cctv:train:intrusion:E01_022	clip	3
acctv2:nofilter:0009	aihub_cctv:train:intrusion:E01_023	clip	3
acctv2:nofilter:0009	aihub_cctv:train:intrusion:E01_024	clip	3
acctv2:nofilter:0009	aihub_cctv:train:intrusion:E01_025	clip	3
acctv2:nofilter:0009	aihub_cctv:train:intrusion:E01_026	clip	3
acctv2:nofilter:0009	aihub_cctv:train:intrusion:E01_027	clip	3
acctv2:nofilter:0009	aihub_cctv:train:intrusion:E01_028	clip	3
acctv2:nofilter:0009	aihub_cctv:train:intrusion:E01_029	clip	3
acctv2:nofilter:0009	aihub_cctv:train:intrusion:E01_030	clip	3
acctv2:nofilter:0009	aihub_cctv:train:intrusion:E01_031	clip	3
acctv2:nofilter:0009	aihub_cctv:train:intrusion:E01_032	clip	3
acctv2:nofilter:0009	aihub_cctv:train:intrusion:E01_033	clip	3
acctv2:nofilter:0009	aihub_cctv:train:intrusion:E01_034	clip	3
acctv2:nofilter:0009	aihub_cctv:train:intrusion:E01_035	clip	3
acctv2:nofilter:0009	aihub_cctv:train:intrusion:E01_036	clip	3
acctv2:nofilter:0009	aihub_cctv:train:intrusion:E01_037	clip	3
acctv2:nofilter:0009	aihub_cctv:train:intrusion:E01_038	clip	3
acctv2:nofilter:0009	aihub_cctv:train:intrusion:E01_039	clip	3
acctv2:nofilter:0009	aihub_cctv:train:intrusion:E01_040	clip	3
acctv2:nofilter:0009	aihub_cctv:train:intrusion:E01_041	clip	3
acctv2:nofilter:0009	aihub_cctv:train:intrusion:E01_042	clip	3
acctv2:nofilter:0009	aihub_cctv:train:intrusion:E01_043	clip	3
acctv2:nofilter:0009	aihub_cctv:train:intrusion:E01_044	clip	3
acctv2:nofilter:0009	aihub_cctv:train:intrusion:E01_045	clip	3
acctv2:nofilter:0009	aihub_cctv:val:intrusion:E01_051	clip	3
acctv2:nofilter:0009	aihub_cctv:val:intrusion:E01_052	clip	3
acctv2:nofilter:0009	aihub_cctv:val:intrusion:E01_053	clip	3
acctv2:nofilter:0009	aihub_cctv:val:intrusion:E01_054	clip	3
acctv2:nofilter:0009	aihub_cctv:val:intrusion:E01_055	clip	3
acctv2:night:0010	aihub_cctv:train:intrusion:E01_001	clip	3
acctv2:night:0010	aihub_cctv:train:intrusion:E01_002	clip	3
acctv2:night:0010	aihub_cctv:train:intrusion:E01_003	clip	3
acctv2:night:0010	aihub_cctv:train:intrusion:E01_004	clip	3
acctv2:night:0010	aihub_cctv:train:intrusion:E01_005	clip	3
acctv2:night:0010	aihub_cctv:train:intrusion:E01_006	clip	3
acctv2:night:0010	aihub_cctv:train:intrusion:E01_007	clip	3
acctv2:night:0010	aihub_cctv:train:intrusion:E01_008	clip	3
acctv2:night:0010	aihub_cctv:train:intrusion:E01_009	clip	3
acctv2:night:0010	aihub_cctv:train:intrusion:E01_010	clip	3
acctv2:night:0010	aihub_cctv:train:intrusion:E01_011	clip	3
acctv2:night:0010	aihub_cctv:train:intrusion:E01_012	clip	3
acctv2:night:0010	aihub_cctv:train:intrusion:E01_013	clip	3
acctv2:night:0010	aihub_cctv:train:intrusion:E01_014	clip	3
acctv2:night:0010	aihub_cctv:train:intrusion:E01_015	clip	3
acctv2:night:0010	aihub_cctv:train:intrusion:E01_016	clip	3
acctv2:night:0010	aihub_cctv:train:intrusion:E01_017	clip	3
acctv2:night:0010	aihub_cctv:train:intrusion:E01_018	clip	3
acctv2:night:0010	aihub_cctv:train:intrusion:E01_019	clip	3
acctv2:night:0010	aihub_cctv:train:intrusion:E01_020	clip	3
acctv2:night:0010	aihub_cctv:train:intrusion:E01_021	clip	3
acctv2:night:0010	aihub_cctv:train:intrusion:E01_022	clip	3
acctv2:night:0010	aihub_cctv:train:intrusion:E01_023	clip	3
acctv2:night:0010	aihub_cctv:train:intrusion:E01_024	clip	3
acctv2:night:0010	aihub_cctv:train:intrusion:E01_025	clip	3
acctv2:night:0010	aihub_cctv:train:intrusion:E01_026	clip	3
acctv2:night:0010	aihub_cctv:train:intrusion:E01_027	clip	3
acctv2:night:0010	aihub_cctv:train:intrusion:E01_028	clip	3
acctv2:night:0010	aihub_cctv:train:intrusion:E01_029	clip	3
acctv2:night:0010	aihub_cctv:train:intrusion:E01_030	clip	3
acctv2:night:0010	aihub_cctv:train:intrusion:E01_031	clip	3
acctv2:night:0010	aihub_cctv:train:intrusion:E01_032	clip	3
acctv2:night:0010	aihub_cctv:train:intrusion:E01_033	clip	3
acctv2:night:0010	aihub_cctv:train:intrusion:E01_034	clip	3
acctv2:night:0010	aihub_cctv:train:intrusion:E01_035	clip	3
acctv2:night:0010	aihub_cctv:train:intrusion:E01_036	clip	3
acctv2:night:0010	aihub_cctv:train:intrusion:E01_037	clip	3
acctv2:night:0010	aihub_cctv:train:intrusion:E01_038	clip	3
acctv2:night:0010	aihub_cctv:train:intrusion:E01_039	clip	3
acctv2:night:0010	aihub_cctv:train:intrusion:E01_040	clip	3
acctv2:night:0010	aihub_cctv:train:intrusion:E01_041	clip	3
acctv2:night:0010	aihub_cctv:train:intrusion:E01_042	clip	3
acctv2:night:0010	aihub_cctv:train:intrusion:E01_043	clip	3
acctv2:night:0010	aihub_cctv:train:intrusion:E01_044	clip	3
acctv2:night:0010	aihub_cctv:train:intrusion:E01_045	clip	3
acctv2:night:0010	aihub_cctv:val:intrusion:E01_051	clip	3
acctv2:night:0010	aihub_cctv:val:intrusion:E01_052	clip	3
acctv2:night:0010	aihub_cctv:val:intrusion:E01_053	clip	3
acctv2:night:0010	aihub_cctv:val:intrusion:E01_054	clip	3
acctv2:night:0010	aihub_cctv:val:intrusion:E01_055	clip	3
acctv2:nofilter:0011	aihub_cctv:train:fall:E02_001	clip	3
acctv2:nofilter:0011	aihub_cctv:train:fall:E02_002	clip	3
acctv2:nofilter:0011	aihub_cctv:train:fall:E02_003	clip	3
acctv2:nofilter:0011	aihub_cctv:train:fall:E02_004	clip	3
acctv2:nofilter:0011	aihub_cctv:train:fall:E02_005	clip	3
acctv2:nofilter:0011	aihub_cctv:train:fall:E02_006	clip	3
acctv2:nofilter:0011	aihub_cctv:train:fall:E02_007	clip	3
acctv2:nofilter:0011	aihub_cctv:train:fall:E02_008	clip	3
acctv2:nofilter:0011	aihub_cctv:train:fall:E02_009	clip	3
acctv2:nofilter:0011	aihub_cctv:train:fall:E02_010	clip	3
acctv2:nofilter:0011	aihub_cctv:train:fall:E02_011	clip	3
acctv2:nofilter:0011	aihub_cctv:train:fall:E02_012	clip	3
acctv2:nofilter:0011	aihub_cctv:train:fall:E02_013	clip	3
acctv2:nofilter:0011	aihub_cctv:train:fall:E02_014	clip	3
acctv2:nofilter:0011	aihub_cctv:train:fall:E02_015	clip	3
acctv2:nofilter:0011	aihub_cctv:train:fall:E02_016	clip	3
acctv2:nofilter:0011	aihub_cctv:train:fall:E02_017	clip	3
acctv2:nofilter:0011	aihub_cctv:train:fall:E02_018	clip	3
acctv2:nofilter:0011	aihub_cctv:train:fall:E02_019	clip	3
acctv2:nofilter:0011	aihub_cctv:train:fall:E02_020	clip	3
acctv2:nofilter:0011	aihub_cctv:train:fall:E02_021	clip	3
acctv2:nofilter:0011	aihub_cctv:train:fall:E02_022	clip	3
acctv2:nofilter:0011	aihub_cctv:train:fall:E02_023	clip	3
acctv2:nofilter:0011	aihub_cctv:train:fall:E02_024	clip	3
acctv2:nofilter:0011	aihub_cctv:train:fall:E02_025	clip	3
acctv2:nofilter:0011	aihub_cctv:train:fall:E02_026	clip	3
acctv2:nofilter:0011	aihub_cctv:train:fall:E02_027	clip	3
acctv2:nofilter:0011	aihub_cctv:train:fall:E02_028	clip	3
acctv2:nofilter:0011	aihub_cctv:train:fall:E02_029	clip	3
acctv2:nofilter:0011	aihub_cctv:train:fall:E02_030	clip	3
acctv2:nofilter:0011	aihub_cctv:train:fall:E02_031	clip	3
acctv2:nofilter:0011	aihub_cctv:train:fall:E02_032	clip	3
acctv2:nofilter:0011	aihub_cctv:train:fall:E02_033	clip	3
acctv2:nofilter:0011	aihub_cctv:train:fall:E02_034	clip	3
acctv2:nofilter:0011	aihub_cctv:train:fall:E02_035	clip	3
acctv2:nofilter:0011	aihub_cctv:val:fall:E02_041	clip	3
acctv2:nofilter:0011	aihub_cctv:val:fall:E02_042	clip	3
acctv2:nofilter:0011	aihub_cctv:val:fall:E02_043	clip	3
acctv2:nofilter:0011	aihub_cctv:val:fall:E02_044	clip	3
acctv2:nofilter:0011	aihub_cctv:val:fall:E02_045	clip	3
acctv2:night:0012	aihub_cctv:train:fall:E02_003	clip	3
acctv2:night:0012	aihub_cctv:train:fall:E02_005	clip	3
acctv2:night:0012	aihub_cctv:train:fall:E02_007	clip	3
acctv2:night:0012	aihub_cctv:train:fall:E02_009	clip	3
acctv2:night:0012	aihub_cctv:train:fall:E02_010	clip	3
acctv2:night:0012	aihub_cctv:train:fall:E02_012	clip	3
acctv2:night:0012	aihub_cctv:train:fall:E02_013	clip	3
acctv2:night:0012	aihub_cctv:train:fall:E02_014	clip	3
acctv2:night:0012	aihub_cctv:train:fall:E02_015	clip	3
acctv2:night:0012	aihub_cctv:train:fall:E02_016	clip	3
acctv2:night:0012	aihub_cctv:train:fall:E02_017	clip	3
acctv2:night:0012	aihub_cctv:train:fall:E02_021	clip	3
acctv2:night:0012	aihub_cctv:train:fall:E02_022	clip	3
acctv2:night:0012	aihub_cctv:train:fall:E02_024	clip	3
acctv2:night:0012	aihub_cctv:train:fall:E02_026	clip	3
acctv2:night:0012	aihub_cctv:train:fall:E02_027	clip	3
acctv2:night:0012	aihub_cctv:train:fall:E02_030	clip	3
acctv2:night:0012	aihub_cctv:train:fall:E02_031	clip	3
acctv2:night:0012	aihub_cctv:train:fall:E02_032	clip	3
acctv2:night:0012	aihub_cctv:train:fall:E02_033	clip	3
acctv2:night:0012	aihub_cctv:train:fall:E02_035	clip	3
acctv2:night:0012	aihub_cctv:val:fall:E02_042	clip	3
acctv2:night:0012	aihub_cctv:val:fall:E02_043	clip	3
acctv2:night:0012	aihub_cctv:val:fall:E02_044	clip	3
acctv2:night:0012	aihub_cctv:val:fall:E02_045	clip	3
acctv2:night:0013	aihub_cctv:train:fall:E02_001	clip	3
acctv2:night:0013	aihub_cctv:train:fall:E02_002	clip	3
acctv2:night:0013	aihub_cctv:train:fall:E02_004	clip	3
acctv2:night:0013	aihub_cctv:train:fall:E02_006	clip	3
acctv2:night:0013	aihub_cctv:train:fall:E02_008	clip	3
acctv2:night:0013	aihub_cctv:train:fall:E02_011	clip	3
acctv2:night:0013	aihub_cctv:train:fall:E02_018	clip	3
acctv2:night:0013	aihub_cctv:train:fall:E02_019	clip	3
acctv2:night:0013	aihub_cctv:train:fall:E02_020	clip	3
acctv2:night:0013	aihub_cctv:train:fall:E02_023	clip	3
acctv2:night:0013	aihub_cctv:train:fall:E02_025	clip	3
acctv2:night:0013	aihub_cctv:train:fall:E02_028	clip	3
acctv2:night:0013	aihub_cctv:train:fall:E02_029	clip	3
acctv2:night:0013	aihub_cctv:train:fall:E02_034	clip	3
acctv2:night:0013	aihub_cctv:val:fall:E02_041	clip	3
acctv2:nofilter:0014	aihub_cctv:train:crowd_density_halloween_minus1_fri:E05_001	clip	3
acctv2:nofilter:0014	aihub_cctv:train:crowd_density_halloween_minus1_fri:E05_002	clip	3
acctv2:nofilter:0014	aihub_cctv:train:crowd_density_halloween_minus1_fri:E05_003	clip	3
acctv2:nofilter:0014	aihub_cctv:train:crowd_density_halloween_minus1_fri:E05_004	clip	3
acctv2:nofilter:0014	aihub_cctv:train:crowd_density_halloween_minus1_sat:E05_007	clip	3
acctv2:nofilter:0014	aihub_cctv:train:crowd_density_halloween_minus1_sat:E05_008	clip	3
acctv2:nofilter:0014	aihub_cctv:train:crowd_density_halloween_minus1_sat:E05_009	clip	3
acctv2:nofilter:0014	aihub_cctv:train:crowd_density_halloween_minus1_sat:E05_010	clip	3
acctv2:nofilter:0014	aihub_cctv:train:crowd_density_halloween_minus1_sat:E05_011	clip	3
acctv2:nofilter:0014	aihub_cctv:train:crowd_density_halloween_minus1_sat:E05_012	clip	3
acctv2:nofilter:0014	aihub_cctv:train:crowd_density_halloween_minus1_sat:E05_013	clip	3
acctv2:nofilter:0014	aihub_cctv:train:crowd_density_halloween_week_fri:E05_035	clip	3
acctv2:nofilter:0014	aihub_cctv:train:crowd_density_halloween_week_fri:E05_036	clip	3
acctv2:nofilter:0014	aihub_cctv:train:crowd_density_halloween_week_fri:E05_037	clip	3
acctv2:nofilter:0014	aihub_cctv:train:crowd_density_halloween_week_fri:E05_038	clip	3
acctv2:nofilter:0014	aihub_cctv:train:crowd_density_halloween_week_sun:E05_016	clip	3
acctv2:nofilter:0014	aihub_cctv:train:crowd_density_halloween_week_sun:E05_017	clip	3
acctv2:nofilter:0014	aihub_cctv:train:crowd_density_halloween_week_sun:E05_018	clip	3
acctv2:nofilter:0014	aihub_cctv:train:crowd_density_halloween_week_sun:E05_019	clip	3
acctv2:nofilter:0014	aihub_cctv:train:crowd_density_halloween_week_sun:E05_020	clip	3
acctv2:nofilter:0014	aihub_cctv:train:crowd_density_halloween_week_sun:E05_021	clip	3
acctv2:nofilter:0014	aihub_cctv:train:crowd_density_halloween_week_sun:E05_022	clip	3
acctv2:nofilter:0014	aihub_cctv:train:crowd_density_halloween_week_sun:E05_023	clip	3
acctv2:nofilter:0014	aihub_cctv:train:crowd_density_halloween_week_sun:E05_024	clip	3
acctv2:nofilter:0014	aihub_cctv:train:crowd_density_halloween_week_sun:E05_025	clip	3
acctv2:nofilter:0014	aihub_cctv:train:crowd_density_halloween_week_sun:E05_026	clip	3
acctv2:nofilter:0014	aihub_cctv:train:crowd_density_halloween_week_thu:E05_027	clip	3
acctv2:nofilter:0014	aihub_cctv:train:crowd_density_halloween_week_thu:E05_028	clip	3
acctv2:nofilter:0014	aihub_cctv:train:crowd_density_halloween_week_thu:E05_029	clip	3
acctv2:nofilter:0014	aihub_cctv:train:crowd_density_halloween_week_thu:E05_030	clip	3
acctv2:nofilter:0014	aihub_cctv:train:crowd_density_halloween_week_thu:E05_031	clip	3
acctv2:nofilter:0014	aihub_cctv:train:crowd_density_halloween_week_thu:E05_032	clip	3
acctv2:nofilter:0014	aihub_cctv:val:crowd_density_halloween_minus1_fri:E05_006	clip	3
acctv2:nofilter:0014	aihub_cctv:val:crowd_density_halloween_minus1_sat:E05_015	clip	3
acctv2:nofilter:0014	aihub_cctv:val:crowd_density_halloween_week_fri:E05_040	clip	3
acctv2:nofilter:0014	aihub_cctv:val:crowd_density_halloween_week_thu:E05_034	clip	3
acctv2:night:0015	aihub_cctv:train:crowd_density_halloween_minus1_fri:E05_001	clip	3
acctv2:night:0015	aihub_cctv:train:crowd_density_halloween_minus1_fri:E05_002	clip	3
acctv2:night:0015	aihub_cctv:train:crowd_density_halloween_minus1_fri:E05_003	clip	3
acctv2:night:0015	aihub_cctv:train:crowd_density_halloween_minus1_fri:E05_004	clip	3
acctv2:night:0015	aihub_cctv:train:crowd_density_halloween_minus1_sat:E05_007	clip	3
acctv2:night:0015	aihub_cctv:train:crowd_density_halloween_minus1_sat:E05_008	clip	3
acctv2:night:0015	aihub_cctv:train:crowd_density_halloween_minus1_sat:E05_009	clip	3
acctv2:night:0015	aihub_cctv:train:crowd_density_halloween_minus1_sat:E05_010	clip	3
acctv2:night:0015	aihub_cctv:train:crowd_density_halloween_minus1_sat:E05_011	clip	3
acctv2:night:0015	aihub_cctv:train:crowd_density_halloween_minus1_sat:E05_012	clip	3
acctv2:night:0015	aihub_cctv:train:crowd_density_halloween_minus1_sat:E05_013	clip	3
acctv2:night:0015	aihub_cctv:train:crowd_density_halloween_week_fri:E05_035	clip	3
acctv2:night:0015	aihub_cctv:train:crowd_density_halloween_week_fri:E05_036	clip	3
acctv2:night:0015	aihub_cctv:train:crowd_density_halloween_week_fri:E05_037	clip	3
acctv2:night:0015	aihub_cctv:train:crowd_density_halloween_week_fri:E05_038	clip	3
acctv2:night:0015	aihub_cctv:train:crowd_density_halloween_week_sun:E05_016	clip	3
acctv2:night:0015	aihub_cctv:train:crowd_density_halloween_week_sun:E05_017	clip	3
acctv2:night:0015	aihub_cctv:train:crowd_density_halloween_week_sun:E05_018	clip	3
acctv2:night:0015	aihub_cctv:train:crowd_density_halloween_week_sun:E05_019	clip	3
acctv2:night:0015	aihub_cctv:train:crowd_density_halloween_week_sun:E05_020	clip	3
acctv2:night:0015	aihub_cctv:train:crowd_density_halloween_week_sun:E05_021	clip	3
acctv2:night:0015	aihub_cctv:train:crowd_density_halloween_week_sun:E05_022	clip	3
acctv2:night:0015	aihub_cctv:train:crowd_density_halloween_week_sun:E05_023	clip	3
acctv2:night:0015	aihub_cctv:train:crowd_density_halloween_week_sun:E05_024	clip	3
acctv2:night:0015	aihub_cctv:train:crowd_density_halloween_week_sun:E05_025	clip	3
acctv2:night:0015	aihub_cctv:train:crowd_density_halloween_week_sun:E05_026	clip	3
acctv2:night:0015	aihub_cctv:train:crowd_density_halloween_week_thu:E05_027	clip	3
acctv2:night:0015	aihub_cctv:train:crowd_density_halloween_week_thu:E05_028	clip	3
acctv2:night:0015	aihub_cctv:train:crowd_density_halloween_week_thu:E05_029	clip	3
acctv2:night:0015	aihub_cctv:train:crowd_density_halloween_week_thu:E05_030	clip	3
acctv2:night:0015	aihub_cctv:train:crowd_density_halloween_week_thu:E05_031	clip	3
acctv2:night:0015	aihub_cctv:train:crowd_density_halloween_week_thu:E05_032	clip	3
acctv2:night:0015	aihub_cctv:val:crowd_density_halloween_minus1_fri:E05_006	clip	3
acctv2:night:0015	aihub_cctv:val:crowd_density_halloween_minus1_sat:E05_015	clip	3
acctv2:night:0015	aihub_cctv:val:crowd_density_halloween_week_fri:E05_040	clip	3
acctv2:night:0015	aihub_cctv:val:crowd_density_halloween_week_thu:E05_034	clip	3
acctv2:nofilter:0016	aihub_cctv:train:fight:E03_001	clip	3
acctv2:nofilter:0016	aihub_cctv:train:fight:E03_002	clip	3
acctv2:nofilter:0016	aihub_cctv:train:fight:E03_003	clip	3
acctv2:nofilter:0016	aihub_cctv:train:fight:E03_004	clip	3
acctv2:nofilter:0016	aihub_cctv:train:fight:E03_005	clip	3
acctv2:nofilter:0016	aihub_cctv:train:fight:E03_006	clip	3
acctv2:nofilter:0016	aihub_cctv:train:fight:E03_007	clip	3
acctv2:nofilter:0016	aihub_cctv:train:fight:E03_008	clip	3
acctv2:nofilter:0016	aihub_cctv:train:fight:E03_009	clip	3
acctv2:nofilter:0016	aihub_cctv:train:fight:E03_010	clip	3
acctv2:nofilter:0016	aihub_cctv:train:fight:E03_011	clip	3
acctv2:nofilter:0016	aihub_cctv:train:fight:E03_012	clip	3
acctv2:nofilter:0016	aihub_cctv:train:fight:E03_013	clip	3
acctv2:nofilter:0016	aihub_cctv:train:fight:E03_014	clip	3
acctv2:nofilter:0016	aihub_cctv:train:fight:E03_015	clip	3
acctv2:nofilter:0016	aihub_cctv:train:fight:E03_016	clip	3
acctv2:nofilter:0016	aihub_cctv:train:fight:E03_017	clip	3
acctv2:nofilter:0016	aihub_cctv:train:fight:E03_018	clip	3
acctv2:nofilter:0016	aihub_cctv:train:fight:E03_019	clip	3
acctv2:nofilter:0016	aihub_cctv:train:fight:E03_020	clip	3
acctv2:nofilter:0016	aihub_cctv:train:fight:E03_021	clip	3
acctv2:nofilter:0016	aihub_cctv:train:fight:E03_022	clip	3
acctv2:nofilter:0016	aihub_cctv:train:fight:E03_023	clip	3
acctv2:nofilter:0016	aihub_cctv:train:fight:E03_024	clip	3
acctv2:nofilter:0016	aihub_cctv:val:fight:E03_028	clip	3
acctv2:nofilter:0016	aihub_cctv:val:fight:E03_029	clip	3
acctv2:nofilter:0016	aihub_cctv:val:fight:E03_030	clip	3
acctv2:night:0017	aihub_cctv:train:fight:E03_001	clip	3
acctv2:night:0017	aihub_cctv:train:fight:E03_002	clip	3
acctv2:night:0017	aihub_cctv:train:fight:E03_003	clip	3
acctv2:night:0017	aihub_cctv:train:fight:E03_004	clip	3
acctv2:night:0017	aihub_cctv:train:fight:E03_005	clip	3
acctv2:night:0017	aihub_cctv:train:fight:E03_006	clip	3
acctv2:night:0017	aihub_cctv:train:fight:E03_008	clip	3
acctv2:night:0017	aihub_cctv:train:fight:E03_010	clip	3
acctv2:night:0017	aihub_cctv:train:fight:E03_011	clip	3
acctv2:night:0017	aihub_cctv:train:fight:E03_012	clip	3
acctv2:night:0017	aihub_cctv:train:fight:E03_018	clip	3
acctv2:night:0017	aihub_cctv:train:fight:E03_019	clip	3
acctv2:night:0017	aihub_cctv:train:fight:E03_020	clip	3
acctv2:night:0017	aihub_cctv:train:fight:E03_023	clip	3
acctv2:night:0017	aihub_cctv:train:fight:E03_024	clip	3
acctv2:night:0017	aihub_cctv:val:fight:E03_028	clip	3
acctv2:night:0017	aihub_cctv:val:fight:E03_030	clip	3
acctv2:night:0018	aihub_cctv:train:fight:E03_007	clip	3
acctv2:night:0018	aihub_cctv:train:fight:E03_009	clip	3
acctv2:night:0018	aihub_cctv:train:fight:E03_013	clip	3
acctv2:night:0018	aihub_cctv:train:fight:E03_014	clip	3
acctv2:night:0018	aihub_cctv:train:fight:E03_015	clip	3
acctv2:night:0018	aihub_cctv:train:fight:E03_016	clip	3
acctv2:night:0018	aihub_cctv:train:fight:E03_017	clip	3
acctv2:night:0018	aihub_cctv:train:fight:E03_021	clip	3
acctv2:night:0018	aihub_cctv:train:fight:E03_022	clip	3
acctv2:night:0018	aihub_cctv:val:fight:E03_029	clip	3
