engine,condition,predicate,kind,pair,selectivity,subset,gt_cluster_med_rank,recall_at_10,r_lo,r_hi,p50_ms_clientRT,flat_cutoff,flat_path,filter_strategy
weaviate,w1,location==BC2000801,natural,location==BC2000801,0.08644,11455,1000.0,1.0,1.0,1.0,6.154,40000,True,"acorn (server default, verified via live schema read-back 2026-07-12)"
weaviate,w1,CTRL(s=0.0864)|location==BC2000801,control,location==BC2000801,0.08644,11455,61.0,0.9999,0.9997,1.0,7.436,40000,True,"acorn (server default, verified via live schema read-back 2026-07-12)"
weaviate,w1,location==중동사거리,natural,location==중동사거리,0.04851,6429,1000.0,0.9961,0.9948,0.9972,5.346,40000,True,"acorn (server default, verified via live schema read-back 2026-07-12)"
weaviate,w1,CTRL(s=0.0485)|location==중동사거리,control,location==중동사거리,0.04851,6429,109.0,0.9999,0.9997,1.0,5.903,40000,True,"acorn (server default, verified via live schema read-back 2026-07-12)"
weaviate,w1,location==원골네거리,natural,location==원골네거리,0.04678,6199,1000.0,0.9963,0.9951,0.9974,4.987,40000,True,"acorn (server default, verified via live schema read-back 2026-07-12)"
weaviate,w1,CTRL(s=0.0468)|location==원골네거리,control,location==원골네거리,0.04678,6199,111.9,1.0,1.0,1.0,6.128,40000,True,"acorn (server default, verified via live schema read-back 2026-07-12)"
weaviate,w1,location==연구단지네거리,natural,location==연구단지네거리,0.04417,5853,1000.0,0.9943,0.9928,0.9956,5.502,40000,True,"acorn (server default, verified via live schema read-back 2026-07-12)"
weaviate,w1,CTRL(s=0.0442)|location==연구단지네거리,control,location==연구단지네거리,0.04417,5853,117.2,1.0,1.0,1.0,5.641,40000,True,"acorn (server default, verified via live schema read-back 2026-07-12)"
weaviate,w1,location==삼정고가교,natural,location==삼정고가교,0.04187,5548,1000.0,1.0,1.0,1.0,4.817,40000,True,"acorn (server default, verified via live schema read-back 2026-07-12)"
weaviate,w1,CTRL(s=0.0419)|location==삼정고가교,control,location==삼정고가교,0.04187,5548,123.8,0.9997,0.9993,1.0,5.873,40000,True,"acorn (server default, verified via live schema read-back 2026-07-12)"
weaviate,w1,location==계룡대교네거리,natural,location==계룡대교네거리,0.03898,5166,1000.0,0.9951,0.9937,0.9963,4.699,40000,True,"acorn (server default, verified via live schema read-back 2026-07-12)"
weaviate,w1,CTRL(s=0.0390)|location==계룡대교네거리,control,location==계룡대교네거리,0.03898,5166,130.5,0.9999,0.9997,1.0,5.561,40000,True,"acorn (server default, verified via live schema read-back 2026-07-12)"
weaviate,w1,date==20200907,natural,date==20200907,0.0769,10191,1000.0,0.9951,0.9937,0.9964,6.173,40000,True,"acorn (server default, verified via live schema read-back 2026-07-12)"
weaviate,w1,CTRL(s=0.0769)|date==20200907,control,date==20200907,0.0769,10191,68.5,1.0,1.0,1.0,7.332,40000,True,"acorn (server default, verified via live schema read-back 2026-07-12)"
weaviate,w1,date==20200908,natural,date==20200908,0.06477,8583,1000.0,0.997,0.9959,0.998,5.435,40000,True,"acorn (server default, verified via live schema read-back 2026-07-12)"
weaviate,w1,CTRL(s=0.0648)|date==20200908,control,date==20200908,0.06477,8583,81.7,0.9999,0.9997,1.0,6.495,40000,True,"acorn (server default, verified via live schema read-back 2026-07-12)"
weaviate,w1,date==20200909,natural,date==20200909,0.06105,8090,1000.0,0.9967,0.9955,0.9977,5.867,40000,True,"acorn (server default, verified via live schema read-back 2026-07-12)"
weaviate,w1,CTRL(s=0.0610)|date==20200909,control,date==20200909,0.06105,8090,85.4,0.9999,0.9997,1.0,6.748,40000,True,"acorn (server default, verified via live schema read-back 2026-07-12)"
weaviate,w1,date==20200915,natural,date==20200915,0.04934,6538,1000.0,0.9963,0.9951,0.9974,5.368,40000,True,"acorn (server default, verified via live schema read-back 2026-07-12)"
weaviate,w1,CTRL(s=0.0493)|date==20200915,control,date==20200915,0.04934,6538,109.7,1.0,1.0,1.0,5.89,40000,True,"acorn (server default, verified via live schema read-back 2026-07-12)"
weaviate,w1,hour==01,natural,hour==01,0.02637,3494,1000.0,0.9983,0.9975,0.9991,4.584,40000,True,"acorn (server default, verified via live schema read-back 2026-07-12)"
weaviate,w1,CTRL(s=0.0264)|hour==01,control,hour==01,0.02637,3494,197.6,1.0,1.0,1.0,5.206,40000,True,"acorn (server default, verified via live schema read-back 2026-07-12)"
weaviate,w1,hour==02,natural,hour==02,0.06573,8711,1000.0,0.9977,0.9967,0.9986,5.577,40000,True,"acorn (server default, verified via live schema read-back 2026-07-12)"
weaviate,w1,CTRL(s=0.0657)|hour==02,control,hour==02,0.06573,8711,75.0,0.9999,0.9997,1.0,6.55,40000,True,"acorn (server default, verified via live schema read-back 2026-07-12)"
weaviate,w1,hour==05,natural,hour==05,0.05311,7038,1000.0,0.998,0.9971,0.9988,5.529,40000,True,"acorn (server default, verified via live schema read-back 2026-07-12)"
weaviate,w1,CTRL(s=0.0531)|hour==05,control,hour==05,0.05311,7038,95.5,1.0,1.0,1.0,6.764,40000,True,"acorn (server default, verified via live schema read-back 2026-07-12)"
weaviate,w1,hour==06,natural,hour==06,0.18291,24239,233.0,0.9985,0.9977,0.9992,10.062,40000,True,"acorn (server default, verified via live schema read-back 2026-07-12)"
weaviate,w1,CTRL(s=0.1829)|hour==06,control,hour==06,0.18291,24239,28.2,0.9996,0.9992,0.9999,14.221,40000,True,"acorn (server default, verified via live schema read-back 2026-07-12)"
weaviate,w1,hour==07,natural,hour==07,0.0474,6281,1000.0,0.9988,0.9981,0.9994,5.318,40000,True,"acorn (server default, verified via live schema read-back 2026-07-12)"
weaviate,w1,CTRL(s=0.0474)|hour==07,control,hour==07,0.0474,6281,110.8,1.0,1.0,1.0,6.147,40000,True,"acorn (server default, verified via live schema read-back 2026-07-12)"
weaviate,w1,hour==08,natural,hour==08,0.02978,3947,1000.0,0.9982,0.9973,0.999,4.872,40000,True,"acorn (server default, verified via live schema read-back 2026-07-12)"
weaviate,w1,CTRL(s=0.0298)|hour==08,control,hour==08,0.02978,3947,170.1,1.0,1.0,1.0,5.766,40000,True,"acorn (server default, verified via live schema read-back 2026-07-12)"
weaviate,w1,hour==11,natural,hour==11,0.05464,7241,1000.0,0.9985,0.9977,0.9992,5.449,40000,True,"acorn (server default, verified via live schema read-back 2026-07-12)"
weaviate,w1,CTRL(s=0.0546)|hour==11,control,hour==11,0.05464,7241,96.1,1.0,1.0,1.0,6.367,40000,True,"acorn (server default, verified via live schema read-back 2026-07-12)"
weaviate,w1,hour==12,natural,hour==12,0.15815,20958,175.4,0.9977,0.9967,0.9986,11.359,40000,True,"acorn (server default, verified via live schema read-back 2026-07-12)"
weaviate,w1,CTRL(s=0.1581)|hour==12,control,hour==12,0.15815,20958,32.0,1.0,1.0,1.0,12.419,40000,True,"acorn (server default, verified via live schema read-back 2026-07-12)"
weaviate,w1,hour==13,natural,hour==13,0.04921,6522,1000.0,0.9989,0.9982,0.9995,9.851,40000,True,"acorn (server default, verified via live schema read-back 2026-07-12)"
weaviate,w1,CTRL(s=0.0492)|hour==13,control,hour==13,0.04921,6522,105.9,0.9999,0.9997,1.0,11.859,40000,True,"acorn (server default, verified via live schema read-back 2026-07-12)"
weaviate,w1,hour==14,natural,hour==14,0.0449,5950,1000.0,0.9977,0.9967,0.9986,7.029,40000,True,"acorn (server default, verified via live schema read-back 2026-07-12)"
weaviate,w1,CTRL(s=0.0449)|hour==14,control,hour==14,0.0449,5950,116.5,0.9997,0.9993,1.0,6.864,40000,True,"acorn (server default, verified via live schema read-back 2026-07-12)"
weaviate,w1,hour==16,natural,hour==16,0.03445,4565,1000.0,0.9984,0.9976,0.9991,5.745,40000,True,"acorn (server default, verified via live schema read-back 2026-07-12)"
weaviate,w1,CTRL(s=0.0344)|hour==16,control,hour==16,0.03445,4565,148.7,1.0,1.0,1.0,6.393,40000,True,"acorn (server default, verified via live schema read-back 2026-07-12)"
weaviate,w1,hour==17,natural,hour==17,0.12603,16702,218.4,0.9985,0.9977,0.9992,9.431,40000,True,"acorn (server default, verified via live schema read-back 2026-07-12)"
weaviate,w1,CTRL(s=0.1260)|hour==17,control,hour==17,0.12603,16702,40.2,0.9998,0.9995,1.0,8.459,40000,True,"acorn (server default, verified via live schema read-back 2026-07-12)"
weaviate,w1,hour==18,natural,hour==18,0.04525,5996,768.0,0.9986,0.9978,0.9993,5.589,40000,True,"acorn (server default, verified via live schema read-back 2026-07-12)"
weaviate,w1,CTRL(s=0.0452)|hour==18,control,hour==18,0.04525,5996,117.1,1.0,1.0,1.0,6.329,40000,True,"acorn (server default, verified via live schema read-back 2026-07-12)"
weaviate,w1,hour==19,natural,hour==19,0.08022,10631,1000.0,0.9984,0.9976,0.9991,6.85,40000,True,"acorn (server default, verified via live schema read-back 2026-07-12)"
weaviate,w1,CTRL(s=0.0802)|hour==19,control,hour==19,0.08022,10631,65.5,0.9999,0.9997,1.0,7.199,40000,True,"acorn (server default, verified via live schema read-back 2026-07-12)"
weaviate,w1,"hour in [06,18] (daytime)",composite,"hour in [06,18] (daytime)",0.7737,102532,4.5,0.9984,0.9976,0.9991,3.935,40000,False,"acorn (server default, verified via live schema read-back 2026-07-12)"
weaviate,w1,"CTRL(s=0.7737)|hour in [06,18] (daytime)",control,"hour in [06,18] (daytime)",0.7737,102532,5.9,0.9986,0.9978,0.9993,4.021,40000,False,"acorn (server default, verified via live schema read-back 2026-07-12)"
weaviate,w1,"hour in [11,14] (midday)",composite,"hour in [11,14] (midday)",0.3069,40671,80.8,0.9335,0.919,0.9473,4.275,40000,False,"acorn (server default, verified via live schema read-back 2026-07-12)"
weaviate,w1,"CTRL(s=0.3069)|hour in [11,14] (midday)",control,"hour in [11,14] (midday)",0.3069,40671,16.4,0.9872,0.9838,0.9902,4.401,40000,False,"acorn (server default, verified via live schema read-back 2026-07-12)"
weaviate,w1,"hour in [17,19] (evening peak)",composite,"hour in [17,19] (evening peak)",0.2515,33329,123.5,0.9984,0.9976,0.9992,13.514,40000,True,"acorn (server default, verified via live schema read-back 2026-07-12)"
weaviate,w1,"CTRL(s=0.2515)|hour in [17,19] (evening peak)",control,"hour in [17,19] (evening peak)",0.2515,33329,20.2,0.9997,0.9993,1.0,15.789,40000,True,"acorn (server default, verified via live schema read-back 2026-07-12)"
weaviate,w1,location in top-5,composite,location in top-5,0.26776,35484,830.5,0.997,0.9959,0.998,17.586,40000,True,"acorn (server default, verified via live schema read-back 2026-07-12)"
weaviate,w1,CTRL(s=0.2678)|location in top-5,control,location in top-5,0.26776,35484,18.6,0.9997,0.9993,1.0,16.561,40000,True,"acorn (server default, verified via live schema read-back 2026-07-12)"
weaviate,w1,date in 2020-09,composite,date in 2020-09,0.32112,42555,1000.0,0.9708,0.9658,0.9755,6.106,40000,False,"acorn (server default, verified via live schema read-back 2026-07-12)"
weaviate,w1,CTRL(s=0.3211)|date in 2020-09,control,date in 2020-09,0.32112,42555,15.5,0.9848,0.9816,0.9877,3.631,40000,False,"acorn (server default, verified via live schema read-back 2026-07-12)"
weaviate,w3,location==BC2000801,natural,location==BC2000801,0.08644,11455,1000.0,0.9634,0.9574,0.9691,3.971,0,False,"acorn (server default, verified via live schema read-back 2026-07-12)"
weaviate,w3,CTRL(s=0.0864)|location==BC2000801,control,location==BC2000801,0.08644,11455,61.0,0.9558,0.9503,0.9609,4.091,0,False,"acorn (server default, verified via live schema read-back 2026-07-12)"
weaviate,w3,location==중동사거리,natural,location==중동사거리,0.04851,6429,1000.0,0.8852,0.8695,0.901,4.252,0,False,"acorn (server default, verified via live schema read-back 2026-07-12)"
weaviate,w3,CTRL(s=0.0485)|location==중동사거리,control,location==중동사거리,0.04851,6429,109.0,0.9032,0.8955,0.9105,4.416,0,False,"acorn (server default, verified via live schema read-back 2026-07-12)"
weaviate,w3,location==원골네거리,natural,location==원골네거리,0.04678,6199,1000.0,0.9762,0.9723,0.9799,4.092,0,False,"acorn (server default, verified via live schema read-back 2026-07-12)"
weaviate,w3,CTRL(s=0.0468)|location==원골네거리,control,location==원골네거리,0.04678,6199,111.9,0.9089,0.9015,0.9158,4.19,0,False,"acorn (server default, verified via live schema read-back 2026-07-12)"
weaviate,w3,location==연구단지네거리,natural,location==연구단지네거리,0.04417,5853,1000.0,0.9787,0.9747,0.9823,4.29,0,False,"acorn (server default, verified via live schema read-back 2026-07-12)"
weaviate,w3,CTRL(s=0.0442)|location==연구단지네거리,control,location==연구단지네거리,0.04417,5853,117.2,0.8972,0.8894,0.9046,4.329,0,False,"acorn (server default, verified via live schema read-back 2026-07-12)"
weaviate,w3,location==삼정고가교,natural,location==삼정고가교,0.04187,5548,1000.0,0.8778,0.8618,0.8935,4.356,0,False,"acorn (server default, verified via live schema read-back 2026-07-12)"
weaviate,w3,CTRL(s=0.0419)|location==삼정고가교,control,location==삼정고가교,0.04187,5548,123.8,0.8847,0.8751,0.8938,4.659,0,False,"acorn (server default, verified via live schema read-back 2026-07-12)"
weaviate,w3,location==계룡대교네거리,natural,location==계룡대교네거리,0.03898,5166,1000.0,0.9802,0.9768,0.9834,4.096,0,False,"acorn (server default, verified via live schema read-back 2026-07-12)"
weaviate,w3,CTRL(s=0.0390)|location==계룡대교네거리,control,location==계룡대교네거리,0.03898,5166,130.5,0.8748,0.8659,0.884,5.176,0,False,"acorn (server default, verified via live schema read-back 2026-07-12)"
weaviate,w3,date==20200907,natural,date==20200907,0.0769,10191,1000.0,0.9808,0.9773,0.9841,6.113,0,False,"acorn (server default, verified via live schema read-back 2026-07-12)"
weaviate,w3,CTRL(s=0.0769)|date==20200907,control,date==20200907,0.0769,10191,68.5,0.9451,0.9396,0.9504,4.803,0,False,"acorn (server default, verified via live schema read-back 2026-07-12)"
weaviate,w3,date==20200908,natural,date==20200908,0.06477,8583,1000.0,0.9758,0.9719,0.9794,6.218,0,False,"acorn (server default, verified via live schema read-back 2026-07-12)"
weaviate,w3,CTRL(s=0.0648)|date==20200908,control,date==20200908,0.06477,8583,81.7,0.9349,0.9282,0.9416,6.453,0,False,"acorn (server default, verified via live schema read-back 2026-07-12)"
weaviate,w3,date==20200909,natural,date==20200909,0.06105,8090,1000.0,0.9649,0.9601,0.9695,6.511,0,False,"acorn (server default, verified via live schema read-back 2026-07-12)"
weaviate,w3,CTRL(s=0.0610)|date==20200909,control,date==20200909,0.06105,8090,85.4,0.9288,0.922,0.9355,5.857,0,False,"acorn (server default, verified via live schema read-back 2026-07-12)"
weaviate,w3,date==20200915,natural,date==20200915,0.04934,6538,1000.0,0.9664,0.9617,0.9708,3.929,0,False,"acorn (server default, verified via live schema read-back 2026-07-12)"
weaviate,w3,CTRL(s=0.0493)|date==20200915,control,date==20200915,0.04934,6538,109.7,0.9085,0.9003,0.9165,5.311,0,False,"acorn (server default, verified via live schema read-back 2026-07-12)"
weaviate,w3,hour==01,natural,hour==01,0.02637,3494,1000.0,0.902,0.8867,0.9162,6.122,0,False,"acorn (server default, verified via live schema read-back 2026-07-12)"
weaviate,w3,CTRL(s=0.0264)|hour==01,control,hour==01,0.02637,3494,197.6,0.7482,0.7319,0.7637,6.076,0,False,"acorn (server default, verified via live schema read-back 2026-07-12)"
weaviate,w3,hour==02,natural,hour==02,0.06573,8711,1000.0,0.8996,0.8831,0.915,6.1,0,False,"acorn (server default, verified via live schema read-back 2026-07-12)"
weaviate,w3,CTRL(s=0.0657)|hour==02,control,hour==02,0.06573,8711,75.0,0.9381,0.9315,0.9442,5.077,0,False,"acorn (server default, verified via live schema read-back 2026-07-12)"
weaviate,w3,hour==05,natural,hour==05,0.05311,7038,1000.0,0.9308,0.9203,0.9409,5.72,0,False,"acorn (server default, verified via live schema read-back 2026-07-12)"
weaviate,w3,CTRL(s=0.0531)|hour==05,control,hour==05,0.05311,7038,95.5,0.9102,0.9025,0.9177,4.512,0,False,"acorn (server default, verified via live schema read-back 2026-07-12)"
weaviate,w3,hour==06,natural,hour==06,0.18291,24239,233.0,0.9658,0.9561,0.9745,5.079,0,False,"acorn (server default, verified via live schema read-back 2026-07-12)"
weaviate,w3,CTRL(s=0.1829)|hour==06,control,hour==06,0.18291,24239,28.2,0.9843,0.9815,0.9872,4.875,0,False,"acorn (server default, verified via live schema read-back 2026-07-12)"
weaviate,w3,hour==07,natural,hour==07,0.0474,6281,1000.0,0.776,0.7558,0.7961,4.927,0,False,"acorn (server default, verified via live schema read-back 2026-07-12)"
weaviate,w3,CTRL(s=0.0474)|hour==07,control,hour==07,0.0474,6281,110.8,0.8983,0.8902,0.906,5.149,0,False,"acorn (server default, verified via live schema read-back 2026-07-12)"
weaviate,w3,hour==08,natural,hour==08,0.02978,3947,1000.0,0.8251,0.8081,0.8418,5.407,0,False,"acorn (server default, verified via live schema read-back 2026-07-12)"
weaviate,w3,CTRL(s=0.0298)|hour==08,control,hour==08,0.02978,3947,170.1,0.8227,0.811,0.8336,7.714,0,False,"acorn (server default, verified via live schema read-back 2026-07-12)"
weaviate,w3,hour==11,natural,hour==11,0.05464,7241,1000.0,0.7127,0.6861,0.7373,6.676,0,False,"acorn (server default, verified via live schema read-back 2026-07-12)"
weaviate,w3,CTRL(s=0.0546)|hour==11,control,hour==11,0.05464,7241,96.1,0.917,0.9099,0.9242,5.053,0,False,"acorn (server default, verified via live schema read-back 2026-07-12)"
weaviate,w3,hour==12,natural,hour==12,0.15815,20958,175.4,0.9001,0.8837,0.9161,6.398,0,False,"acorn (server default, verified via live schema read-back 2026-07-12)"
weaviate,w3,CTRL(s=0.1581)|hour==12,control,hour==12,0.15815,20958,32.0,0.98,0.9759,0.9836,4.149,0,False,"acorn (server default, verified via live schema read-back 2026-07-12)"
weaviate,w3,hour==13,natural,hour==13,0.04921,6522,1000.0,0.8993,0.8843,0.9136,4.841,0,False,"acorn (server default, verified via live schema read-back 2026-07-12)"
weaviate,w3,CTRL(s=0.0492)|hour==13,control,hour==13,0.04921,6522,105.9,0.9024,0.8947,0.9098,4.906,0,False,"acorn (server default, verified via live schema read-back 2026-07-12)"
weaviate,w3,hour==14,natural,hour==14,0.0449,5950,1000.0,0.9141,0.9,0.927,6.661,0,False,"acorn (server default, verified via live schema read-back 2026-07-12)"
weaviate,w3,CTRL(s=0.0449)|hour==14,control,hour==14,0.0449,5950,116.5,0.889,0.8797,0.8978,5.972,0,False,"acorn (server default, verified via live schema read-back 2026-07-12)"
weaviate,w3,hour==16,natural,hour==16,0.03445,4565,1000.0,0.7028,0.6784,0.7284,5.338,0,False,"acorn (server default, verified via live schema read-back 2026-07-12)"
weaviate,w3,CTRL(s=0.0344)|hour==16,control,hour==16,0.03445,4565,148.7,0.8614,0.852,0.8706,5.52,0,False,"acorn (server default, verified via live schema read-back 2026-07-12)"
weaviate,w3,hour==17,natural,hour==17,0.12603,16702,218.4,0.9471,0.9356,0.9577,5.748,0,False,"acorn (server default, verified via live schema read-back 2026-07-12)"
weaviate,w3,CTRL(s=0.1260)|hour==17,control,hour==17,0.12603,16702,40.2,0.97,0.9656,0.974,6.517,0,False,"acorn (server default, verified via live schema read-back 2026-07-12)"
weaviate,w3,hour==18,natural,hour==18,0.04525,5996,768.0,0.8803,0.8642,0.8965,5.563,0,False,"acorn (server default, verified via live schema read-back 2026-07-12)"
weaviate,w3,CTRL(s=0.0452)|hour==18,control,hour==18,0.04525,5996,117.1,0.8922,0.884,0.9001,5.46,0,False,"acorn (server default, verified via live schema read-back 2026-07-12)"
weaviate,w3,hour==19,natural,hour==19,0.08022,10631,1000.0,0.9439,0.9333,0.9535,5.239,0,False,"acorn (server default, verified via live schema read-back 2026-07-12)"
weaviate,w3,CTRL(s=0.0802)|hour==19,control,hour==19,0.08022,10631,65.5,0.9535,0.9488,0.9581,5.463,0,False,"acorn (server default, verified via live schema read-back 2026-07-12)"
weaviate,w3,"hour in [06,18] (daytime)",composite,"hour in [06,18] (daytime)",0.7737,102532,4.5,0.9984,0.9976,0.9991,5.344,0,False,"acorn (server default, verified via live schema read-back 2026-07-12)"
weaviate,w3,"CTRL(s=0.7737)|hour in [06,18] (daytime)",control,"hour in [06,18] (daytime)",0.7737,102532,5.9,0.9986,0.9978,0.9993,5.937,0,False,"acorn (server default, verified via live schema read-back 2026-07-12)"
weaviate,w3,"hour in [11,14] (midday)",composite,"hour in [11,14] (midday)",0.3069,40671,80.8,0.9335,0.919,0.9473,4.831,0,False,"acorn (server default, verified via live schema read-back 2026-07-12)"
weaviate,w3,"CTRL(s=0.3069)|hour in [11,14] (midday)",control,"hour in [11,14] (midday)",0.3069,40671,16.4,0.9872,0.9838,0.9902,5.072,0,False,"acorn (server default, verified via live schema read-back 2026-07-12)"
weaviate,w3,"hour in [17,19] (evening peak)",composite,"hour in [17,19] (evening peak)",0.2515,33329,123.5,0.9602,0.9498,0.9699,4.777,0,False,"acorn (server default, verified via live schema read-back 2026-07-12)"
weaviate,w3,"CTRL(s=0.2515)|hour in [17,19] (evening peak)",control,"hour in [17,19] (evening peak)",0.2515,33329,20.2,0.9827,0.9792,0.986,3.918,0,False,"acorn (server default, verified via live schema read-back 2026-07-12)"
weaviate,w3,location in top-5,composite,location in top-5,0.26776,35484,830.5,0.7352,0.7092,0.7612,6.017,0,False,"acorn (server default, verified via live schema read-back 2026-07-12)"
weaviate,w3,CTRL(s=0.2678)|location in top-5,control,location in top-5,0.26776,35484,18.6,0.9889,0.9863,0.9911,4.762,0,False,"acorn (server default, verified via live schema read-back 2026-07-12)"
weaviate,w3,date in 2020-09,composite,date in 2020-09,0.32112,42555,1000.0,0.9708,0.9658,0.9755,4.098,0,False,"acorn (server default, verified via live schema read-back 2026-07-12)"
weaviate,w3,CTRL(s=0.3211)|date in 2020-09,control,date in 2020-09,0.32112,42555,15.5,0.9848,0.9816,0.9877,4.065,0,False,"acorn (server default, verified via live schema read-back 2026-07-12)"
