clip_id,c1,c2,event_class,source_split,better_view,worse_view,better_area,worse_area,area_ratio,stratum
aihub_multi_angle_cctv:Training:bl_e0122,50916.0,15146.0,경계선을 통한 침입,Training,c1,c2,50916.0,15146.0,3.361679651393107,asymmetric
aihub_multi_angle_cctv:Validation:bl_e0273,72518.0,23338.333333333332,경계선을 통한 침입,Validation,c1,c2,72518.0,23338.333333333332,3.1072484467614085,asymmetric
aihub_multi_angle_cctv:Training:ab_e0491,52437.666666666664,10744.333333333334,비정상적인 경로로의 침범,Training,c1,c2,52437.666666666664,10744.333333333334,4.880495144727453,asymmetric
aihub_multi_angle_cctv:Validation:ab_e0391,35538.333333333336,15650.666666666666,비정상적인 경로로의 침범,Validation,c1,c2,35538.333333333336,15650.666666666666,2.270723291872551,asymmetric
aihub_multi_angle_cctv:Training:ph_e2068,94283.0,22100.333333333332,신체적 충돌을 동반한 싸움,Training,c1,c2,94283.0,22100.333333333332,4.266134749098807,asymmetric
aihub_multi_angle_cctv:Validation:ph_e2069,50542.0,143945.33333333334,신체적 충돌을 동반한 싸움,Validation,c2,c1,143945.33333333334,50542.0,2.8480339783414457,asymmetric
aihub_multi_angle_cctv:Training:ms_e3504,16198.666666666666,42446.333333333336,오토바이 인도 주행,Training,c2,c1,42446.333333333336,16198.666666666666,2.6203597003868633,asymmetric
aihub_multi_angle_cctv:Validation:ms_e3492,14901.333333333334,48781.333333333336,오토바이 인도 주행,Validation,c2,c1,48781.333333333336,14901.333333333334,3.2736220472440944,asymmetric
aihub_multi_angle_cctv:Training:md_e2260,131144.0,32645.666666666668,이륜 이동수단 운전자 1인 헬멧 미착용,Training,c1,c2,131144.0,32645.666666666668,4.017194727222602,asymmetric
aihub_multi_angle_cctv:Validation:md_e2254,95788.0,36601.333333333336,이륜 이동수단 운전자 1인 헬멧 미착용,Validation,c1,c2,95788.0,36601.333333333336,2.6170631306691923,asymmetric
aihub_multi_angle_cctv:Training:mp_e2858,98341.66666666667,38103.666666666664,이륜 이동수단 탑승자 일부 또는 전체 헬멧 미착용,Training,c1,c2,98341.66666666667,38103.666666666664,2.5808977263780393,asymmetric
aihub_multi_angle_cctv:Validation:mp_e2839,104387.0,40555.333333333336,이륜 이동수단 탑승자 일부 또는 전체 헬멧 미착용,Validation,c1,c2,104387.0,40555.333333333336,2.5739401311788006,asymmetric
aihub_multi_angle_cctv:Training:bs_e4276,35870.0,4683.666666666667,자전거 인도 주행,Training,c1,c2,35870.0,4683.666666666667,7.658529642018361,asymmetric
aihub_multi_angle_cctv:Validation:bs_e4301,28517.333333333332,9922.0,자전거 인도 주행,Validation,c1,c2,28517.333333333332,9922.0,2.874151716723779,asymmetric
aihub_multi_angle_cctv:Training:st_e4731,36962.333333333336,80130.0,전동킥보드 앞뒤 2인 탑승,Training,c2,c1,80130.0,36962.333333333336,2.167882619243013,asymmetric
aihub_multi_angle_cctv:Validation:st_e4696,76898.33333333333,25460.666666666668,전동킥보드 앞뒤 2인 탑승,Validation,c1,c2,76898.33333333333,25460.666666666668,3.0202796470372597,asymmetric
aihub_multi_angle_cctv:Training:es_e4074,82569.0,18773.0,전동킥보드 인도 주행,Training,c1,c2,82569.0,18773.0,4.398284770681298,asymmetric
aihub_multi_angle_cctv:Validation:es_e4042,111517.0,24516.333333333332,전동킥보드 인도 주행,Validation,c1,c2,111517.0,24516.333333333332,4.548681831160179,asymmetric
aihub_multi_angle_cctv:Training:lo_e1264,33112.0,12033.333333333334,특정 구역 내 지속 배회,Training,c1,c2,33112.0,12033.333333333334,2.7516897506925204,asymmetric
aihub_multi_angle_cctv:Validation:lo_e1294,27100.333333333332,12115.666666666666,특정 구역 내 지속 배회,Validation,c1,c2,27100.333333333332,12115.666666666666,2.236800836382645,asymmetric
aihub_multi_angle_cctv:Training:fp_e1660,95373.0,41536.0,특정 인물을 뒤따라가며 배회,Training,c1,c2,95373.0,41536.0,2.2961527349768875,asymmetric
aihub_multi_angle_cctv:Validation:fp_e1595,102036.0,13303.0,특정 인물을 뒤따라가며 배회,Validation,c1,c2,102036.0,13303.0,7.6701495903179735,asymmetric
aihub_multi_angle_cctv:Training:bl_e0112,78284.33333333333,20050.0,경계선을 통한 침입,Training,c1,c2,78284.33333333333,20050.0,3.9044555278470487,asymmetric
aihub_multi_angle_cctv:Validation:bl_e0317,89712.0,30685.333333333332,경계선을 통한 침입,Validation,c1,c2,89712.0,30685.333333333332,2.9236117146084992,asymmetric
aihub_multi_angle_cctv:Training:ab_e0784,23167.666666666668,10264.0,비정상적인 경로로의 침범,Training,c1,c2,23167.666666666668,10264.0,2.257177188880229,asymmetric
aihub_multi_angle_cctv:Validation:ab_e0567,40134.666666666664,9629.0,비정상적인 경로로의 침범,Validation,c1,c2,40134.666666666664,9629.0,4.168103299061862,asymmetric
aihub_multi_angle_cctv:Training:ph_e2035,121026.33333333333,49142.333333333336,신체적 충돌을 동반한 싸움,Training,c1,c2,121026.33333333333,49142.333333333336,2.462771405509167,asymmetric
aihub_multi_angle_cctv:Validation:ph_e2044,36201.0,95418.0,신체적 충돌을 동반한 싸움,Validation,c2,c1,95418.0,36201.0,2.635783541891108,asymmetric
aihub_multi_angle_cctv:Training:ms_e3570,29708.666666666668,60618.333333333336,오토바이 인도 주행,Training,c2,c1,60618.333333333336,29708.666666666668,2.040425913874739,asymmetric
aihub_multi_angle_cctv:Validation:ms_e3280,48766.0,15849.666666666666,오토바이 인도 주행,Validation,c1,c2,48766.0,15849.666666666666,3.0767839491892577,asymmetric
aihub_multi_angle_cctv:Training:md_e2275,76944.33333333333,32199.333333333332,이륜 이동수단 운전자 1인 헬멧 미착용,Training,c1,c2,76944.33333333333,32199.333333333332,2.38962504399677,asymmetric
aihub_multi_angle_cctv:Validation:md_e2282,60047.333333333336,11351.666666666666,이륜 이동수단 운전자 1인 헬멧 미착용,Validation,c1,c2,60047.333333333336,11351.666666666666,5.289737189839966,asymmetric
aihub_multi_angle_cctv:Training:mp_e2840,98171.33333333333,45528.333333333336,이륜 이동수단 탑승자 일부 또는 전체 헬멧 미착용,Training,c1,c2,98171.33333333333,45528.333333333336,2.156268990006223,asymmetric
aihub_multi_angle_cctv:Validation:mp_e2838,110445.66666666667,28189.333333333332,이륜 이동수단 탑승자 일부 또는 전체 헬멧 미착용,Validation,c1,c2,110445.66666666667,28189.333333333332,3.917994986283228,asymmetric
aihub_multi_angle_cctv:Training:bs_e4550,27501.0,12202.666666666666,자전거 인도 주행,Training,c1,c2,27501.0,12202.666666666666,2.2536877185314688,asymmetric
aihub_multi_angle_cctv:Validation:bs_e4254,29479.0,6956.333333333333,자전거 인도 주행,Validation,c1,c2,29479.0,6956.333333333333,4.237721021611002,asymmetric
aihub_multi_angle_cctv:Training:st_e4721,34029.333333333336,68290.33333333333,전동킥보드 앞뒤 2인 탑승,Training,c2,c1,68290.33333333333,34029.333333333336,2.0068078520492123,asymmetric
aihub_multi_angle_cctv:Validation:st_e4715,23084.0,57957.666666666664,전동킥보드 앞뒤 2인 탑승,Validation,c2,c1,57957.666666666664,23084.0,2.510728932016404,asymmetric
aihub_multi_angle_cctv:Training:es_e3941,23512.666666666668,5817.0,전동킥보드 인도 주행,Training,c1,c2,23512.666666666668,5817.0,4.042060626898172,asymmetric
aihub_multi_angle_cctv:Validation:es_e3696,37111.0,5241.333333333333,전동킥보드 인도 주행,Validation,c1,c2,37111.0,5241.333333333333,7.080450267107607,asymmetric
aihub_multi_angle_cctv:Training:lo_e1270,49955.0,21000.333333333332,특정 구역 내 지속 배회,Training,c1,c2,49955.0,21000.333333333332,2.3787717655275316,asymmetric
aihub_multi_angle_cctv:Validation:lo_e1124,48641.333333333336,17362.333333333332,특정 구역 내 지속 배회,Validation,c1,c2,48641.333333333336,17362.333333333332,2.8015435713325787,asymmetric
aihub_multi_angle_cctv:Training:fp_e1536,128095.0,61383.333333333336,특정 인물을 뒤따라가며 배회,Training,c1,c2,128095.0,61383.333333333336,2.086804235677437,asymmetric
aihub_multi_angle_cctv:Validation:fp_e1511,36003.0,85643.0,특정 인물을 뒤따라가며 배회,Validation,c2,c1,85643.0,36003.0,2.378773991056301,asymmetric
aihub_multi_angle_cctv:Training:bl_e0090,46137.333333333336,11088.666666666666,경계선을 통한 침입,Training,c1,c2,46137.333333333336,11088.666666666666,4.160764744784465,asymmetric
aihub_multi_angle_cctv:Validation:bl_e0183,85836.0,40719.666666666664,경계선을 통한 침입,Validation,c1,c2,85836.0,40719.666666666664,2.1079740338411415,asymmetric
aihub_multi_angle_cctv:Training:ab_e0847,121582.0,49199.666666666664,비정상적인 경로로의 침범,Training,c1,c2,121582.0,49199.666666666664,2.471195604306262,asymmetric
aihub_multi_angle_cctv:Validation:ab_e0599,10940.666666666666,24489.0,비정상적인 경로로의 침범,Validation,c2,c1,24489.0,10940.666666666666,2.2383462311863993,asymmetric
aihub_multi_angle_cctv:Training:ph_e2034,101474.33333333333,46974.333333333336,신체적 충돌을 동반한 싸움,Training,c1,c2,101474.33333333333,46974.333333333336,2.160208056882127,asymmetric
aihub_multi_angle_cctv:Training:ms_e3223,19940.333333333332,48171.0,오토바이 인도 주행,Training,c2,c1,48171.0,19940.333333333332,2.4157570084084186,asymmetric
aihub_multi_angle_cctv:Validation:ms_e3510,11254.0,29133.0,오토바이 인도 주행,Validation,c2,c1,29133.0,11254.0,2.588679580593567,asymmetric
aihub_multi_angle_cctv:Training:md_e2266,107178.66666666667,37207.0,이륜 이동수단 운전자 1인 헬멧 미착용,Training,c1,c2,107178.66666666667,37207.0,2.8806049040951076,asymmetric
aihub_multi_angle_cctv:Validation:md_e2272,92451.0,18468.333333333332,이륜 이동수단 운전자 1인 헬멧 미착용,Validation,c1,c2,92451.0,18468.333333333332,5.00592004331739,asymmetric
aihub_multi_angle_cctv:Training:mp_e2851,85514.0,31575.333333333332,이륜 이동수단 탑승자 일부 또는 전체 헬멧 미착용,Training,c1,c2,85514.0,31575.333333333332,2.708253277875135,asymmetric
aihub_multi_angle_cctv:Validation:mp_e2859,126076.0,44068.333333333336,이륜 이동수단 탑승자 일부 또는 전체 헬멧 미착용,Validation,c1,c2,126076.0,44068.333333333336,2.860920540070345,asymmetric
aihub_multi_angle_cctv:Training:bs_e4466,74114.33333333333,13871.333333333334,자전거 인도 주행,Training,c1,c2,74114.33333333333,13871.333333333334,5.342985533714614,asymmetric
aihub_multi_angle_cctv:Validation:bs_e4335,9552.0,31422.333333333332,자전거 인도 주행,Validation,c2,c1,31422.333333333332,9552.0,3.289607761027359,asymmetric
aihub_multi_angle_cctv:Training:st_e4853,36932.666666666664,8272.666666666666,전동킥보드 앞뒤 2인 탑승,Training,c1,c2,36932.666666666664,8272.666666666666,4.464420984769119,asymmetric
aihub_multi_angle_cctv:Validation:st_e4688,99719.0,39591.333333333336,전동킥보드 앞뒤 2인 탑승,Validation,c1,c2,99719.0,39591.333333333336,2.51870779800293,asymmetric
aihub_multi_angle_cctv:Training:es_e3877,14257.666666666666,118690.0,전동킥보드 인도 주행,Training,c2,c1,118690.0,14257.666666666666,8.324644051153765,asymmetric
aihub_multi_angle_cctv:Validation:es_e3834,11039.333333333334,30907.0,전동킥보드 인도 주행,Validation,c2,c1,30907.0,11039.333333333334,2.799716166435171,asymmetric
aihub_multi_angle_cctv:Training:lo_e1065,34079.666666666664,10452.0,특정 구역 내 지속 배회,Training,c1,c2,34079.666666666664,10452.0,3.2605880852149505,asymmetric
aihub_multi_angle_cctv:Validation:lo_e1026,39763.333333333336,16838.666666666668,특정 구역 내 지속 배회,Validation,c1,c2,39763.333333333336,16838.666666666668,2.3614300419669014,asymmetric
aihub_multi_angle_cctv:Training:fp_e1986,46283.333333333336,102491.33333333333,특정 인물을 뒤따라가며 배회,Training,c2,c1,102491.33333333333,46283.333333333336,2.2144328411955345,asymmetric
aihub_multi_angle_cctv:Validation:fp_e1888,49245.666666666664,137786.0,특정 인물을 뒤따라가며 배회,Validation,c2,c1,137786.0,49245.666666666664,2.7979314592823736,asymmetric
aihub_multi_angle_cctv:Training:bl_e0079,55038.0,15562.0,경계선을 통한 침입,Training,c1,c2,55038.0,15562.0,3.53669194190978,asymmetric
aihub_multi_angle_cctv:Validation:bl_e0219,77909.66666666667,36616.0,경계선을 통한 침입,Validation,c1,c2,77909.66666666667,36616.0,2.127749253513947,asymmetric
aihub_multi_angle_cctv:Training:ab_e0627,19966.0,40531.0,비정상적인 경로로의 침범,Training,c2,c1,40531.0,19966.0,2.030001001702895,asymmetric
aihub_multi_angle_cctv:Validation:ab_e0490,49622.0,13145.0,비정상적인 경로로의 침범,Validation,c1,c2,49622.0,13145.0,3.7749714720426018,asymmetric
aihub_multi_angle_cctv:Training:ph_e2067,78953.0,24933.0,신체적 충돌을 동반한 싸움,Training,c1,c2,78953.0,24933.0,3.1666065054345647,asymmetric
aihub_multi_angle_cctv:Training:ms_e3499,7694.333333333333,19743.333333333332,오토바이 인도 주행,Training,c2,c1,19743.333333333332,7694.333333333333,2.5659576311571284,asymmetric
aihub_multi_angle_cctv:Validation:ms_e3281,38656.666666666664,19032.666666666668,오토바이 인도 주행,Validation,c1,c2,38656.666666666664,19032.666666666668,2.0310693894707343,asymmetric
aihub_multi_angle_cctv:Training:md_e2296,48965.333333333336,10189.0,이륜 이동수단 운전자 1인 헬멧 미착용,Training,c1,c2,48965.333333333336,10189.0,4.805705499394772,asymmetric
aihub_multi_angle_cctv:Validation:md_e2283,63408.0,18030.333333333332,이륜 이동수단 운전자 1인 헬멧 미착용,Validation,c1,c2,63408.0,18030.333333333332,3.516740307999483,asymmetric
aihub_multi_angle_cctv:Training:mp_e2850,108583.33333333333,29349.333333333332,이륜 이동수단 탑승자 일부 또는 전체 헬멧 미착용,Training,c1,c2,108583.33333333333,29349.333333333332,3.699686534617481,asymmetric
aihub_multi_angle_cctv:Validation:mp_e2683,19863.666666666668,46218.0,이륜 이동수단 탑승자 일부 또는 전체 헬멧 미착용,Validation,c2,c1,46218.0,19863.666666666668,2.32676075246262,asymmetric
aihub_multi_angle_cctv:Training:bs_e4304,30400.666666666668,10776.666666666666,자전거 인도 주행,Training,c1,c2,30400.666666666668,10776.666666666666,2.8209712341478506,asymmetric
aihub_multi_angle_cctv:Validation:bs_e4454,54180.0,11902.333333333334,자전거 인도 주행,Validation,c1,c2,54180.0,11902.333333333334,4.5520486179180555,asymmetric
aihub_multi_angle_cctv:Training:st_e4824,13232.666666666666,26801.666666666668,전동킥보드 앞뒤 2인 탑승,Training,c2,c1,26801.666666666668,13232.666666666666,2.0254168975767044,asymmetric
aihub_multi_angle_cctv:Validation:st_e4917,43345.333333333336,16823.333333333332,전동킥보드 앞뒤 2인 탑승,Validation,c1,c2,43345.333333333336,16823.333333333332,2.576500891618784,asymmetric
aihub_multi_angle_cctv:Training:es_e3871,7974.0,95262.0,전동킥보드 인도 주행,Training,c2,c1,95262.0,7974.0,11.946576373212942,asymmetric
aihub_multi_angle_cctv:Validation:es_e3698,27990.0,8423.666666666666,전동킥보드 인도 주행,Validation,c1,c2,27990.0,8423.666666666666,3.3227810533813464,asymmetric
aihub_multi_angle_cctv:Training:lo_e1257,62446.666666666664,25668.666666666668,특정 구역 내 지속 배회,Training,c1,c2,62446.666666666664,25668.666666666668,2.432797444354985,asymmetric
aihub_multi_angle_cctv:Validation:lo_e1030,53830.333333333336,12163.333333333334,특정 구역 내 지속 배회,Validation,c1,c2,53830.333333333336,12163.333333333334,4.425623458481776,asymmetric
aihub_multi_angle_cctv:Training:fp_e1611,51630.0,11279.666666666666,특정 인물을 뒤따라가며 배회,Training,c1,c2,51630.0,11279.666666666666,4.577262921481132,asymmetric
aihub_multi_angle_cctv:Validation:fp_e1645,17587.333333333332,46926.333333333336,특정 인물을 뒤따라가며 배회,Validation,c2,c1,46926.333333333336,17587.333333333332,2.668189227095258,asymmetric
aihub_multi_angle_cctv:Training:bl_e0246,13935.333333333334,37595.333333333336,경계선을 통한 침입,Training,c2,c1,37595.333333333336,13935.333333333334,2.6978424149643594,asymmetric
aihub_multi_angle_cctv:Validation:bl_e0029,22156.333333333332,10729.0,경계선을 통한 침입,Validation,c1,c2,22156.333333333332,10729.0,2.0650883897225585,asymmetric
aihub_multi_angle_cctv:Training:ab_e0496,53566.333333333336,12301.666666666666,비정상적인 경로로의 침범,Training,c1,c2,53566.333333333336,12301.666666666666,4.3543964232488825,asymmetric
aihub_multi_angle_cctv:Validation:ab_e0826,95085.33333333333,45799.333333333336,비정상적인 경로로의 침범,Validation,c1,c2,95085.33333333333,45799.333333333336,2.0761292012984174,asymmetric
aihub_multi_angle_cctv:Training:ph_e2070,56918.666666666664,128825.33333333333,신체적 충돌을 동반한 싸움,Training,c2,c1,128825.33333333333,56918.666666666664,2.2633231043125863,asymmetric
aihub_multi_angle_cctv:Training:ms_e3216,6988.666666666667,89784.0,오토바이 인도 주행,Training,c2,c1,89784.0,6988.666666666667,12.847085757893732,asymmetric
aihub_multi_angle_cctv:Validation:ms_e3238,44874.666666666664,21989.666666666668,오토바이 인도 주행,Validation,c1,c2,44874.666666666664,21989.666666666668,2.040716093922903,asymmetric
aihub_multi_angle_cctv:Training:md_e2261,105066.66666666667,40628.666666666664,이륜 이동수단 운전자 1인 헬멧 미착용,Training,c1,c2,105066.66666666667,40628.666666666664,2.5860230051031294,asymmetric
aihub_multi_angle_cctv:Validation:md_e2236,37043.666666666664,15820.666666666666,이륜 이동수단 운전자 1인 헬멧 미착용,Validation,c1,c2,37043.666666666664,15820.666666666666,2.341473178542834,asymmetric
aihub_multi_angle_cctv:Training:mp_e2712,54004.0,111063.66666666667,이륜 이동수단 탑승자 일부 또는 전체 헬멧 미착용,Training,c2,c1,111063.66666666667,54004.0,2.056582228476903,asymmetric
aihub_multi_angle_cctv:Validation:mp_e2854,113892.66666666667,38748.0,이륜 이동수단 탑승자 일부 또는 전체 헬멧 미착용,Validation,c1,c2,113892.66666666667,38748.0,2.939317298097106,asymmetric
aihub_multi_angle_cctv:Training:bs_e4532,26110.333333333332,12920.333333333334,자전거 인도 주행,Training,c1,c2,26110.333333333332,12920.333333333334,2.020871494543484,asymmetric
aihub_multi_angle_cctv:Validation:bs_e4560,28355.666666666668,12434.333333333334,자전거 인도 주행,Validation,c1,c2,28355.666666666668,12434.333333333334,2.2804332091252713,asymmetric
aihub_multi_angle_cctv:Training:st_e4701,33245.333333333336,67614.66666666667,전동킥보드 앞뒤 2인 탑승,Training,c2,c1,67614.66666666667,33245.333333333336,2.0338092564369936,asymmetric
aihub_multi_angle_cctv:Validation:st_e4698,48291.0,20692.333333333332,전동킥보드 앞뒤 2인 탑승,Validation,c1,c2,48291.0,20692.333333333332,2.3337629073569923,asymmetric
aihub_multi_angle_cctv:Training:es_e3760,45364.333333333336,19323.0,전동킥보드 인도 주행,Training,c1,c2,45364.333333333336,19323.0,2.347685832082665,asymmetric
aihub_multi_angle_cctv:Validation:es_e3841,13736.333333333334,68888.33333333333,전동킥보드 인도 주행,Validation,c2,c1,68888.33333333333,13736.333333333334,5.01504525710403,asymmetric
aihub_multi_angle_cctv:Training:lo_e1293,10592.666666666666,22867.666666666668,특정 구역 내 지속 배회,Training,c2,c1,22867.666666666668,10592.666666666666,2.158820567688338,asymmetric
aihub_multi_angle_cctv:Validation:lo_e1272,22020.333333333332,8812.333333333334,특정 구역 내 지속 배회,Validation,c1,c2,22020.333333333332,8812.333333333334,2.4988084881037937,asymmetric
aihub_multi_angle_cctv:Training:fp_e1600,60485.0,13529.333333333334,특정 인물을 뒤따라가며 배회,Training,c1,c2,60485.0,13529.333333333334,4.470656351631024,asymmetric
aihub_multi_angle_cctv:Validation:fp_e1486,46643.333333333336,107476.0,특정 인물을 뒤따라가며 배회,Validation,c2,c1,107476.0,46643.333333333336,2.304209247480883,asymmetric
aihub_multi_angle_cctv:Training:bl_e0036,9018.666666666666,29725.333333333332,경계선을 통한 침입,Training,c2,c1,29725.333333333332,9018.666666666666,3.295978710821999,asymmetric
aihub_multi_angle_cctv:Validation:bl_e0269,65460.666666666664,18939.0,경계선을 통한 침입,Validation,c1,c2,65460.666666666664,18939.0,3.456395093017935,asymmetric
aihub_multi_angle_cctv:Training:ab_e0944,85738.66666666667,21277.333333333332,비정상적인 경로로의 침범,Training,c1,c2,85738.66666666667,21277.333333333332,4.029577641308435,asymmetric
aihub_multi_angle_cctv:Validation:ab_e0449,35028.333333333336,12023.333333333334,비정상적인 경로로의 침범,Validation,c1,c2,35028.333333333336,12023.333333333334,2.9133629054616024,asymmetric
aihub_multi_angle_cctv:Training:ph_e2063,76496.33333333333,35619.0,신체적 충돌을 동반한 싸움,Training,c1,c2,76496.33333333333,35619.0,2.1476272027101637,asymmetric
aihub_multi_angle_cctv:Training:ms_e3364,31719.0,76749.0,오토바이 인도 주행,Training,c2,c1,76749.0,31719.0,2.4196538352407075,asymmetric
aihub_multi_angle_cctv:Validation:ms_e3264,43730.333333333336,20120.666666666668,오토바이 인도 주행,Validation,c1,c2,43730.333333333336,20120.666666666668,2.173403797090885,asymmetric
aihub_multi_angle_cctv:Training:md_e2578,25411.333333333332,57306.666666666664,이륜 이동수단 운전자 1인 헬멧 미착용,Training,c2,c1,57306.666666666664,25411.333333333332,2.2551617388566783,asymmetric
aihub_multi_angle_cctv:Training:mp_e2847,89645.33333333333,39785.0,이륜 이동수단 탑승자 일부 또는 전체 헬멧 미착용,Training,c1,c2,89645.33333333333,39785.0,2.253244522642537,asymmetric
aihub_multi_angle_cctv:Training:bs_e4321,40617.666666666664,17669.666666666668,자전거 인도 주행,Training,c1,c2,40617.666666666664,17669.666666666668,2.2987228583825385,asymmetric
aihub_multi_angle_cctv:Validation:bs_e4433,23220.0,10247.333333333334,자전거 인도 주행,Validation,c1,c2,23220.0,10247.333333333334,2.265955370502895,asymmetric
aihub_multi_angle_cctv:Training:st_e4846,51425.0,11424.0,전동킥보드 앞뒤 2인 탑승,Training,c1,c2,51425.0,11424.0,4.501488095238095,asymmetric
aihub_multi_angle_cctv:Validation:st_e4838,63732.333333333336,21668.0,전동킥보드 앞뒤 2인 탑승,Validation,c1,c2,63732.333333333336,21668.0,2.941311303919759,asymmetric
aihub_multi_angle_cctv:Training:es_e3945,24119.333333333332,7589.333333333333,전동킥보드 인도 주행,Training,c1,c2,24119.333333333332,7589.333333333333,3.1780569219957835,asymmetric
aihub_multi_angle_cctv:Validation:es_e4062,83388.0,20420.333333333332,전동킥보드 인도 주행,Validation,c1,c2,83388.0,20420.333333333332,4.083576827018821,asymmetric
aihub_multi_angle_cctv:Training:lo_e1302,11765.666666666666,33868.0,특정 구역 내 지속 배회,Training,c2,c1,33868.0,11765.666666666666,2.8785449188316288,asymmetric
aihub_multi_angle_cctv:Validation:lo_e1354,29857.0,14511.0,특정 구역 내 지속 배회,Validation,c1,c2,29857.0,14511.0,2.057542553924609,asymmetric
aihub_multi_angle_cctv:Training:fp_e1388,72612.33333333333,31871.0,특정 인물을 뒤따라가며 배회,Training,c1,c2,72612.33333333333,31871.0,2.278319893738299,asymmetric
aihub_multi_angle_cctv:Validation:fp_e1594,61187.333333333336,14738.333333333334,특정 인물을 뒤따라가며 배회,Validation,c1,c2,61187.333333333336,14738.333333333334,4.151577518941536,asymmetric
aihub_multi_angle_cctv:Training:bl_e0080,58976.666666666664,14656.333333333334,경계선을 통한 침입,Training,c1,c2,58976.666666666664,14656.333333333334,4.023971434419704,asymmetric
aihub_multi_angle_cctv:Validation:bl_e0096,55137.0,19970.666666666668,경계선을 통한 침입,Validation,c1,c2,55137.0,19970.666666666668,2.7608993190012017,asymmetric
aihub_multi_angle_cctv:Training:ab_e0474,77520.33333333333,13380.333333333334,비정상적인 경로로의 침범,Training,c1,c2,77520.33333333333,13380.333333333334,5.793602551007697,asymmetric
aihub_multi_angle_cctv:Validation:ab_e0463,45329.0,10542.0,비정상적인 경로로의 침범,Validation,c1,c2,45329.0,10542.0,4.299848226143047,asymmetric
aihub_multi_angle_cctv:Training:ph_e2042,46278.666666666664,113859.0,신체적 충돌을 동반한 싸움,Training,c2,c1,113859.0,46278.666666666664,2.4602912789190126,asymmetric
aihub_multi_angle_cctv:Training:ms_e3186,9211.666666666666,97287.0,오토바이 인도 주행,Training,c2,c1,97287.0,9211.666666666666,10.561280984259092,asymmetric
aihub_multi_angle_cctv:Validation:ms_e3503,14242.666666666666,31976.666666666668,오토바이 인도 주행,Validation,c2,c1,31976.666666666668,14242.666666666666,2.24513199775323,asymmetric
aihub_multi_angle_cctv:Training:md_e2274,88530.33333333333,16007.666666666666,이륜 이동수단 운전자 1인 헬멧 미착용,Training,c1,c2,88530.33333333333,16007.666666666666,5.530495804093872,asymmetric
aihub_multi_angle_cctv:Training:mp_e2842,111616.66666666667,46847.333333333336,이륜 이동수단 탑승자 일부 또는 전체 헬멧 미착용,Training,c1,c2,111616.66666666667,46847.333333333336,2.382561796473652,asymmetric
aihub_multi_angle_cctv:Training:bs_e4556,31246.333333333332,15327.333333333334,자전거 인도 주행,Training,c1,c2,31246.333333333332,15327.333333333334,2.038602061676308,asymmetric
aihub_multi_angle_cctv:Validation:bs_e4530,26622.0,12706.0,자전거 인도 주행,Validation,c1,c2,26622.0,12706.0,2.095230599716669,asymmetric
aihub_multi_angle_cctv:Training:st_e4850,59304.0,10893.333333333334,전동킥보드 앞뒤 2인 탑승,Training,c1,c2,59304.0,10893.333333333334,5.44406364749082,asymmetric
aihub_multi_angle_cctv:Training:es_e3790,10105.333333333334,38294.666666666664,전동킥보드 인도 주행,Training,c2,c1,38294.666666666664,10105.333333333334,3.78955007256894,asymmetric
aihub_multi_angle_cctv:Validation:es_e3727,36410.0,4047.6666666666665,전동킥보드 인도 주행,Validation,c1,c2,36410.0,4047.6666666666665,8.995305937577205,asymmetric
aihub_multi_angle_cctv:Training:lo_e1299,27245.333333333332,9786.0,특정 구역 내 지속 배회,Training,c1,c2,27245.333333333332,9786.0,2.784113359220655,asymmetric
aihub_multi_angle_cctv:Validation:lo_e1273,9316.333333333334,23898.333333333332,특정 구역 내 지속 배회,Validation,c2,c1,23898.333333333332,9316.333333333334,2.565208057533364,asymmetric
aihub_multi_angle_cctv:Training:fp_e1894,42620.0,89083.33333333333,특정 인물을 뒤따라가며 배회,Training,c2,c1,89083.33333333333,42620.0,2.0901767558266853,asymmetric
aihub_multi_angle_cctv:Validation:fp_e1521,124202.66666666667,36110.333333333336,특정 인물을 뒤따라가며 배회,Validation,c1,c2,124202.66666666667,36110.333333333336,3.439532543777866,asymmetric
aihub_multi_angle_cctv:Training:bl_e0168,92684.66666666667,41835.666666666664,경계선을 통한 침입,Training,c1,c2,92684.66666666667,41835.666666666664,2.2154461504139213,asymmetric
aihub_multi_angle_cctv:Validation:bl_e0244,14031.333333333334,34501.666666666664,경계선을 통한 침입,Validation,c2,c1,34501.666666666664,14031.333333333334,2.4589015061528956,asymmetric
aihub_multi_angle_cctv:Training:ab_e0501,51802.666666666664,15672.666666666666,비정상적인 경로로의 침범,Training,c1,c2,51802.666666666664,15672.666666666666,3.305287336764643,asymmetric
aihub_multi_angle_cctv:Validation:ab_e0856,83070.0,39788.666666666664,비정상적인 경로로의 침범,Validation,c1,c2,83070.0,39788.666666666664,2.0877804399912874,asymmetric
aihub_multi_angle_cctv:Training:ms_e3271,47232.666666666664,22731.666666666668,오토바이 인도 주행,Training,c1,c2,47232.666666666664,22731.666666666668,2.0778356184471,asymmetric
aihub_multi_angle_cctv:Validation:ms_e3259,49074.666666666664,22191.666666666668,오토바이 인도 주행,Validation,c1,c2,49074.666666666664,22191.666666666668,2.2114006759294025,asymmetric
aihub_multi_angle_cctv:Training:md_e2286,60736.0,18693.333333333332,이륜 이동수단 운전자 1인 헬멧 미착용,Training,c1,c2,60736.0,18693.333333333332,3.249072753209701,asymmetric
aihub_multi_angle_cctv:Training:mp_e2836,94768.66666666667,26725.666666666668,이륜 이동수단 탑승자 일부 또는 전체 헬멧 미착용,Training,c1,c2,94768.66666666667,26725.666666666668,3.5459795203113114,asymmetric
aihub_multi_angle_cctv:Training:bs_e4559,28244.666666666668,11911.666666666666,자전거 인도 주행,Training,c1,c2,28244.666666666668,11911.666666666666,2.371176717503848,asymmetric
aihub_multi_angle_cctv:Validation:bs_e4460,63768.333333333336,14322.666666666666,자전거 인도 주행,Validation,c1,c2,63768.333333333336,14322.666666666666,4.4522668032023835,asymmetric
aihub_multi_angle_cctv:Training:st_e4723,28855.333333333332,74906.33333333333,전동킥보드 앞뒤 2인 탑승,Training,c2,c1,74906.33333333333,28855.333333333332,2.5959268072915465,asymmetric
aihub_multi_angle_cctv:Training:es_e3873,7867.0,105680.66666666667,전동킥보드 인도 주행,Training,c2,c1,105680.66666666667,7867.0,13.433413838396678,asymmetric
aihub_multi_angle_cctv:Validation:es_e3943,30852.666666666668,6458.0,전동킥보드 인도 주행,Validation,c1,c2,30852.666666666668,6458.0,4.777433673996077,asymmetric
aihub_multi_angle_cctv:Training:lo_e1219,26480.666666666668,9949.333333333334,특정 구역 내 지속 배회,Training,c1,c2,26480.666666666668,9949.333333333334,2.661551862771375,asymmetric
aihub_multi_angle_cctv:Validation:lo_e1286,5582.0,16295.333333333334,특정 구역 내 지속 배회,Validation,c2,c1,16295.333333333334,5582.0,2.9192643019228472,asymmetric
aihub_multi_angle_cctv:Training:fp_e1876,45383.0,192697.33333333334,특정 인물을 뒤따라가며 배회,Training,c2,c1,192697.33333333334,45383.0,4.246024576015983,asymmetric
aihub_multi_angle_cctv:Validation:fp_e1591,82327.0,13830.666666666666,특정 인물을 뒤따라가며 배회,Validation,c1,c2,82327.0,13830.666666666666,5.952496866865902,asymmetric
aihub_multi_angle_cctv:Training:bl_e0128,78197.33333333333,23805.333333333332,경계선을 통한 침입,Training,c1,c2,78197.33333333333,23805.333333333332,3.2848661364400136,asymmetric
aihub_multi_angle_cctv:Validation:bl_e0065,72067.66666666667,17549.333333333332,경계선을 통한 침입,Validation,c1,c2,72067.66666666667,17549.333333333332,4.10657574836651,asymmetric
aihub_multi_angle_cctv:Training:ab_e0829,91526.0,40784.666666666664,비정상적인 경로로의 침범,Training,c1,c2,91526.0,40784.666666666664,2.244127695048793,asymmetric
aihub_multi_angle_cctv:Validation:ab_e0924,75786.33333333333,17520.666666666668,비정상적인 경로로의 침범,Validation,c1,c2,75786.33333333333,17520.666666666668,4.325539363037936,asymmetric
aihub_multi_angle_cctv:Training:ms_e3130,31304.0,7475.333333333333,오토바이 인도 주행,Training,c1,c2,31304.0,7475.333333333333,4.187639347186302,asymmetric
aihub_multi_angle_cctv:Validation:ms_e3278,44502.666666666664,16506.0,오토바이 인도 주행,Validation,c1,c2,44502.666666666664,16506.0,2.696150894624177,asymmetric
aihub_multi_angle_cctv:Training:md_e2270,100972.0,27080.666666666668,이륜 이동수단 운전자 1인 헬멧 미착용,Training,c1,c2,100972.0,27080.666666666668,3.7285640432288716,asymmetric
aihub_multi_angle_cctv:Training:mp_e2849,88653.0,39115.666666666664,이륜 이동수단 탑승자 일부 또는 전체 헬멧 미착용,Training,c1,c2,88653.0,39115.666666666664,2.2664320349050255,asymmetric
aihub_multi_angle_cctv:Training:bs_e4284,29549.0,4844.333333333333,자전거 인도 주행,Training,c1,c2,29549.0,4844.333333333333,6.099704121654167,asymmetric
aihub_multi_angle_cctv:Validation:bs_e4423,14914.0,39343.0,자전거 인도 주행,Validation,c2,c1,39343.0,14914.0,2.637991149255733,asymmetric
aihub_multi_angle_cctv:Training:st_e4729,36114.666666666664,77934.33333333333,전동킥보드 앞뒤 2인 탑승,Training,c2,c1,77934.33333333333,36114.666666666664,2.15796906150779,asymmetric
aihub_multi_angle_cctv:Training:es_e3759,68488.66666666667,18256.666666666668,전동킥보드 인도 주행,Training,c1,c2,68488.66666666667,18256.666666666668,3.7514332663867083,asymmetric
aihub_multi_angle_cctv:Validation:es_e3829,25537.333333333332,9819.333333333334,전동킥보드 인도 주행,Validation,c1,c2,25537.333333333332,9819.333333333334,2.6007196686808336,asymmetric
aihub_multi_angle_cctv:Training:lo_e1104,59508.0,21064.333333333332,특정 구역 내 지속 배회,Training,c1,c2,59508.0,21064.333333333332,2.825059737629168,asymmetric
aihub_multi_angle_cctv:Validation:lo_e1364,68727.0,21140.0,특정 구역 내 지속 배회,Validation,c1,c2,68727.0,21140.0,3.2510406811731314,asymmetric
aihub_multi_angle_cctv:Training:fp_e1691,16982.0,63758.333333333336,특정 인물을 뒤따라가며 배회,Training,c2,c1,63758.333333333336,16982.0,3.754465512503435,asymmetric
aihub_multi_angle_cctv:Validation:fp_e1588,89750.0,12904.666666666666,특정 인물을 뒤따라가며 배회,Validation,c1,c2,89750.0,12904.666666666666,6.9548483752647625,asymmetric
aihub_multi_angle_cctv:Training:bl_e0119,70884.66666666667,20208.333333333332,경계선을 통한 침입,Training,c1,c2,70884.66666666667,20208.333333333332,3.507694845360825,asymmetric
aihub_multi_angle_cctv:Validation:bl_e0101,61049.0,13713.333333333334,경계선을 통한 침입,Validation,c1,c2,61049.0,13713.333333333334,4.451798736023335,asymmetric
aihub_multi_angle_cctv:Training:ab_e0955,63854.333333333336,18290.0,비정상적인 경로로의 침범,Training,c1,c2,63854.333333333336,18290.0,3.491215600510297,asymmetric
aihub_multi_angle_cctv:Validation:ab_e0660,18298.333333333332,37829.0,비정상적인 경로로의 침범,Validation,c2,c1,37829.0,18298.333333333332,2.0673467528918845,asymmetric
aihub_multi_angle_cctv:Training:ms_e3527,85359.0,27335.666666666668,오토바이 인도 주행,Training,c1,c2,85359.0,27335.666666666668,3.1226236784664723,asymmetric
aihub_multi_angle_cctv:Validation:ms_e3138,31764.666666666668,13511.333333333334,오토바이 인도 주행,Validation,c1,c2,31764.666666666668,13511.333333333334,2.3509646222923966,asymmetric
aihub_multi_angle_cctv:Training:md_e2295,57284.0,20131.0,이륜 이동수단 운전자 1인 헬멧 미착용,Training,c1,c2,57284.0,20131.0,2.84556157170533,asymmetric
aihub_multi_angle_cctv:Training:mp_e2853,70722.66666666667,27530.666666666668,이륜 이동수단 탑승자 일부 또는 전체 헬멧 미착용,Training,c1,c2,70722.66666666667,27530.666666666668,2.5688686555598608,asymmetric
aihub_multi_angle_cctv:Training:bs_e4543,34408.0,15666.666666666666,자전거 인도 주행,Training,c1,c2,34408.0,15666.666666666666,2.1962553191489365,asymmetric
aihub_multi_angle_cctv:Validation:bs_e4634,40246.333333333336,11267.333333333334,자전거 인도 주행,Validation,c1,c2,40246.333333333336,11267.333333333334,3.5719484054197976,asymmetric
aihub_multi_angle_cctv:Training:st_e4699,28114.0,71195.0,전동킥보드 앞뒤 2인 탑승,Training,c2,c1,71195.0,28114.0,2.5323682151241376,asymmetric
aihub_multi_angle_cctv:Training:es_e4050,88418.66666666667,17147.0,전동킥보드 인도 주행,Training,c1,c2,88418.66666666667,17147.0,5.156509399117436,asymmetric
aihub_multi_angle_cctv:Validation:es_e3939,24681.333333333332,7975.333333333333,전동킥보드 인도 주행,Validation,c1,c2,24681.333333333332,7975.333333333333,3.09470868511243,asymmetric
aihub_multi_angle_cctv:Training:lo_e1153,53014.0,24295.0,특정 구역 내 지속 배회,Training,c1,c2,53014.0,24295.0,2.182095081292447,asymmetric
aihub_multi_angle_cctv:Validation:lo_e1280,30186.0,76983.66666666667,특정 구역 내 지속 배회,Validation,c2,c1,76983.66666666667,30186.0,2.550310298372314,asymmetric
aihub_multi_angle_cctv:Training:fp_e1589,78295.33333333333,15755.333333333334,특정 인물을 뒤따라가며 배회,Training,c1,c2,78295.33333333333,15755.333333333334,4.96944949858249,asymmetric
aihub_multi_angle_cctv:Validation:fp_e1641,40293.666666666664,106851.0,특정 인물을 뒤따라가며 배회,Validation,c2,c1,106851.0,40293.666666666664,2.651806321919905,asymmetric
aihub_multi_angle_cctv:Training:bl_e0155,59591.0,25680.666666666668,경계선을 통한 침입,Training,c1,c2,59591.0,25680.666666666668,2.320461566418317,asymmetric
aihub_multi_angle_cctv:Validation:bl_e0308,72160.0,13426.666666666666,경계선을 통한 침입,Validation,c1,c2,72160.0,13426.666666666666,5.374379344587885,asymmetric
aihub_multi_angle_cctv:Training:ab_e0920,56585.333333333336,15228.666666666666,비정상적인 경로로의 침범,Training,c1,c2,56585.333333333336,15228.666666666666,3.7157115965503658,asymmetric
aihub_multi_angle_cctv:Validation:ab_e0597,10502.0,25849.0,비정상적인 경로로의 침범,Validation,c2,c1,25849.0,10502.0,2.4613406970100935,asymmetric
aihub_multi_angle_cctv:Training:ms_e3234,38026.0,14868.333333333334,오토바이 인도 주행,Training,c1,c2,38026.0,14868.333333333334,2.5575159735455664,asymmetric
aihub_multi_angle_cctv:Validation:ms_e3174,4331.0,72336.66666666667,오토바이 인도 주행,Validation,c2,c1,72336.66666666667,4331.0,16.702070345570693,asymmetric
aihub_multi_angle_cctv:Training:md_e2290,53160.0,14886.0,이륜 이동수단 운전자 1인 헬멧 미착용,Training,c1,c2,53160.0,14886.0,3.5711406690850462,asymmetric
aihub_multi_angle_cctv:Training:mp_e2835,115605.33333333333,38246.666666666664,이륜 이동수단 탑승자 일부 또는 전체 헬멧 미착용,Training,c1,c2,115605.33333333333,38246.666666666664,3.0226250653651734,asymmetric
aihub_multi_angle_cctv:Training:bs_e4268,21769.0,6019.666666666667,자전거 인도 주행,Training,c1,c2,21769.0,6019.666666666667,3.6163131956365246,asymmetric
aihub_multi_angle_cctv:Validation:bs_e4307,26529.0,9981.0,자전거 인도 주행,Validation,c1,c2,26529.0,9981.0,2.65795010519988,asymmetric
aihub_multi_angle_cctv:Training:st_e4712,26035.666666666668,57703.666666666664,전동킥보드 앞뒤 2인 탑승,Training,c2,c1,57703.666666666664,26035.666666666668,2.2163314427644125,asymmetric
aihub_multi_angle_cctv:Training:es_e4090,20150.333333333332,41175.333333333336,전동킥보드 인도 주행,Training,c2,c1,41175.333333333336,20150.333333333332,2.0434070569552203,asymmetric
aihub_multi_angle_cctv:Validation:es_e3802,11313.0,39844.0,전동킥보드 인도 주행,Validation,c2,c1,39844.0,11313.0,3.521965879961107,asymmetric
aihub_multi_angle_cctv:Training:lo_e1210,36808.0,11812.0,특정 구역 내 지속 배회,Training,c1,c2,36808.0,11812.0,3.1161530646799864,asymmetric
aihub_multi_angle_cctv:Validation:lo_e1114,56557.333333333336,20872.333333333332,특정 구역 내 지속 배회,Validation,c1,c2,56557.333333333336,20872.333333333332,2.709679480013415,asymmetric
aihub_multi_angle_cctv:Training:fp_e1590,69200.66666666667,17428.0,특정 인물을 뒤따라가며 배회,Training,c1,c2,69200.66666666667,17428.0,3.9706602402264557,asymmetric
aihub_multi_angle_cctv:Validation:fp_e1673,71031.66666666667,145934.33333333334,특정 인물을 뒤따라가며 배회,Validation,c2,c1,145934.33333333334,71031.66666666667,2.054496820666839,asymmetric
aihub_multi_angle_cctv:Training:bl_e0275,86952.0,22095.333333333332,경계선을 통한 침입,Training,c1,c2,86952.0,22095.333333333332,3.9353106236611053,asymmetric
aihub_multi_angle_cctv:Validation:bl_e0037,8285.0,32274.0,경계선을 통한 침입,Validation,c2,c1,32274.0,8285.0,3.8954737477368737,asymmetric
aihub_multi_angle_cctv:Training:ab_e0504,61264.666666666664,20420.666666666668,비정상적인 경로로의 침범,Training,c1,c2,61264.666666666664,20420.666666666668,3.0001305866605725,asymmetric
aihub_multi_angle_cctv:Validation:ab_e0455,41836.333333333336,9107.0,비정상적인 경로로의 침범,Validation,c1,c2,41836.333333333336,9107.0,4.59386552468797,asymmetric
aihub_multi_angle_cctv:Training:ms_e3501,10404.666666666666,26111.333333333332,오토바이 인도 주행,Training,c2,c1,26111.333333333332,10404.666666666666,2.5095790350483758,asymmetric
aihub_multi_angle_cctv:Validation:ms_e3655,34583.333333333336,70348.33333333333,오토바이 인도 주행,Validation,c2,c1,70348.33333333333,34583.333333333336,2.034168674698795,asymmetric
aihub_multi_angle_cctv:Training:md_e2281,74142.0,17187.666666666668,이륜 이동수단 운전자 1인 헬멧 미착용,Training,c1,c2,74142.0,17187.666666666668,4.313674534065124,asymmetric
aihub_multi_angle_cctv:Training:mp_e2927,25478.0,51552.0,이륜 이동수단 탑승자 일부 또는 전체 헬멧 미착용,Training,c2,c1,51552.0,25478.0,2.0233927309835935,asymmetric
aihub_multi_angle_cctv:Training:bs_e4434,23842.0,10376.0,자전거 인도 주행,Training,c1,c2,23842.0,10376.0,2.2978026214340788,asymmetric
aihub_multi_angle_cctv:Validation:bs_e4308,31182.0,8904.0,자전거 인도 주행,Validation,c1,c2,31182.0,8904.0,3.502021563342318,asymmetric
aihub_multi_angle_cctv:Training:st_e4911,40712.333333333336,11165.0,전동킥보드 앞뒤 2인 탑승,Training,c1,c2,40712.333333333336,11165.0,3.646424839528288,asymmetric
aihub_multi_angle_cctv:Training:es_e3733,32846.0,12325.666666666666,전동킥보드 인도 주행,Training,c1,c2,32846.0,12325.666666666666,2.6648457149038594,asymmetric
aihub_multi_angle_cctv:Validation:es_e3749,32981.333333333336,12681.666666666666,전동킥보드 인도 주행,Validation,c1,c2,32981.333333333336,12681.666666666666,2.6007096858982788,asymmetric
aihub_multi_angle_cctv:Training:lo_e1034,15778.666666666666,32976.333333333336,특정 구역 내 지속 배회,Training,c2,c1,32976.333333333336,15778.666666666666,2.0899315531519354,asymmetric
aihub_multi_angle_cctv:Validation:lo_e1103,21924.333333333332,72051.0,특정 구역 내 지속 배회,Validation,c2,c1,72051.0,21924.333333333332,3.286348501664817,asymmetric
aihub_multi_angle_cctv:Training:fp_e2025,201024.66666666666,70631.0,특정 인물을 뒤따라가며 배회,Training,c1,c2,201024.66666666666,70631.0,2.8461251669474685,asymmetric
aihub_multi_angle_cctv:Validation:fp_e1621,43029.666666666664,10880.0,특정 인물을 뒤따라가며 배회,Validation,c1,c2,43029.666666666664,10880.0,3.9549325980392154,asymmetric
aihub_multi_angle_cctv:Training:bl_e0058,5277.0,28458.0,경계선을 통한 침입,Training,c2,c1,28458.0,5277.0,5.392836839113133,asymmetric
aihub_multi_angle_cctv:Validation:bl_e0277,79844.0,20902.666666666668,경계선을 통한 침입,Validation,c1,c2,79844.0,20902.666666666668,3.819799706576513,asymmetric
aihub_multi_angle_cctv:Training:ab_e0549,34540.0,7932.0,비정상적인 경로로의 침범,Training,c1,c2,34540.0,7932.0,4.354513363590519,asymmetric
aihub_multi_angle_cctv:Validation:ab_e0544,39129.333333333336,9312.666666666666,비정상적인 경로로의 침범,Validation,c1,c2,39129.333333333336,9312.666666666666,4.201732407473692,asymmetric
aihub_multi_angle_cctv:Training:ms_e3151,29906.0,13336.333333333334,오토바이 인도 주행,Training,c1,c2,29906.0,13336.333333333334,2.242445449773801,asymmetric
aihub_multi_angle_cctv:Validation:ms_e3159,33337.0,5440.0,오토바이 인도 주행,Validation,c1,c2,33337.0,5440.0,6.128125,asymmetric
aihub_multi_angle_cctv:Training:md_e2576,29466.666666666668,67169.33333333333,이륜 이동수단 운전자 1인 헬멧 미착용,Training,c2,c1,67169.33333333333,29466.666666666668,2.2795022624434385,asymmetric
aihub_multi_angle_cctv:Training:mp_e2852,107684.33333333333,27172.666666666668,이륜 이동수단 탑승자 일부 또는 전체 헬멧 미착용,Training,c1,c2,107684.33333333333,27172.666666666668,3.9629652346720965,asymmetric
aihub_multi_angle_cctv:Training:bs_e4519,30649.333333333332,14667.333333333334,자전거 인도 주행,Training,c1,c2,30649.333333333332,14667.333333333334,2.089632289441389,asymmetric
aihub_multi_angle_cctv:Validation:bs_e4464,72406.66666666667,13079.0,자전거 인도 주행,Validation,c1,c2,72406.66666666667,13079.0,5.5361011290363695,asymmetric
aihub_multi_angle_cctv:Training:st_e4851,36401.333333333336,8273.333333333334,전동킥보드 앞뒤 2인 탑승,Training,c1,c2,36401.333333333336,8273.333333333334,4.399838839645447,asymmetric
aihub_multi_angle_cctv:Training:es_e3764,8730.333333333334,45712.0,전동킥보드 인도 주행,Training,c2,c1,45712.0,8730.333333333334,5.235997098239853,asymmetric
aihub_multi_angle_cctv:Validation:es_e3723,36607.0,5068.333333333333,전동킥보드 인도 주행,Validation,c1,c2,36607.0,5068.333333333333,7.222689904636633,asymmetric
aihub_multi_angle_cctv:Training:lo_e1269,13837.666666666666,41860.0,특정 구역 내 지속 배회,Training,c2,c1,41860.0,13837.666666666666,3.025076482065859,asymmetric
aihub_multi_angle_cctv:Validation:lo_e1288,14202.0,29201.666666666668,특정 구역 내 지속 배회,Validation,c2,c1,29201.666666666668,14202.0,2.0561657982443786,asymmetric
aihub_multi_angle_cctv:Training:fp_e1696,87040.33333333333,41831.333333333336,특정 인물을 뒤따라가며 배회,Training,c1,c2,87040.33333333333,41831.333333333336,2.0807448961703345,asymmetric
aihub_multi_angle_cctv:Validation:fp_e1559,148047.66666666666,70051.33333333333,특정 인물을 뒤따라가며 배회,Validation,c1,c2,148047.66666666666,70051.33333333333,2.1134168276597163,asymmetric
aihub_multi_angle_cctv:Training:bl_e0043,9200.0,25416.333333333332,경계선을 통한 침입,Training,c2,c1,25416.333333333332,9200.0,2.7626449275362317,asymmetric
aihub_multi_angle_cctv:Validation:bl_e0114,59566.666666666664,22384.0,경계선을 통한 침입,Validation,c1,c2,59566.666666666664,22384.0,2.661126995472957,asymmetric
aihub_multi_angle_cctv:Training:ab_e0585,46950.0,10723.0,비정상적인 경로로의 침범,Training,c1,c2,46950.0,10723.0,4.378438869719295,asymmetric
aihub_multi_angle_cctv:Validation:ab_e0481,53325.0,13573.666666666666,비정상적인 경로로의 침범,Validation,c1,c2,53325.0,13573.666666666666,3.9285626580879645,asymmetric
aihub_multi_angle_cctv:Training:bl_e0013,31259.0,27507.0,경계선을 통한 침입,Training,c1,c2,31259.0,27507.0,1.13640164321809,symmetric
aihub_multi_angle_cctv:Training:ab_e0674,21419.333333333332,18572.333333333332,비정상적인 경로로의 침범,Training,c1,c2,21419.333333333332,18572.333333333332,1.153292531902292,symmetric
aihub_multi_angle_cctv:Validation:ab_e0675,18976.0,19601.333333333332,비정상적인 경로로의 침범,Validation,c2,c1,19601.333333333332,18976.0,1.032953906689151,symmetric
aihub_multi_angle_cctv:Training:ph_e2041,68118.33333333333,78853.0,신체적 충돌을 동반한 싸움,Training,c2,c1,78853.0,68118.33333333333,1.1575885101905998,symmetric
aihub_multi_angle_cctv:Validation:ph_e2058,24513.0,25726.333333333332,신체적 충돌을 동반한 싸움,Validation,c2,c1,25726.333333333332,24513.0,1.0494975455200641,symmetric
aihub_multi_angle_cctv:Training:ms_e3634,46407.0,55051.0,오토바이 인도 주행,Training,c2,c1,55051.0,46407.0,1.1862650031245285,symmetric
aihub_multi_angle_cctv:Validation:ms_e3578,21295.333333333332,23939.666666666668,오토바이 인도 주행,Validation,c2,c1,23939.666666666668,21295.333333333332,1.1241743104905615,symmetric
aihub_multi_angle_cctv:Training:md_e2505,30138.333333333332,30954.0,이륜 이동수단 운전자 1인 헬멧 미착용,Training,c2,c1,30954.0,30138.333333333332,1.027064093347343,symmetric
aihub_multi_angle_cctv:Validation:md_e2359,39701.333333333336,33524.0,이륜 이동수단 운전자 1인 헬멧 미착용,Validation,c1,c2,39701.333333333336,33524.0,1.184265998488645,symmetric
aihub_multi_angle_cctv:Training:mp_e2938,36764.666666666664,41171.333333333336,이륜 이동수단 탑승자 일부 또는 전체 헬멧 미착용,Training,c2,c1,41171.333333333336,36764.666666666664,1.1198614611855588,symmetric
aihub_multi_angle_cctv:Validation:mp_e2890,36283.333333333336,34286.0,이륜 이동수단 탑승자 일부 또는 전체 헬멧 미착용,Validation,c1,c2,36283.333333333336,34286.0,1.0582550700966382,symmetric
aihub_multi_angle_cctv:Training:bs_e4628,12851.666666666666,11033.0,자전거 인도 주행,Training,c1,c2,12851.666666666666,11033.0,1.1648388168826853,symmetric
aihub_multi_angle_cctv:Validation:bs_e4577,30680.333333333332,32353.666666666668,자전거 인도 주행,Validation,c2,c1,32353.666666666668,30680.333333333332,1.0545409111156985,symmetric
aihub_multi_angle_cctv:Training:st_e4937,23596.0,20936.666666666668,전동킥보드 앞뒤 2인 탑승,Training,c1,c2,23596.0,20936.666666666668,1.1270179907658016,symmetric
aihub_multi_angle_cctv:Validation:st_e4817,26518.333333333332,23701.0,전동킥보드 앞뒤 2인 탑승,Validation,c1,c2,26518.333333333332,23701.0,1.118869808587542,symmetric
aihub_multi_angle_cctv:Training:es_e3674,32821.0,32529.333333333332,전동킥보드 인도 주행,Training,c1,c2,32821.0,32529.333333333332,1.0089662663442227,symmetric
aihub_multi_angle_cctv:Validation:es_e3682,26883.333333333332,31795.666666666668,전동킥보드 인도 주행,Validation,c2,c1,31795.666666666668,26883.333333333332,1.1827278363298204,symmetric
aihub_multi_angle_cctv:Training:lo_e1042,16511.0,18046.0,특정 구역 내 지속 배회,Training,c2,c1,18046.0,16511.0,1.092968324147538,symmetric
aihub_multi_angle_cctv:Validation:lo_e1091,38578.666666666664,45948.333333333336,특정 구역 내 지속 배회,Validation,c2,c1,45948.333333333336,38578.666666666664,1.1910295845717842,symmetric
aihub_multi_angle_cctv:Training:fp_e1969,74158.0,74744.66666666667,특정 인물을 뒤따라가며 배회,Training,c2,c1,74744.66666666667,74158.0,1.007911036795311,symmetric
aihub_multi_angle_cctv:Validation:fp_e1439,77902.66666666667,92421.33333333333,특정 인물을 뒤따라가며 배회,Validation,c2,c1,92421.33333333333,77902.66666666667,1.1863693155561639,symmetric
aihub_multi_angle_cctv:Training:ab_e0415,26355.333333333332,22222.333333333332,비정상적인 경로로의 침범,Training,c1,c2,26355.333333333332,22222.333333333332,1.1859840700796496,symmetric
aihub_multi_angle_cctv:Validation:ab_e0677,27789.0,29113.666666666668,비정상적인 경로로의 침범,Validation,c2,c1,29113.666666666668,27789.0,1.0476687418283015,symmetric
aihub_multi_angle_cctv:Training:ph_e2048,133491.66666666666,117152.66666666667,신체적 충돌을 동반한 싸움,Training,c1,c2,133491.66666666666,117152.66666666667,1.1394675892994326,symmetric
aihub_multi_angle_cctv:Training:ms_e3624,50212.0,50349.333333333336,오토바이 인도 주행,Training,c2,c1,50349.333333333336,50212.0,1.002735069969994,symmetric
aihub_multi_angle_cctv:Validation:ms_e3169,32849.666666666664,29499.666666666668,오토바이 인도 주행,Validation,c1,c2,32849.666666666664,29499.666666666668,1.1135606052045786,symmetric
aihub_multi_angle_cctv:Training:md_e2557,29048.0,34399.333333333336,이륜 이동수단 운전자 1인 헬멧 미착용,Training,c2,c1,34399.333333333336,29048.0,1.1842238134581842,symmetric
aihub_multi_angle_cctv:Validation:md_e2633,36174.666666666664,30800.0,이륜 이동수단 운전자 1인 헬멧 미착용,Validation,c1,c2,36174.666666666664,30800.0,1.1745021645021645,symmetric
aihub_multi_angle_cctv:Training:mp_e3010,36507.666666666664,41204.666666666664,이륜 이동수단 탑승자 일부 또는 전체 헬멧 미착용,Training,c2,c1,41204.666666666664,36507.666666666664,1.12865790747149,symmetric
aihub_multi_angle_cctv:Validation:mp_e2962,52591.0,52776.333333333336,이륜 이동수단 탑승자 일부 또는 전체 헬멧 미착용,Validation,c2,c1,52776.333333333336,52591.0,1.0035240503761733,symmetric
aihub_multi_angle_cctv:Training:bs_e4332,25346.0,30179.0,자전거 인도 주행,Training,c2,c1,30179.0,25346.0,1.1906809753018228,symmetric
aihub_multi_angle_cctv:Validation:bs_e4608,29747.0,25738.666666666668,자전거 인도 주행,Validation,c1,c2,29747.0,25738.666666666668,1.1557319726481559,symmetric
aihub_multi_angle_cctv:Training:st_e5104,65498.666666666664,58263.0,전동킥보드 앞뒤 2인 탑승,Training,c1,c2,65498.666666666664,58263.0,1.1241897373404504,symmetric
aihub_multi_angle_cctv:Validation:st_e5113,35574.666666666664,32458.666666666668,전동킥보드 앞뒤 2인 탑승,Validation,c1,c2,35574.666666666664,32458.666666666668,1.0959990141307918,symmetric
aihub_multi_angle_cctv:Training:es_e4089,37102.333333333336,41724.333333333336,전동킥보드 인도 주행,Training,c2,c1,41724.333333333336,37102.333333333336,1.1245743753762116,symmetric
aihub_multi_angle_cctv:Validation:es_e4093,36079.666666666664,34876.0,전동킥보드 인도 주행,Validation,c1,c2,36079.666666666664,34876.0,1.0345127499330962,symmetric
aihub_multi_angle_cctv:Training:lo_e1329,50878.666666666664,61030.666666666664,특정 구역 내 지속 배회,Training,c2,c1,61030.666666666664,50878.666666666664,1.1995335307529023,symmetric
aihub_multi_angle_cctv:Validation:lo_e1190,47565.666666666664,41711.666666666664,특정 구역 내 지속 배회,Validation,c1,c2,47565.666666666664,41711.666666666664,1.1403444280177408,symmetric
aihub_multi_angle_cctv:Training:fp_e1640,61673.333333333336,64486.333333333336,특정 인물을 뒤따라가며 배회,Training,c2,c1,64486.333333333336,61673.333333333336,1.0456112852664576,symmetric
aihub_multi_angle_cctv:Validation:fp_e1725,118995.0,125656.0,특정 인물을 뒤따라가며 배회,Validation,c2,c1,125656.0,118995.0,1.0559771418967183,symmetric
aihub_multi_angle_cctv:Training:ab_e0707,30655.0,30170.666666666668,비정상적인 경로로의 침범,Training,c1,c2,30655.0,30170.666666666668,1.0160531200282834,symmetric
aihub_multi_angle_cctv:Validation:ab_e0703,18460.0,19411.0,비정상적인 경로로의 침범,Validation,c2,c1,19411.0,18460.0,1.051516793066089,symmetric
aihub_multi_angle_cctv:Training:ph_e2046,139694.33333333334,127268.66666666667,신체적 충돌을 동반한 싸움,Training,c1,c2,139694.33333333334,127268.66666666667,1.0976333530641216,symmetric
aihub_multi_angle_cctv:Training:ms_e3465,33571.333333333336,34066.666666666664,오토바이 인도 주행,Training,c2,c1,34066.666666666664,33571.333333333336,1.014754651786246,symmetric
aihub_multi_angle_cctv:Validation:ms_e3335,48057.333333333336,52031.333333333336,오토바이 인도 주행,Validation,c2,c1,52031.333333333336,48057.333333333336,1.082692894598119,symmetric
aihub_multi_angle_cctv:Training:md_e2158,31807.0,31738.333333333332,이륜 이동수단 운전자 1인 헬멧 미착용,Training,c1,c2,31807.0,31738.333333333332,1.002163524654729,symmetric
aihub_multi_angle_cctv:Validation:md_e2444,36580.666666666664,42924.333333333336,이륜 이동수단 운전자 1인 헬멧 미착용,Validation,c2,c1,42924.333333333336,36580.666666666664,1.1734158298554793,symmetric
aihub_multi_angle_cctv:Training:mp_e2874,82673.66666666667,77101.66666666667,이륜 이동수단 탑승자 일부 또는 전체 헬멧 미착용,Training,c1,c2,82673.66666666667,77101.66666666667,1.0722682172888611,symmetric
aihub_multi_angle_cctv:Validation:mp_e2949,59532.666666666664,52039.333333333336,이륜 이동수단 탑승자 일부 또는 전체 헬멧 미착용,Validation,c1,c2,59532.666666666664,52039.333333333336,1.1439936458319988,symmetric
aihub_multi_angle_cctv:Training:bs_e4482,48329.333333333336,49454.666666666664,자전거 인도 주행,Training,c2,c1,49454.666666666664,48329.333333333336,1.0232846856291553,symmetric
aihub_multi_angle_cctv:Validation:bs_e4446,34609.666666666664,35284.0,자전거 인도 주행,Validation,c2,c1,35284.0,34609.666666666664,1.0194839592021498,symmetric
aihub_multi_angle_cctv:Training:st_e4738,33429.666666666664,35286.0,전동킥보드 앞뒤 2인 탑승,Training,c2,c1,35286.0,33429.666666666664,1.0555295196881014,symmetric
aihub_multi_angle_cctv:Validation:st_e4987,32197.666666666668,34968.666666666664,전동킥보드 앞뒤 2인 탑승,Validation,c2,c1,34968.666666666664,32197.666666666668,1.0860621370078576,symmetric
aihub_multi_angle_cctv:Training:es_e3976,33399.333333333336,37497.333333333336,전동킥보드 인도 주행,Training,c2,c1,37497.333333333336,33399.333333333336,1.1226970598215533,symmetric
aihub_multi_angle_cctv:Validation:es_e3974,23160.0,24444.333333333332,전동킥보드 인도 주행,Validation,c2,c1,24444.333333333332,23160.0,1.0554548071387448,symmetric
aihub_multi_angle_cctv:Training:lo_e1138,32915.0,27729.666666666668,특정 구역 내 지속 배회,Training,c1,c2,32915.0,27729.666666666668,1.1869958768587192,symmetric
aihub_multi_angle_cctv:Validation:lo_e1220,22085.333333333332,19087.333333333332,특정 구역 내 지속 배회,Validation,c1,c2,22085.333333333332,19087.333333333332,1.1570675142328246,symmetric
aihub_multi_angle_cctv:Training:fp_e1932,55895.333333333336,54891.666666666664,특정 인물을 뒤따라가며 배회,Training,c1,c2,55895.333333333336,54891.666666666664,1.0182844997722789,symmetric
aihub_multi_angle_cctv:Validation:fp_e1662,55195.666666666664,58919.333333333336,특정 인물을 뒤따라가며 배회,Validation,c2,c1,58919.333333333336,55195.666666666664,1.0674630254790534,symmetric
aihub_multi_angle_cctv:Training:ab_e0698,25697.666666666668,23760.0,비정상적인 경로로의 침범,Training,c1,c2,25697.666666666668,23760.0,1.0815516273849608,symmetric
aihub_multi_angle_cctv:Validation:ab_e0706,20136.0,18564.333333333332,비정상적인 경로로의 침범,Validation,c1,c2,20136.0,18564.333333333332,1.0846605497997954,symmetric
aihub_multi_angle_cctv:Training:ph_e2053,126362.0,117384.0,신체적 충돌을 동반한 싸움,Training,c1,c2,126362.0,117384.0,1.07648401826484,symmetric
aihub_multi_angle_cctv:Training:ms_e3565,34200.333333333336,33765.333333333336,오토바이 인도 주행,Training,c1,c2,34200.333333333336,33765.333333333336,1.0128830358553151,symmetric
aihub_multi_angle_cctv:Validation:ms_e3413,33177.333333333336,31967.666666666668,오토바이 인도 주행,Validation,c1,c2,33177.333333333336,31967.666666666668,1.0378403178211317,symmetric
aihub_multi_angle_cctv:Training:md_e2555,30754.666666666668,35514.0,이륜 이동수단 운전자 1인 헬멧 미착용,Training,c2,c1,35514.0,30754.666666666668,1.1547515824156767,symmetric
aihub_multi_angle_cctv:Validation:md_e2177,51935.666666666664,50138.0,이륜 이동수단 운전자 1인 헬멧 미착용,Validation,c1,c2,51935.666666666664,50138.0,1.0358543752576221,symmetric
aihub_multi_angle_cctv:Training:mp_e3004,32547.666666666668,37934.0,이륜 이동수단 탑승자 일부 또는 전체 헬멧 미착용,Training,c2,c1,37934.0,32547.666666666668,1.1654906137664758,symmetric
aihub_multi_angle_cctv:Validation:mp_e3104,72476.66666666667,61116.0,이륜 이동수단 탑승자 일부 또는 전체 헬멧 미착용,Validation,c1,c2,72476.66666666667,61116.0,1.1858869472260403,symmetric
aihub_multi_angle_cctv:Training:bs_e4230,20566.666666666668,19946.333333333332,자전거 인도 주행,Training,c1,c2,20566.666666666668,19946.333333333332,1.0311001186517155,symmetric
aihub_multi_angle_cctv:Validation:bs_e4664,37758.0,34248.666666666664,자전거 인도 주행,Validation,c1,c2,37758.0,34248.666666666664,1.1024662760594086,symmetric
aihub_multi_angle_cctv:Training:st_e4785,44139.333333333336,45909.0,전동킥보드 앞뒤 2인 탑승,Training,c2,c1,45909.0,44139.333333333336,1.040092736637013,symmetric
aihub_multi_angle_cctv:Validation:st_e5015,60835.0,57250.666666666664,전동킥보드 앞뒤 2인 탑승,Validation,c1,c2,60835.0,57250.666666666664,1.0626077134472962,symmetric
aihub_multi_angle_cctv:Training:es_e4097,36862.0,30921.666666666668,전동킥보드 인도 주행,Training,c1,c2,36862.0,30921.666666666668,1.1921090928690776,symmetric
aihub_multi_angle_cctv:Validation:es_e4106,32620.0,30697.333333333332,전동킥보드 인도 주행,Validation,c1,c2,32620.0,30697.333333333332,1.0626330191547584,symmetric
aihub_multi_angle_cctv:Training:lo_e1230,28581.0,24466.666666666668,특정 구역 내 지속 배회,Training,c1,c2,28581.0,24466.666666666668,1.1681607629427793,symmetric
aihub_multi_angle_cctv:Training:fp_e1563,117552.33333333333,98375.0,특정 인물을 뒤따라가며 배회,Training,c1,c2,117552.33333333333,98375.0,1.1949411266412537,symmetric
aihub_multi_angle_cctv:Validation:fp_e1487,61133.666666666664,57446.666666666664,특정 인물을 뒤따라가며 배회,Validation,c1,c2,61133.666666666664,57446.666666666664,1.0641812695833817,symmetric
aihub_multi_angle_cctv:Training:ab_e0711,36866.666666666664,43171.666666666664,비정상적인 경로로의 침범,Training,c2,c1,43171.666666666664,36866.666666666664,1.1710216998191683,symmetric
aihub_multi_angle_cctv:Validation:ab_e0671,29978.333333333332,30642.0,비정상적인 경로로의 침범,Validation,c2,c1,30642.0,29978.333333333332,1.0221382109301163,symmetric
aihub_multi_angle_cctv:Training:ph_e2045,124522.33333333333,108085.33333333333,신체적 충돌을 동반한 싸움,Training,c1,c2,124522.33333333333,108085.33333333333,1.1520742869831244,symmetric
aihub_multi_angle_cctv:Training:ms_e3644,46076.666666666664,52641.666666666664,오토바이 인도 주행,Training,c2,c1,52641.666666666664,46076.666666666664,1.1424799247630761,symmetric
aihub_multi_angle_cctv:Validation:ms_e3626,59152.0,53001.666666666664,오토바이 인도 주행,Validation,c1,c2,59152.0,53001.666666666664,1.1160403760888022,symmetric
aihub_multi_angle_cctv:Training:md_e2606,46629.0,42334.333333333336,이륜 이동수단 운전자 1인 헬멧 미착용,Training,c1,c2,46629.0,42334.333333333336,1.101446422525452,symmetric
aihub_multi_angle_cctv:Validation:md_e2386,28742.333333333332,33878.333333333336,이륜 이동수단 운전자 1인 헬멧 미착용,Validation,c2,c1,33878.333333333336,28742.333333333332,1.178691129228664,symmetric
aihub_multi_angle_cctv:Training:mp_e3008,40406.333333333336,34839.666666666664,이륜 이동수단 탑승자 일부 또는 전체 헬멧 미착용,Training,c1,c2,40406.333333333336,34839.666666666664,1.1597795616108078,symmetric
aihub_multi_angle_cctv:Validation:mp_e2977,45248.0,44286.0,이륜 이동수단 탑승자 일부 또는 전체 헬멧 미착용,Validation,c1,c2,45248.0,44286.0,1.021722440500384,symmetric
aihub_multi_angle_cctv:Training:bs_e4572,33830.0,29994.0,자전거 인도 주행,Training,c1,c2,33830.0,29994.0,1.1278922451156899,symmetric
aihub_multi_angle_cctv:Validation:bs_e4226,27330.666666666668,27494.0,자전거 인도 주행,Validation,c2,c1,27494.0,27330.666666666668,1.0059761927992974,symmetric
aihub_multi_angle_cctv:Training:st_e4814,27944.333333333332,23392.0,전동킥보드 앞뒤 2인 탑승,Training,c1,c2,27944.333333333332,23392.0,1.1946106931144551,symmetric
aihub_multi_angle_cctv:Validation:st_e4902,22191.666666666668,26276.0,전동킥보드 앞뒤 2인 탑승,Validation,c2,c1,26276.0,22191.666666666668,1.184048066090875,symmetric
aihub_multi_angle_cctv:Training:es_e3967,21552.0,22811.666666666668,전동킥보드 인도 주행,Training,c2,c1,22811.666666666668,21552.0,1.0584477852016827,symmetric
aihub_multi_angle_cctv:Validation:es_e3972,22970.0,26688.333333333332,전동킥보드 인도 주행,Validation,c2,c1,26688.333333333332,22970.0,1.1618778116383688,symmetric
aihub_multi_angle_cctv:Training:lo_e1107,33562.0,36380.333333333336,특정 구역 내 지속 배회,Training,c2,c1,36380.333333333336,33562.0,1.0839739387799694,symmetric
aihub_multi_angle_cctv:Training:fp_e1705,62209.0,57271.666666666664,특정 인물을 뒤따라가며 배회,Training,c1,c2,62209.0,57271.666666666664,1.0862090038704422,symmetric
aihub_multi_angle_cctv:Validation:fp_e1526,53342.333333333336,46850.0,특정 인물을 뒤따라가며 배회,Validation,c1,c2,53342.333333333336,46850.0,1.1385770188545001,symmetric
aihub_multi_angle_cctv:Training:ab_e0673,27075.666666666668,30696.0,비정상적인 경로로의 침범,Training,c2,c1,30696.0,27075.666666666668,1.1337116968495697,symmetric
aihub_multi_angle_cctv:Validation:ab_e0341,41549.0,47253.333333333336,비정상적인 경로로의 침범,Validation,c2,c1,47253.333333333336,41549.0,1.1372917117941066,symmetric
aihub_multi_angle_cctv:Training:ph_e2055,129622.66666666667,123626.0,신체적 충돌을 동반한 싸움,Training,c1,c2,129622.66666666667,123626.0,1.0485065169678438,symmetric
aihub_multi_angle_cctv:Training:ms_e3471,36379.0,33282.0,오토바이 인도 주행,Training,c1,c2,36379.0,33282.0,1.0930533020852111,symmetric
aihub_multi_angle_cctv:Validation:ms_e3638,46414.333333333336,51672.0,오토바이 인도 주행,Validation,c2,c1,51672.0,46414.333333333336,1.113276789497497,symmetric
aihub_multi_angle_cctv:Training:md_e2374,27995.333333333332,29736.0,이륜 이동수단 운전자 1인 헬멧 미착용,Training,c2,c1,29736.0,27995.333333333332,1.0621770295049175,symmetric
aihub_multi_angle_cctv:Validation:md_e2640,55422.333333333336,60033.0,이륜 이동수단 운전자 1인 헬멧 미착용,Validation,c2,c1,60033.0,55422.333333333336,1.0831914932006952,symmetric
aihub_multi_angle_cctv:Training:mp_e2716,72797.0,63385.333333333336,이륜 이동수단 탑승자 일부 또는 전체 헬멧 미착용,Training,c1,c2,72797.0,63385.333333333336,1.148483350512211,symmetric
aihub_multi_angle_cctv:Validation:mp_e3007,42128.333333333336,41857.333333333336,이륜 이동수단 탑승자 일부 또는 전체 헬멧 미착용,Validation,c1,c2,42128.333333333336,41857.333333333336,1.006474373267926,symmetric
aihub_multi_angle_cctv:Training:bs_e4585,34048.333333333336,31572.0,자전거 인도 주행,Training,c1,c2,34048.333333333336,31572.0,1.0784344778073398,symmetric
aihub_multi_angle_cctv:Validation:bs_e4495,25443.0,22347.666666666668,자전거 인도 주행,Validation,c1,c2,25443.0,22347.666666666668,1.1385081216532673,symmetric
aihub_multi_angle_cctv:Training:st_e4809,47981.0,42274.666666666664,전동킥보드 앞뒤 2인 탑승,Training,c1,c2,47981.0,42274.666666666664,1.134982337727875,symmetric
aihub_multi_angle_cctv:Validation:st_e5116,38274.0,33152.333333333336,전동킥보드 앞뒤 2인 탑승,Validation,c1,c2,38274.0,33152.333333333336,1.1544888745890183,symmetric
aihub_multi_angle_cctv:Training:es_e4091,38380.0,40996.333333333336,전동킥보드 인도 주행,Training,c2,c1,40996.333333333336,38380.0,1.0681691853395867,symmetric
aihub_multi_angle_cctv:Validation:es_e3686,22154.0,24301.333333333332,전동킥보드 인도 주행,Validation,c2,c1,24301.333333333332,22154.0,1.0969275676326322,symmetric
aihub_multi_angle_cctv:Training:lo_e1249,34003.333333333336,30607.0,특정 구역 내 지속 배회,Training,c1,c2,34003.333333333336,30607.0,1.1109659010466015,symmetric
aihub_multi_angle_cctv:Training:fp_e1979,125051.33333333333,107574.66666666667,특정 인물을 뒤따라가며 배회,Training,c1,c2,125051.33333333333,107574.66666666667,1.1624608024194047,symmetric
aihub_multi_angle_cctv:Validation:fp_e1674,63244.666666666664,63990.333333333336,특정 인물을 뒤따라가며 배회,Validation,c2,c1,63990.333333333336,63244.666666666664,1.0117901904771944,symmetric
aihub_multi_angle_cctv:Training:ab_e0670,30778.666666666668,35007.333333333336,비정상적인 경로로의 침범,Training,c2,c1,35007.333333333336,30778.666666666668,1.137389533876278,symmetric
aihub_multi_angle_cctv:Validation:ab_e0669,22043.0,22076.666666666668,비정상적인 경로로의 침범,Validation,c2,c1,22076.666666666668,22043.0,1.0015273178182038,symmetric
aihub_multi_angle_cctv:Training:ph_e2033,44333.0,42381.0,신체적 충돌을 동반한 싸움,Training,c1,c2,44333.0,42381.0,1.0460583752153088,symmetric
aihub_multi_angle_cctv:Training:ms_e3469,34463.0,33064.666666666664,오토바이 인도 주행,Training,c1,c2,34463.0,33064.666666666664,1.0422908643667965,symmetric
aihub_multi_angle_cctv:Validation:ms_e3581,48041.333333333336,43375.0,오토바이 인도 주행,Validation,c1,c2,48041.333333333336,43375.0,1.1075811719500481,symmetric
aihub_multi_angle_cctv:Training:md_e2104,28733.333333333332,29678.333333333332,이륜 이동수단 운전자 1인 헬멧 미착용,Training,c2,c1,29678.333333333332,28733.333333333332,1.0328886310904872,symmetric
aihub_multi_angle_cctv:Validation:md_e2666,39054.666666666664,42827.0,이륜 이동수단 운전자 1인 헬멧 미착용,Validation,c2,c1,42827.0,39054.666666666664,1.0965911030692022,symmetric
aihub_multi_angle_cctv:Training:mp_e2830,54081.333333333336,55847.666666666664,이륜 이동수단 탑승자 일부 또는 전체 헬멧 미착용,Training,c2,c1,55847.666666666664,54081.333333333336,1.0326606839081875,symmetric
aihub_multi_angle_cctv:Validation:mp_e3103,67543.0,65640.0,이륜 이동수단 탑승자 일부 또는 전체 헬멧 미착용,Validation,c1,c2,67543.0,65640.0,1.0289914686166972,symmetric
aihub_multi_angle_cctv:Training:bs_e4504,22624.333333333332,25926.0,자전거 인도 주행,Training,c2,c1,25926.0,22624.333333333332,1.1459343185066226,symmetric
aihub_multi_angle_cctv:Validation:bs_e4614,22710.0,24187.0,자전거 인도 주행,Validation,c2,c1,24187.0,22710.0,1.0650374284456188,symmetric
aihub_multi_angle_cctv:Training:st_e5010,35204.333333333336,34666.666666666664,전동킥보드 앞뒤 2인 탑승,Training,c1,c2,35204.333333333336,34666.666666666664,1.0155096153846155,symmetric
aihub_multi_angle_cctv:Validation:st_e4969,37826.666666666664,38457.0,전동킥보드 앞뒤 2인 탑승,Validation,c2,c1,38457.0,37826.666666666664,1.0166637292915053,symmetric
aihub_multi_angle_cctv:Training:es_e4029,39821.666666666664,37644.0,전동킥보드 인도 주행,Training,c1,c2,39821.666666666664,37644.0,1.057848971062232,symmetric
aihub_multi_angle_cctv:Training:lo_e1222,16202.333333333334,19000.0,특정 구역 내 지속 배회,Training,c2,c1,19000.0,16202.333333333334,1.172670602999568,symmetric
aihub_multi_angle_cctv:Training:fp_e1407,65468.666666666664,68141.33333333333,특정 인물을 뒤따라가며 배회,Training,c2,c1,68141.33333333333,65468.666666666664,1.0408236000936835,symmetric
aihub_multi_angle_cctv:Validation:fp_e1560,88242.0,82481.66666666667,특정 인물을 뒤따라가며 배회,Validation,c1,c2,88242.0,82481.66666666667,1.0698377417203822,symmetric
aihub_multi_angle_cctv:Training:ab_e0681,28175.0,28851.333333333332,비정상적인 경로로의 침범,Training,c2,c1,28851.333333333332,28175.0,1.0240047323277137,symmetric
aihub_multi_angle_cctv:Validation:ab_e0699,21747.666666666668,23914.0,비정상적인 경로로의 침범,Validation,c2,c1,23914.0,21747.666666666668,1.0996122189353648,symmetric
aihub_multi_angle_cctv:Training:ph_e2073,103726.66666666667,111590.33333333333,신체적 충돌을 동반한 싸움,Training,c2,c1,111590.33333333333,103726.66666666667,1.0758114274696315,symmetric
aihub_multi_angle_cctv:Training:ms_e3389,24143.0,23795.0,오토바이 인도 주행,Training,c1,c2,24143.0,23795.0,1.0146249212019331,symmetric
aihub_multi_angle_cctv:Validation:ms_e3640,50412.333333333336,54609.333333333336,오토바이 인도 주행,Validation,c2,c1,54609.333333333336,50412.333333333336,1.0832534366590185,symmetric
aihub_multi_angle_cctv:Training:md_e2622,38133.333333333336,43359.0,이륜 이동수단 운전자 1인 헬멧 미착용,Training,c2,c1,43359.0,38133.333333333336,1.1370367132867132,symmetric
aihub_multi_angle_cctv:Validation:md_e2157,37657.0,43896.333333333336,이륜 이동수단 운전자 1인 헬멧 미착용,Validation,c2,c1,43896.333333333336,37657.0,1.1656885395366954,symmetric
aihub_multi_angle_cctv:Training:mp_e2909,27656.0,24909.0,이륜 이동수단 탑승자 일부 또는 전체 헬멧 미착용,Training,c1,c2,27656.0,24909.0,1.1102814243847605,symmetric
aihub_multi_angle_cctv:Validation:mp_e3056,72540.33333333333,78820.66666666667,이륜 이동수단 탑승자 일부 또는 전체 헬멧 미착용,Validation,c2,c1,78820.66666666667,72540.33333333333,1.086577122612248,symmetric
aihub_multi_angle_cctv:Training:bs_e4383,47608.0,45652.0,자전거 인도 주행,Training,c1,c2,47608.0,45652.0,1.0428458775081049,symmetric
aihub_multi_angle_cctv:Validation:bs_e4377,34839.0,36380.666666666664,자전거 인도 주행,Validation,c2,c1,36380.666666666664,34839.0,1.0442511744500893,symmetric
aihub_multi_angle_cctv:Training:st_e4783,52781.0,48813.0,전동킥보드 앞뒤 2인 탑승,Training,c1,c2,52781.0,48813.0,1.081289820334747,symmetric
aihub_multi_angle_cctv:Validation:st_e4816,29263.0,24564.666666666668,전동킥보드 앞뒤 2인 탑승,Validation,c1,c2,29263.0,24564.666666666668,1.191263874942329,symmetric
aihub_multi_angle_cctv:Training:es_e4080,36963.0,33648.333333333336,전동킥보드 인도 주행,Training,c1,c2,36963.0,33648.333333333336,1.0985090891079299,symmetric
aihub_multi_angle_cctv:Training:lo_e1158,26462.333333333332,26678.666666666668,특정 구역 내 지속 배회,Training,c2,c1,26678.666666666668,26462.333333333332,1.0081751420257725,symmetric
aihub_multi_angle_cctv:Training:fp_e1459,50458.0,48200.0,특정 인물을 뒤따라가며 배회,Training,c1,c2,50458.0,48200.0,1.0468464730290457,symmetric
aihub_multi_angle_cctv:Validation:fp_e1384,47300.0,53362.0,특정 인물을 뒤따라가며 배회,Validation,c2,c1,53362.0,47300.0,1.1281606765327696,symmetric
aihub_multi_angle_cctv:Training:ab_e0682,23076.666666666668,24458.0,비정상적인 경로로의 침범,Training,c2,c1,24458.0,23076.666666666668,1.0598584428715874,symmetric
aihub_multi_angle_cctv:Training:ph_e2072,125052.0,129907.33333333333,신체적 충돌을 동반한 싸움,Training,c2,c1,129907.33333333333,125052.0,1.0388265148364946,symmetric
aihub_multi_angle_cctv:Training:ms_e3434,7437.333333333333,7981.666666666667,오토바이 인도 주행,Training,c2,c1,7981.666666666667,7437.333333333333,1.0731893151667264,symmetric
