query_id,scoring,ndcg10_B2,ndcg10_B4,ndcg10_videodedup_B2,ndcg10_videodedup_B4,dataset_id,query_text,task,metadata_filter,relevance_def,coupling,difficulty,stratum,normal_stratum,degenerate,phi_value_level,V_field_level,positive_count,positive_count_semantic,distinct_videos,delta,delta_dedup,pair
uca:event_position_bin:0106,semantic,0.0,0.06943122193677727,0.0,0.06943122193677727,uca_ucfcrime,Find scenes where someone falls to the ground.,uca_external_filtered_scene_retrieval,{'event_position_bin': 'early'},falls,low,event_position_bin,annotation_timing,False,False,0.0204,0.0206,28,90,27,0.06943122193677727,0.06943122193677727,event_position_bin|falls
uca:event_position_bin:0106,strict,0.0,0.06943122193677727,0.0,0.06943122193677727,uca_ucfcrime,Find scenes where someone falls to the ground.,uca_external_filtered_scene_retrieval,{'event_position_bin': 'early'},falls,low,event_position_bin,annotation_timing,False,False,0.0204,0.0206,28,90,27,0.06943122193677727,0.06943122193677727,event_position_bin|falls
uca:event_position_bin:0107,semantic,0.1736666713479918,0.26462022272743835,0.1736666713479918,0.26462022272743835,uca_ucfcrime,Find scenes where people are fighting or hitting each other.,uca_external_filtered_scene_retrieval,{'event_position_bin': 'early'},fight,low,event_position_bin,annotation_timing,False,False,0.0071,0.0448,122,297,113,0.09095355137944655,0.09095355137944655,event_position_bin|fight
uca:event_position_bin:0107,strict,0.06362078819895171,0.26462022272743835,0.06362078819895171,0.26462022272743835,uca_ucfcrime,Find scenes where people are fighting or hitting each other.,uca_external_filtered_scene_retrieval,{'event_position_bin': 'early'},fight,low,event_position_bin,annotation_timing,False,False,0.0071,0.0448,122,297,113,0.20099943452848662,0.20099943452848662,event_position_bin|fight
uca:event_position_bin:0108,semantic,0.5847192329112588,0.8454256604216017,0.5847192329112588,0.7670273914429264,uca_ucfcrime,Find scenes with fire or smoke.,uca_external_filtered_scene_retrieval,{'event_position_bin': 'early'},fire,low,event_position_bin,annotation_timing,False,False,0.0465,0.0472,33,137,30,0.2607064275103429,0.1823081585316676,event_position_bin|fire
uca:event_position_bin:0108,strict,0.09478836436955078,0.8454256604216017,0.09478836436955078,0.7670273914429264,uca_ucfcrime,Find scenes with fire or smoke.,uca_external_filtered_scene_retrieval,{'event_position_bin': 'early'},fire,low,event_position_bin,annotation_timing,False,False,0.0465,0.0472,33,137,30,0.750637296052051,0.6722390270733757,event_position_bin|fire
uca:event_position_bin:0109,semantic,0.0,0.0,0.0,0.0,uca_ucfcrime,Find scenes where a weapon is visible.,uca_external_filtered_scene_retrieval,{'event_position_bin': 'early'},weapon,low,event_position_bin,annotation_timing,False,False,0.0075,0.0187,53,143,47,0.0,0.0,event_position_bin|weapon
uca:event_position_bin:0109,strict,0.0,0.0,0.0,0.0,uca_ucfcrime,Find scenes where a weapon is visible.,uca_external_filtered_scene_retrieval,{'event_position_bin': 'early'},weapon,low,event_position_bin,annotation_timing,False,False,0.0075,0.0187,53,143,47,0.0,0.0,event_position_bin|weapon
uca:event_position_bin:0110,semantic,0.2082936658103318,0.06625422345438903,0.2082936658103318,0.06625422345438903,uca_ucfcrime,Find scenes where someone is running.,uca_external_filtered_scene_retrieval,{'event_position_bin': 'early'},running,low,event_position_bin,annotation_timing,False,False,0.0362,0.0362,97,307,89,-0.14203944235594276,-0.14203944235594276,event_position_bin|running
uca:event_position_bin:0110,strict,0.0,0.06625422345438903,0.0,0.06625422345438903,uca_ucfcrime,Find scenes where someone is running.,uca_external_filtered_scene_retrieval,{'event_position_bin': 'early'},running,low,event_position_bin,annotation_timing,False,False,0.0362,0.0362,97,307,89,0.06625422345438903,0.06625422345438903,event_position_bin|running
uca:event_position_bin:0111,semantic,0.22784037450527975,0.3589542101716347,0.22784037450527975,0.3589542101716347,uca_ucfcrime,Find scenes of a vehicle crash.,uca_external_filtered_scene_retrieval,{'event_position_bin': 'early'},crash,low,event_position_bin,annotation_timing,False,False,0.0194,0.0332,22,72,21,0.13111383566635496,0.13111383566635496,event_position_bin|crash
uca:event_position_bin:0111,strict,0.13305201013572898,0.3589542101716347,0.13305201013572898,0.3589542101716347,uca_ucfcrime,Find scenes of a vehicle crash.,uca_external_filtered_scene_retrieval,{'event_position_bin': 'early'},crash,low,event_position_bin,annotation_timing,False,False,0.0194,0.0332,22,72,21,0.22590220003590572,0.22590220003590572,event_position_bin|crash
uca:event_position_bin:0112,semantic,0.6969383549984332,0.6620158551732016,0.5868924718493931,0.5231534112996471,uca_ucfcrime,Find scenes involving money or a cash register.,uca_external_filtered_scene_retrieval,{'event_position_bin': 'early'},money,low,event_position_bin,annotation_timing,False,False,0.01,0.0118,42,117,36,-0.034922499825231546,-0.06373906054974599,event_position_bin|money
uca:event_position_bin:0112,strict,0.40741536676357565,0.6620158551732016,0.2973694836145356,0.5231534112996471,uca_ucfcrime,Find scenes involving money or a cash register.,uca_external_filtered_scene_retrieval,{'event_position_bin': 'early'},money,low,event_position_bin,annotation_timing,False,False,0.01,0.0118,42,117,36,0.25460048840962596,0.22578392768511152,event_position_bin|money
uca:event_position_bin:0113,semantic,0.48471198902551854,0.5326208815196265,0.48471198902551854,0.5326208815196265,uca_ucfcrime,Find scenes where someone interacts with a door.,uca_external_filtered_scene_retrieval,{'event_position_bin': 'early'},door,low,event_position_bin,annotation_timing,False,False,0.0075,0.0129,285,703,237,0.04790889249410796,0.04790889249410796,event_position_bin|door
uca:event_position_bin:0113,strict,0.41528076708874123,0.5326208815196265,0.41528076708874123,0.5326208815196265,uca_ucfcrime,Find scenes where someone interacts with a door.,uca_external_filtered_scene_retrieval,{'event_position_bin': 'early'},door,low,event_position_bin,annotation_timing,False,False,0.0075,0.0129,285,703,237,0.11734011443088527,0.11734011443088527,event_position_bin|door
uca:event_position_bin:0114,semantic,0.14201905717762703,0.42566281055137817,0.14201905717762703,0.42566281055137817,uca_ucfcrime,Find scenes where someone takes or grabs an item.,uca_external_filtered_scene_retrieval,{'event_position_bin': 'early'},take,low,event_position_bin,annotation_timing,False,False,0.0541,0.0545,120,409,113,0.28364375337375114,0.28364375337375114,event_position_bin|take
uca:event_position_bin:0114,strict,0.14201905717762703,0.42566281055137817,0.14201905717762703,0.42566281055137817,uca_ucfcrime,Find scenes where someone takes or grabs an item.,uca_external_filtered_scene_retrieval,{'event_position_bin': 'early'},take,low,event_position_bin,annotation_timing,False,False,0.0541,0.0545,120,409,113,0.28364375337375114,0.28364375337375114,event_position_bin|take
uca:event_position_bin:0115,semantic,0.17947710508581735,0.0,0.17947710508581735,0.0,uca_ucfcrime,Find scenes where someone enters or leaves a place.,uca_external_filtered_scene_retrieval,{'event_position_bin': 'early'},enterexit,low,event_position_bin,annotation_timing,False,False,0.0156,0.0171,118,326,114,-0.17947710508581735,-0.17947710508581735,event_position_bin|enterexit
uca:event_position_bin:0115,strict,0.0,0.0,0.0,0.0,uca_ucfcrime,Find scenes where someone enters or leaves a place.,uca_external_filtered_scene_retrieval,{'event_position_bin': 'early'},enterexit,low,event_position_bin,annotation_timing,False,False,0.0156,0.0171,118,326,114,0.0,0.0,event_position_bin|enterexit
uca:event_position_bin:0116,semantic,0.0,0.07336392209936005,0.0,0.07336392209936005,uca_ucfcrime,Find scenes where someone falls to the ground.,uca_external_filtered_scene_retrieval,{'event_position_bin': 'late'},falls,low,event_position_bin,annotation_timing,False,False,0.0081,0.0206,29,90,29,0.07336392209936005,0.07336392209936005,event_position_bin|falls
uca:event_position_bin:0116,strict,0.0,0.07336392209936005,0.0,0.07336392209936005,uca_ucfcrime,Find scenes where someone falls to the ground.,uca_external_filtered_scene_retrieval,{'event_position_bin': 'late'},falls,low,event_position_bin,annotation_timing,False,False,0.0081,0.0206,29,90,29,0.07336392209936005,0.07336392209936005,event_position_bin|falls
uca:event_position_bin:0117,semantic,0.1736666713479918,0.06943122193677727,0.1736666713479918,0.06943122193677727,uca_ucfcrime,Find scenes where people are fighting or hitting each other.,uca_external_filtered_scene_retrieval,{'event_position_bin': 'late'},fight,low,event_position_bin,annotation_timing,False,False,0.0416,0.0448,61,297,56,-0.10423544941121453,-0.10423544941121453,event_position_bin|fight
uca:event_position_bin:0117,strict,0.0,0.06943122193677727,0.0,0.06943122193677727,uca_ucfcrime,Find scenes where people are fighting or hitting each other.,uca_external_filtered_scene_retrieval,{'event_position_bin': 'late'},fight,low,event_position_bin,annotation_timing,False,False,0.0416,0.0448,61,297,56,0.06943122193677727,0.06943122193677727,event_position_bin|fight
uca:event_position_bin:0118,semantic,0.5847192329112588,0.5806020001118019,0.5847192329112588,0.5806020001118019,uca_ucfcrime,Find scenes with fire or smoke.,uca_external_filtered_scene_retrieval,{'event_position_bin': 'late'},fire,low,event_position_bin,annotation_timing,False,False,0.0311,0.0472,53,137,50,-0.004117232799456971,-0.004117232799456971,event_position_bin|fire
uca:event_position_bin:0118,strict,0.21726071285222986,0.5806020001118019,0.21726071285222986,0.5806020001118019,uca_ucfcrime,Find scenes with fire or smoke.,uca_external_filtered_scene_retrieval,{'event_position_bin': 'late'},fire,low,event_position_bin,annotation_timing,False,False,0.0311,0.0472,53,137,50,0.363341287259572,0.363341287259572,event_position_bin|fire
uca:event_position_bin:0119,semantic,0.0,0.07839826897867533,0.0,0.07839826897867533,uca_ucfcrime,Find scenes where a weapon is visible.,uca_external_filtered_scene_retrieval,{'event_position_bin': 'late'},weapon,low,event_position_bin,annotation_timing,False,False,0.0108,0.0187,37,143,34,0.07839826897867533,0.07839826897867533,event_position_bin|weapon
uca:event_position_bin:0119,strict,0.0,0.07839826897867533,0.0,0.07839826897867533,uca_ucfcrime,Find scenes where a weapon is visible.,uca_external_filtered_scene_retrieval,{'event_position_bin': 'late'},weapon,low,event_position_bin,annotation_timing,False,False,0.0108,0.0187,37,143,34,0.07839826897867533,0.07839826897867533,event_position_bin|weapon
uca:event_position_bin:0120,semantic,0.2082936658103318,0.22009176629808017,0.2082936658103318,0.22009176629808017,uca_ucfcrime,Find scenes where someone is running.,uca_external_filtered_scene_retrieval,{'event_position_bin': 'late'},running,low,event_position_bin,annotation_timing,False,False,0.0202,0.0362,102,307,102,0.011798100487748375,0.011798100487748375,event_position_bin|running
uca:event_position_bin:0120,strict,0.13886244387355454,0.22009176629808017,0.13886244387355454,0.22009176629808017,uca_ucfcrime,Find scenes where someone is running.,uca_external_filtered_scene_retrieval,{'event_position_bin': 'late'},running,low,event_position_bin,annotation_timing,False,False,0.0202,0.0362,102,307,102,0.08122932242452563,0.08122932242452563,event_position_bin|running
uca:event_position_bin:0121,semantic,0.22784037450527975,0.0,0.22784037450527975,0.0,uca_ucfcrime,Find scenes of a vehicle crash.,uca_external_filtered_scene_retrieval,{'event_position_bin': 'late'},crash,low,event_position_bin,annotation_timing,False,False,0.0129,0.0332,17,72,15,-0.22784037450527975,-0.22784037450527975,event_position_bin|crash
uca:event_position_bin:0121,strict,0.0,0.0,0.0,0.0,uca_ucfcrime,Find scenes of a vehicle crash.,uca_external_filtered_scene_retrieval,{'event_position_bin': 'late'},crash,low,event_position_bin,annotation_timing,False,False,0.0129,0.0332,17,72,15,0.0,0.0,event_position_bin|crash
uca:event_position_bin:0122,semantic,0.6969383549984332,0.22009176629808017,0.5868924718493931,0.22009176629808017,uca_ucfcrime,Find scenes involving money or a cash register.,uca_external_filtered_scene_retrieval,{'event_position_bin': 'late'},money,low,event_position_bin,annotation_timing,False,False,0.0002,0.0118,34,117,27,-0.476846588700353,-0.36680070555131294,event_position_bin|money
uca:event_position_bin:0122,strict,0.06943122193677727,0.22009176629808017,0.06943122193677727,0.22009176629808017,uca_ucfcrime,Find scenes involving money or a cash register.,uca_external_filtered_scene_retrieval,{'event_position_bin': 'late'},money,low,event_position_bin,annotation_timing,False,False,0.0002,0.0118,34,117,27,0.15066054436130288,0.15066054436130288,event_position_bin|money
uca:event_position_bin:0123,semantic,0.48471198902551854,0.30523488393970116,0.48471198902551854,0.30523488393970116,uca_ucfcrime,Find scenes where someone interacts with a door.,uca_external_filtered_scene_retrieval,{'event_position_bin': 'late'},door,low,event_position_bin,annotation_timing,False,False,0.0128,0.0129,193,703,184,-0.17947710508581738,-0.17947710508581738,event_position_bin|door
uca:event_position_bin:0123,strict,0.06943122193677727,0.30523488393970116,0.06943122193677727,0.30523488393970116,uca_ucfcrime,Find scenes where someone interacts with a door.,uca_external_filtered_scene_retrieval,{'event_position_bin': 'late'},door,low,event_position_bin,annotation_timing,False,False,0.0128,0.0129,193,703,184,0.2358036620029239,0.2358036620029239,event_position_bin|door
uca:event_position_bin:0124,semantic,0.14201905717762703,0.07336392209936005,0.14201905717762703,0.07336392209936005,uca_ucfcrime,Find scenes where someone takes or grabs an item.,uca_external_filtered_scene_retrieval,{'event_position_bin': 'late'},take,low,event_position_bin,annotation_timing,False,False,0.0335,0.0545,143,409,139,-0.06865513507826698,-0.06865513507826698,event_position_bin|take
uca:event_position_bin:0124,strict,0.0,0.07336392209936005,0.0,0.07336392209936005,uca_ucfcrime,Find scenes where someone takes or grabs an item.,uca_external_filtered_scene_retrieval,{'event_position_bin': 'late'},take,low,event_position_bin,annotation_timing,False,False,0.0335,0.0545,143,409,139,0.07336392209936005,0.07336392209936005,event_position_bin|take
uca:event_position_bin:0125,semantic,0.17947710508581735,0.22009176629808017,0.17947710508581735,0.22009176629808017,uca_ucfcrime,Find scenes where someone enters or leaves a place.,uca_external_filtered_scene_retrieval,{'event_position_bin': 'late'},enterexit,low,event_position_bin,annotation_timing,False,False,0.0141,0.0171,104,326,102,0.040614661212262815,0.040614661212262815,event_position_bin|enterexit
uca:event_position_bin:0125,strict,0.11004588314904008,0.22009176629808017,0.11004588314904008,0.22009176629808017,uca_ucfcrime,Find scenes where someone enters or leaves a place.,uca_external_filtered_scene_retrieval,{'event_position_bin': 'late'},enterexit,low,event_position_bin,annotation_timing,False,False,0.0141,0.0171,104,326,102,0.11004588314904008,0.11004588314904008,event_position_bin|enterexit
uca:event_position_bin:0126,semantic,0.0,0.07839826897867533,0.0,0.07839826897867533,uca_ucfcrime,Find scenes where someone falls to the ground.,uca_external_filtered_scene_retrieval,{'event_position_bin': 'mid'},falls,low,event_position_bin,annotation_timing,False,False,0.0135,0.0206,33,90,32,0.07839826897867533,0.07839826897867533,event_position_bin|falls
uca:event_position_bin:0126,strict,0.0,0.07839826897867533,0.0,0.07839826897867533,uca_ucfcrime,Find scenes where someone falls to the ground.,uca_external_filtered_scene_retrieval,{'event_position_bin': 'mid'},falls,low,event_position_bin,annotation_timing,False,False,0.0135,0.0206,33,90,32,0.07839826897867533,0.07839826897867533,event_position_bin|falls
uca:event_position_bin:0127,semantic,0.1736666713479918,0.27191445400928355,0.1736666713479918,0.27191445400928355,uca_ucfcrime,Find scenes where people are fighting or hitting each other.,uca_external_filtered_scene_retrieval,{'event_position_bin': 'mid'},fight,low,event_position_bin,annotation_timing,False,False,0.0332,0.0448,114,297,109,0.09824778266129175,0.09824778266129175,event_position_bin|fight
uca:event_position_bin:0127,strict,0.11004588314904008,0.27191445400928355,0.11004588314904008,0.27191445400928355,uca_ucfcrime,Find scenes where people are fighting or hitting each other.,uca_external_filtered_scene_retrieval,{'event_position_bin': 'mid'},fight,low,event_position_bin,annotation_timing,False,False,0.0332,0.0448,114,297,109,0.16186857086024348,0.16186857086024348,event_position_bin|fight
uca:event_position_bin:0128,semantic,0.5847192329112588,0.5716145678915879,0.5847192329112588,0.498250645792228,uca_ucfcrime,Find scenes with fire or smoke.,uca_external_filtered_scene_retrieval,{'event_position_bin': 'mid'},fire,low,event_position_bin,annotation_timing,False,False,0.0186,0.0472,51,137,47,-0.013104665019670891,-0.08646858711903083,event_position_bin|fire
uca:event_position_bin:0128,strict,0.2726701556894781,0.5716145678915879,0.2726701556894781,0.498250645792228,uca_ucfcrime,Find scenes with fire or smoke.,uca_external_filtered_scene_retrieval,{'event_position_bin': 'mid'},fire,low,event_position_bin,annotation_timing,False,False,0.0186,0.0472,51,137,47,0.2989444122021098,0.2255804901027499,event_position_bin|fire
uca:event_position_bin:0129,semantic,0.0,0.0,0.0,0.0,uca_ucfcrime,Find scenes where a weapon is visible.,uca_external_filtered_scene_retrieval,{'event_position_bin': 'mid'},weapon,low,event_position_bin,annotation_timing,False,False,0.0184,0.0187,53,143,45,0.0,0.0,event_position_bin|weapon
uca:event_position_bin:0129,strict,0.0,0.0,0.0,0.0,uca_ucfcrime,Find scenes where a weapon is visible.,uca_external_filtered_scene_retrieval,{'event_position_bin': 'mid'},weapon,low,event_position_bin,annotation_timing,False,False,0.0184,0.0187,53,143,45,0.0,0.0,event_position_bin|weapon
uca:event_position_bin:0130,semantic,0.2082936658103318,0.33798414482679834,0.2082936658103318,0.33798414482679834,uca_ucfcrime,Find scenes where someone is running.,uca_external_filtered_scene_retrieval,{'event_position_bin': 'mid'},running,low,event_position_bin,annotation_timing,False,False,0.0183,0.0362,108,307,96,0.12969047901646655,0.12969047901646655,event_position_bin|running
uca:event_position_bin:0130,strict,0.06943122193677727,0.33798414482679834,0.06943122193677727,0.33798414482679834,uca_ucfcrime,Find scenes where someone is running.,uca_external_filtered_scene_retrieval,{'event_position_bin': 'mid'},running,low,event_position_bin,annotation_timing,False,False,0.0183,0.0362,108,307,96,0.2685529228900211,0.2685529228900211,event_position_bin|running
uca:event_position_bin:0131,semantic,0.22784037450527975,0.18340980524840012,0.22784037450527975,0.18340980524840012,uca_ucfcrime,Find scenes of a vehicle crash.,uca_external_filtered_scene_retrieval,{'event_position_bin': 'mid'},crash,low,event_position_bin,annotation_timing,False,False,0.0331,0.0332,33,72,29,-0.04443056925687963,-0.04443056925687963,event_position_bin|crash
uca:event_position_bin:0131,strict,0.09478836436955078,0.18340980524840012,0.09478836436955078,0.18340980524840012,uca_ucfcrime,Find scenes of a vehicle crash.,uca_external_filtered_scene_retrieval,{'event_position_bin': 'mid'},crash,low,event_position_bin,annotation_timing,False,False,0.0331,0.0332,33,72,29,0.08862144087884934,0.08862144087884934,event_position_bin|crash
uca:event_position_bin:0132,semantic,0.6969383549984332,0.22009176629808017,0.5868924718493931,0.22009176629808017,uca_ucfcrime,Find scenes involving money or a cash register.,uca_external_filtered_scene_retrieval,{'event_position_bin': 'mid'},money,low,event_position_bin,annotation_timing,False,False,0.0107,0.0118,41,117,39,-0.476846588700353,-0.36680070555131294,event_position_bin|money
uca:event_position_bin:0132,strict,0.22009176629808017,0.22009176629808017,0.22009176629808017,0.22009176629808017,uca_ucfcrime,Find scenes involving money or a cash register.,uca_external_filtered_scene_retrieval,{'event_position_bin': 'mid'},money,low,event_position_bin,annotation_timing,False,False,0.0107,0.0118,41,117,39,0.0,0.0,event_position_bin|money
uca:event_position_bin:0133,semantic,0.48471198902551854,0.06625422345438903,0.48471198902551854,0.06625422345438903,uca_ucfcrime,Find scenes where someone interacts with a door.,uca_external_filtered_scene_retrieval,{'event_position_bin': 'mid'},door,low,event_position_bin,annotation_timing,False,False,0.0046,0.0129,225,703,207,-0.4184577655711295,-0.4184577655711295,event_position_bin|door
uca:event_position_bin:0133,strict,0.0,0.06625422345438903,0.0,0.06625422345438903,uca_ucfcrime,Find scenes where someone interacts with a door.,uca_external_filtered_scene_retrieval,{'event_position_bin': 'mid'},door,low,event_position_bin,annotation_timing,False,False,0.0046,0.0129,225,703,207,0.06625422345438903,0.06625422345438903,event_position_bin|door
uca:event_position_bin:0134,semantic,0.14201905717762703,0.2032389337527008,0.14201905717762703,0.2032389337527008,uca_ucfcrime,Find scenes where someone takes or grabs an item.,uca_external_filtered_scene_retrieval,{'event_position_bin': 'mid'},take,low,event_position_bin,annotation_timing,False,False,0.0242,0.0545,146,409,142,0.06121987657507377,0.06121987657507377,event_position_bin|take
uca:event_position_bin:0134,strict,0.0,0.2032389337527008,0.0,0.2032389337527008,uca_ucfcrime,Find scenes where someone takes or grabs an item.,uca_external_filtered_scene_retrieval,{'event_position_bin': 'mid'},take,low,event_position_bin,annotation_timing,False,False,0.0242,0.0545,146,409,142,0.2032389337527008,0.2032389337527008,event_position_bin|take
uca:event_position_bin:0135,semantic,0.17947710508581735,0.31488013066763093,0.17947710508581735,0.31488013066763093,uca_ucfcrime,Find scenes where someone enters or leaves a place.,uca_external_filtered_scene_retrieval,{'event_position_bin': 'mid'},enterexit,low,event_position_bin,annotation_timing,False,False,0.0025,0.0171,104,326,102,0.13540302558181358,0.13540302558181358,event_position_bin|enterexit
uca:event_position_bin:0135,strict,0.06943122193677727,0.31488013066763093,0.06943122193677727,0.31488013066763093,uca_ucfcrime,Find scenes where someone enters or leaves a place.,uca_external_filtered_scene_retrieval,{'event_position_bin': 'mid'},enterexit,low,event_position_bin,annotation_timing,False,False,0.0025,0.0171,104,326,102,0.24544890873085368,0.24544890873085368,event_position_bin|enterexit
uca:video_class:0001,semantic,0.0,0.3436966913921454,0.0,0.2489083270225946,uca_ucfcrime,Find scenes where someone falls to the ground.,uca_external_filtered_scene_retrieval,{'video_class': 'Abuse'},falls,low,video_class,label_stratum,False,False,0.0473,0.1609,9,90,7,0.3436966913921454,0.2489083270225946,video_class|falls
uca:video_class:0001,strict,0.0,0.367048613489692,0.0,0.3108658234453849,uca_ucfcrime,Find scenes where someone falls to the ground.,uca_external_filtered_scene_retrieval,{'video_class': 'Abuse'},falls,low,video_class,label_stratum,False,False,0.0473,0.1609,9,90,7,0.367048613489692,0.3108658234453849,video_class|falls
uca:video_class:0002,semantic,0.1736666713479918,0.3683756341388872,0.1736666713479918,0.28997736516021183,uca_ucfcrime,Find scenes where people are fighting or hitting each other.,uca_external_filtered_scene_retrieval,{'video_class': 'Abuse'},fight,low,video_class,label_stratum,False,False,0.1142,0.3653,36,297,23,0.1947089627908954,0.11631069381222003,video_class|fight
uca:video_class:0002,strict,0.0,0.3683756341388872,0.0,0.28997736516021183,uca_ucfcrime,Find scenes where people are fighting or hitting each other.,uca_external_filtered_scene_retrieval,{'video_class': 'Abuse'},fight,low,video_class,label_stratum,False,False,0.1142,0.3653,36,297,23,0.3683756341388872,0.28997736516021183,video_class|fight
uca:video_class:0003,semantic,0.2082936658103318,0.06625422345438903,0.2082936658103318,0.06625422345438903,uca_ucfcrime,Find scenes where someone is running.,uca_external_filtered_scene_retrieval,{'video_class': 'Abuse'},running,low,video_class,label_stratum,False,False,0.0229,0.2079,15,307,12,-0.14203944235594276,-0.14203944235594276,video_class|running
uca:video_class:0003,strict,0.0,0.06625422345438903,0.0,0.06625422345438903,uca_ucfcrime,Find scenes where someone is running.,uca_external_filtered_scene_retrieval,{'video_class': 'Abuse'},running,low,video_class,label_stratum,False,False,0.0229,0.2079,15,307,12,0.06625422345438903,0.06625422345438903,video_class|running
uca:video_class:0004,semantic,0.48471198902551854,0.07336392209936005,0.48471198902551854,0.07336392209936005,uca_ucfcrime,Find scenes where someone interacts with a door.,uca_external_filtered_scene_retrieval,{'video_class': 'Abuse'},door,low,video_class,label_stratum,False,False,0.0205,0.1869,29,703,16,-0.4113480669261585,-0.4113480669261585,video_class|door
uca:video_class:0004,strict,0.0,0.07336392209936005,0.0,0.07336392209936005,uca_ucfcrime,Find scenes where someone interacts with a door.,uca_external_filtered_scene_retrieval,{'video_class': 'Abuse'},door,low,video_class,label_stratum,False,False,0.0205,0.1869,29,703,16,0.07336392209936005,0.07336392209936005,video_class|door
uca:video_class:0005,semantic,0.14201905717762703,0.0,0.14201905717762703,0.0,uca_ucfcrime,Find scenes where someone takes or grabs an item.,uca_external_filtered_scene_retrieval,{'video_class': 'Abuse'},take,low,video_class,label_stratum,False,False,0.0341,0.1381,22,409,17,-0.14201905717762703,-0.14201905717762703,video_class|take
uca:video_class:0005,strict,0.0,0.0,0.0,0.0,uca_ucfcrime,Find scenes where someone takes or grabs an item.,uca_external_filtered_scene_retrieval,{'video_class': 'Abuse'},take,low,video_class,label_stratum,False,False,0.0341,0.1381,22,409,17,0.0,0.0,video_class|take
uca:video_class:0006,semantic,0.0,0.15139734109601002,0.0,0.15139734109601002,uca_ucfcrime,Find scenes where someone falls to the ground.,uca_external_filtered_scene_retrieval,{'video_class': 'Arrest'},falls,low,video_class,label_stratum,False,False,0.0246,0.1609,6,90,6,0.15139734109601002,0.15139734109601002,video_class|falls
uca:video_class:0006,strict,0.0,0.20815499636142162,0.0,0.20815499636142162,uca_ucfcrime,Find scenes where someone falls to the ground.,uca_external_filtered_scene_retrieval,{'video_class': 'Arrest'},falls,low,video_class,label_stratum,False,False,0.0246,0.1609,6,90,6,0.20815499636142162,0.20815499636142162,video_class|falls
uca:video_class:0007,semantic,0.1736666713479918,0.0,0.1736666713479918,0.0,uca_ucfcrime,Find scenes where people are fighting or hitting each other.,uca_external_filtered_scene_retrieval,{'video_class': 'Arrest'},fight,low,video_class,label_stratum,False,False,0.0008,0.3653,9,297,9,-0.1736666713479918,-0.1736666713479918,video_class|fight
uca:video_class:0007,strict,0.0,0.0,0.0,0.0,uca_ucfcrime,Find scenes where people are fighting or hitting each other.,uca_external_filtered_scene_retrieval,{'video_class': 'Arrest'},fight,low,video_class,label_stratum,False,False,0.0008,0.3653,9,297,9,0.0,0.0,video_class|fight
uca:video_class:0008,semantic,0.0,0.0,0.0,0.0,uca_ucfcrime,Find scenes where a weapon is visible.,uca_external_filtered_scene_retrieval,{'video_class': 'Arrest'},weapon,low,video_class,label_stratum,False,False,0.0157,0.3271,7,143,6,0.0,0.0,video_class|weapon
uca:video_class:0008,strict,0.0,0.0,0.0,0.0,uca_ucfcrime,Find scenes where a weapon is visible.,uca_external_filtered_scene_retrieval,{'video_class': 'Arrest'},weapon,low,video_class,label_stratum,False,False,0.0157,0.3271,7,143,6,0.0,0.0,video_class|weapon
uca:video_class:0009,semantic,0.2082936658103318,0.07336392209936005,0.2082936658103318,0.07336392209936005,uca_ucfcrime,Find scenes where someone is running.,uca_external_filtered_scene_retrieval,{'video_class': 'Arrest'},running,low,video_class,label_stratum,False,False,0.0147,0.2079,6,307,6,-0.13492974371097174,-0.13492974371097174,video_class|running
uca:video_class:0009,strict,0.0,0.10086747116627115,0.0,0.10086747116627115,uca_ucfcrime,Find scenes where someone is running.,uca_external_filtered_scene_retrieval,{'video_class': 'Arrest'},running,low,video_class,label_stratum,False,False,0.0147,0.2079,6,307,6,0.10086747116627115,0.10086747116627115,video_class|running
uca:video_class:0010,semantic,0.48471198902551854,0.4412851793128928,0.48471198902551854,0.4412851793128928,uca_ucfcrime,Find scenes where someone interacts with a door.,uca_external_filtered_scene_retrieval,{'video_class': 'Arrest'},door,low,video_class,label_stratum,False,False,0.0036,0.1869,23,703,17,-0.04342680971262575,-0.04342680971262575,video_class|door
uca:video_class:0010,strict,0.0,0.4412851793128928,0.0,0.4412851793128928,uca_ucfcrime,Find scenes where someone interacts with a door.,uca_external_filtered_scene_retrieval,{'video_class': 'Arrest'},door,low,video_class,label_stratum,False,False,0.0036,0.1869,23,703,17,0.4412851793128928,0.4412851793128928,video_class|door
uca:video_class:0011,semantic,0.14201905717762703,0.2489083270225946,0.14201905717762703,0.2489083270225946,uca_ucfcrime,Find scenes where someone takes or grabs an item.,uca_external_filtered_scene_retrieval,{'video_class': 'Arrest'},take,low,video_class,label_stratum,False,False,0.0024,0.1381,12,409,11,0.10688926984496758,0.10688926984496758,video_class|take
uca:video_class:0011,strict,0.07839826897867533,0.2489083270225946,0.07839826897867533,0.2489083270225946,uca_ucfcrime,Find scenes where someone takes or grabs an item.,uca_external_filtered_scene_retrieval,{'video_class': 'Arrest'},take,low,video_class,label_stratum,False,False,0.0024,0.1381,12,409,11,0.17051005804391928,0.17051005804391928,video_class|take
uca:video_class:0012,semantic,0.5847192329112588,0.8630152897016883,0.5847192329112588,0.7778721720600673,uca_ucfcrime,Find scenes with fire or smoke.,uca_external_filtered_scene_retrieval,{'video_class': 'Arson'},fire,natural,video_class,label_stratum,False,False,0.4464,0.5712,72,137,44,0.27829605679042946,0.1931529391488085,video_class|fire
uca:video_class:0012,strict,0.07839826897867533,0.8630152897016883,0.07839826897867533,0.7778721720600673,uca_ucfcrime,Find scenes with fire or smoke.,uca_external_filtered_scene_retrieval,{'video_class': 'Arson'},fire,natural,video_class,label_stratum,False,False,0.4464,0.5712,72,137,44,0.784617020723013,0.699473903081392,video_class|fire
uca:video_class:0013,semantic,0.2082936658103318,0.1681522864689108,0.2082936658103318,0.1681522864689108,uca_ucfcrime,Find scenes where someone is running.,uca_external_filtered_scene_retrieval,{'video_class': 'Arson'},running,low,video_class,label_stratum,False,False,0.0508,0.2079,20,307,17,-0.04014137934142098,-0.04014137934142098,video_class|running
uca:video_class:0013,strict,0.0,0.1681522864689108,0.0,0.1681522864689108,uca_ucfcrime,Find scenes where someone is running.,uca_external_filtered_scene_retrieval,{'video_class': 'Arson'},running,low,video_class,label_stratum,False,False,0.0508,0.2079,20,307,17,0.1681522864689108,0.1681522864689108,video_class|running
uca:video_class:0014,semantic,0.48471198902551854,0.5321408435198608,0.48471198902551854,0.4537425745411855,uca_ucfcrime,Find scenes where someone interacts with a door.,uca_external_filtered_scene_retrieval,{'video_class': 'Arson'},door,low,video_class,label_stratum,False,False,0.0861,0.1869,48,703,24,0.047428854494342254,-0.030969414484333047,video_class|door
uca:video_class:0014,strict,0.0,0.5321408435198608,0.0,0.4537425745411855,uca_ucfcrime,Find scenes where someone interacts with a door.,uca_external_filtered_scene_retrieval,{'video_class': 'Arson'},door,low,video_class,label_stratum,False,False,0.0861,0.1869,48,703,24,0.5321408435198608,0.4537425745411855,video_class|door
uca:video_class:0015,semantic,0.17947710508581735,0.13305201013572898,0.17947710508581735,0.13305201013572898,uca_ucfcrime,Find scenes where someone enters or leaves a place.,uca_external_filtered_scene_retrieval,{'video_class': 'Arson'},enterexit,low,video_class,label_stratum,False,False,0.0046,0.1251,8,326,7,-0.04642509495008837,-0.04642509495008837,video_class|enterexit
uca:video_class:0015,strict,0.0,0.15291137700635812,0.0,0.16617090792688713,uca_ucfcrime,Find scenes where someone enters or leaves a place.,uca_external_filtered_scene_retrieval,{'video_class': 'Arson'},enterexit,low,video_class,label_stratum,False,False,0.0046,0.1251,8,326,7,0.15291137700635812,0.16617090792688713,video_class|enterexit
uca:video_class:0016,semantic,0.0,0.06625422345438903,0.0,0.06625422345438903,uca_ucfcrime,Find scenes where someone falls to the ground.,uca_external_filtered_scene_retrieval,{'video_class': 'Assault'},falls,low,video_class,label_stratum,False,False,0.0759,0.1609,11,90,10,0.06625422345438903,0.06625422345438903,video_class|falls
uca:video_class:0016,strict,0.0,0.06625422345438903,0.0,0.06625422345438903,uca_ucfcrime,Find scenes where someone falls to the ground.,uca_external_filtered_scene_retrieval,{'video_class': 'Assault'},falls,low,video_class,label_stratum,False,False,0.0759,0.1609,11,90,10,0.06625422345438903,0.06625422345438903,video_class|falls
uca:video_class:0017,semantic,0.1736666713479918,0.41388361500911724,0.1736666713479918,0.3476293915547282,uca_ucfcrime,Find scenes where people are fighting or hitting each other.,uca_external_filtered_scene_retrieval,{'video_class': 'Assault'},fight,low,video_class,label_stratum,False,False,0.2205,0.3653,53,297,36,0.24021694366112545,0.17396272020673642,video_class|fight
uca:video_class:0017,strict,0.06362078819895171,0.41388361500911724,0.06362078819895171,0.3476293915547282,uca_ucfcrime,Find scenes where people are fighting or hitting each other.,uca_external_filtered_scene_retrieval,{'video_class': 'Assault'},fight,low,video_class,label_stratum,False,False,0.2205,0.3653,53,297,36,0.3502628268101655,0.2840086033557765,video_class|fight
uca:video_class:0018,semantic,0.2082936658103318,0.5264282969545138,0.2082936658103318,0.5264282969545138,uca_ucfcrime,Find scenes where someone is running.,uca_external_filtered_scene_retrieval,{'video_class': 'Assault'},running,low,video_class,label_stratum,False,False,0.0643,0.2079,21,307,17,0.31813463114418195,0.31813463114418195,video_class|running
uca:video_class:0018,strict,0.13886244387355454,0.5264282969545138,0.13886244387355454,0.5264282969545138,uca_ucfcrime,Find scenes where someone is running.,uca_external_filtered_scene_retrieval,{'video_class': 'Assault'},running,low,video_class,label_stratum,False,False,0.0643,0.2079,21,307,17,0.38756585308095926,0.38756585308095926,video_class|running
uca:video_class:0019,semantic,0.48471198902551854,0.07336392209936005,0.48471198902551854,0.07336392209936005,uca_ucfcrime,Find scenes where someone interacts with a door.,uca_external_filtered_scene_retrieval,{'video_class': 'Assault'},door,low,video_class,label_stratum,False,False,0.0066,0.1869,15,703,11,-0.4113480669261585,-0.4113480669261585,video_class|door
uca:video_class:0019,strict,0.0,0.07336392209936005,0.0,0.07336392209936005,uca_ucfcrime,Find scenes where someone interacts with a door.,uca_external_filtered_scene_retrieval,{'video_class': 'Assault'},door,low,video_class,label_stratum,False,False,0.0066,0.1869,15,703,11,0.07336392209936005,0.07336392209936005,video_class|door
uca:video_class:0020,semantic,0.17947710508581735,0.0,0.17947710508581735,0.0,uca_ucfcrime,Find scenes where someone enters or leaves a place.,uca_external_filtered_scene_retrieval,{'video_class': 'Assault'},enterexit,low,video_class,label_stratum,False,False,0.0004,0.1251,8,326,7,-0.17947710508581735,-0.17947710508581735,video_class|enterexit
uca:video_class:0020,strict,0.0,0.0,0.0,0.0,uca_ucfcrime,Find scenes where someone enters or leaves a place.,uca_external_filtered_scene_retrieval,{'video_class': 'Assault'},enterexit,low,video_class,label_stratum,False,False,0.0004,0.1251,8,326,7,0.0,0.0,video_class|enterexit
uca:video_class:0021,semantic,0.1736666713479918,0.0,0.1736666713479918,0.0,uca_ucfcrime,Find scenes where people are fighting or hitting each other.,uca_external_filtered_scene_retrieval,{'video_class': 'Burglary'},fight,low,video_class,label_stratum,False,False,0.0253,0.3653,10,297,10,-0.1736666713479918,-0.1736666713479918,video_class|fight
uca:video_class:0021,strict,0.0,0.0,0.0,0.0,uca_ucfcrime,Find scenes where people are fighting or hitting each other.,uca_external_filtered_scene_retrieval,{'video_class': 'Burglary'},fight,low,video_class,label_stratum,False,False,0.0253,0.3653,10,297,10,0.0,0.0,video_class|fight
uca:video_class:0022,semantic,0.0,0.06943122193677727,0.0,0.06943122193677727,uca_ucfcrime,Find scenes where a weapon is visible.,uca_external_filtered_scene_retrieval,{'video_class': 'Burglary'},weapon,low,video_class,label_stratum,False,False,0.0055,0.3271,10,143,5,0.06943122193677727,0.06943122193677727,video_class|weapon
uca:video_class:0022,strict,0.0,0.06943122193677727,0.0,0.10699313236726378,uca_ucfcrime,Find scenes where a weapon is visible.,uca_external_filtered_scene_retrieval,{'video_class': 'Burglary'},weapon,low,video_class,label_stratum,False,False,0.0055,0.3271,10,143,5,0.06943122193677727,0.10699313236726378,video_class|weapon
uca:video_class:0023,semantic,0.2082936658103318,0.09478836436955078,0.2082936658103318,0.09478836436955078,uca_ucfcrime,Find scenes where someone is running.,uca_external_filtered_scene_retrieval,{'video_class': 'Burglary'},running,low,video_class,label_stratum,False,False,0.0249,0.2079,27,307,20,-0.11350530144078101,-0.11350530144078101,video_class|running
uca:video_class:0023,strict,0.0,0.09478836436955078,0.0,0.09478836436955078,uca_ucfcrime,Find scenes where someone is running.,uca_external_filtered_scene_retrieval,{'video_class': 'Burglary'},running,low,video_class,label_stratum,False,False,0.0249,0.2079,27,307,20,0.09478836436955078,0.09478836436955078,video_class|running
uca:video_class:0024,semantic,0.6969383549984332,0.27191445400928355,0.5868924718493931,0.27191445400928355,uca_ucfcrime,Find scenes involving money or a cash register.,uca_external_filtered_scene_retrieval,{'video_class': 'Burglary'},money,low,video_class,label_stratum,False,False,0.0623,0.1451,20,117,13,-0.4250239009891496,-0.31497801784010954,video_class|money
uca:video_class:0024,strict,0.0,0.27191445400928355,0.0,0.27191445400928355,uca_ucfcrime,Find scenes involving money or a cash register.,uca_external_filtered_scene_retrieval,{'video_class': 'Burglary'},money,low,video_class,label_stratum,False,False,0.0623,0.1451,20,117,13,0.27191445400928355,0.27191445400928355,video_class|money
uca:video_class:0025,semantic,0.48471198902551854,0.2992268320114626,0.48471198902551854,0.2992268320114626,uca_ucfcrime,Find scenes where someone interacts with a door.,uca_external_filtered_scene_retrieval,{'video_class': 'Burglary'},door,low,video_class,label_stratum,False,False,0.0955,0.1869,89,703,53,-0.18548515701405593,-0.18548515701405593,video_class|door
uca:video_class:0025,strict,0.0,0.2992268320114626,0.0,0.2992268320114626,uca_ucfcrime,Find scenes where someone interacts with a door.,uca_external_filtered_scene_retrieval,{'video_class': 'Burglary'},door,low,video_class,label_stratum,False,False,0.0955,0.1869,89,703,53,0.2992268320114626,0.2992268320114626,video_class|door
uca:video_class:0026,semantic,0.14201905717762703,0.1884441521277154,0.14201905717762703,0.1884441521277154,uca_ucfcrime,Find scenes where someone takes or grabs an item.,uca_external_filtered_scene_retrieval,{'video_class': 'Burglary'},take,low,video_class,label_stratum,False,False,0.0078,0.1381,28,409,23,0.04642509495008837,0.04642509495008837,video_class|take
uca:video_class:0026,strict,0.0,0.1884441521277154,0.0,0.1884441521277154,uca_ucfcrime,Find scenes where someone takes or grabs an item.,uca_external_filtered_scene_retrieval,{'video_class': 'Burglary'},take,low,video_class,label_stratum,False,False,0.0078,0.1381,28,409,23,0.1884441521277154,0.1884441521277154,video_class|take
uca:video_class:0027,semantic,0.17947710508581735,0.2082936658103318,0.17947710508581735,0.2082936658103318,uca_ucfcrime,Find scenes where someone enters or leaves a place.,uca_external_filtered_scene_retrieval,{'video_class': 'Burglary'},enterexit,low,video_class,label_stratum,False,False,0.0799,0.1251,47,326,39,0.02881656072451444,0.02881656072451444,video_class|enterexit
uca:video_class:0027,strict,0.0,0.2082936658103318,0.0,0.2082936658103318,uca_ucfcrime,Find scenes where someone enters or leaves a place.,uca_external_filtered_scene_retrieval,{'video_class': 'Burglary'},enterexit,low,video_class,label_stratum,False,False,0.0799,0.1251,47,326,39,0.2082936658103318,0.2082936658103318,video_class|enterexit
uca:video_class:0028,semantic,0.1736666713479918,0.22009176629808017,0.1736666713479918,0.22009176629808017,uca_ucfcrime,Find scenes where people are fighting or hitting each other.,uca_external_filtered_scene_retrieval,{'video_class': 'Explosion'},fight,low,video_class,label_stratum,False,False,0.0078,0.3653,5,297,5,0.04642509495008837,0.04642509495008837,video_class|fight
uca:video_class:0028,strict,0.0,0.3391602052736161,0.0,0.3391602052736161,uca_ucfcrime,Find scenes where people are fighting or hitting each other.,uca_external_filtered_scene_retrieval,{'video_class': 'Explosion'},fight,low,video_class,label_stratum,False,False,0.0078,0.3653,5,297,5,0.3391602052736161,0.3391602052736161,video_class|fight
uca:video_class:0029,semantic,0.5847192329112588,0.5847192329112588,0.5847192329112588,0.5847192329112588,uca_ucfcrime,Find scenes with fire or smoke.,uca_external_filtered_scene_retrieval,{'video_class': 'Explosion'},fire,natural,video_class,label_stratum,False,False,0.3443,0.5712,50,137,36,0.0,0.0,video_class|fire
uca:video_class:0029,strict,0.5063209639325833,0.5847192329112588,0.5063209639325833,0.5847192329112588,uca_ucfcrime,Find scenes with fire or smoke.,uca_external_filtered_scene_retrieval,{'video_class': 'Explosion'},fire,natural,video_class,label_stratum,False,False,0.3443,0.5712,50,137,36,0.07839826897867552,0.07839826897867552,video_class|fire
uca:video_class:0030,semantic,0.2082936658103318,0.3845937724137609,0.2082936658103318,0.3845937724137609,uca_ucfcrime,Find scenes where someone is running.,uca_external_filtered_scene_retrieval,{'video_class': 'Explosion'},running,low,video_class,label_stratum,False,False,0.0607,0.2079,19,307,18,0.17630010660342912,0.17630010660342912,video_class|running
uca:video_class:0030,strict,0.0,0.3845937724137609,0.0,0.3845937724137609,uca_ucfcrime,Find scenes where someone is running.,uca_external_filtered_scene_retrieval,{'video_class': 'Explosion'},running,low,video_class,label_stratum,False,False,0.0607,0.2079,19,307,18,0.3845937724137609,0.3845937724137609,video_class|running
uca:video_class:0031,semantic,0.0,0.1478294909154526,0.0,0.1478294909154526,uca_ucfcrime,Find scenes where someone falls to the ground.,uca_external_filtered_scene_retrieval,{'video_class': 'Fighting'},falls,low,video_class,label_stratum,False,False,0.0719,0.1609,12,90,10,0.1478294909154526,0.1478294909154526,video_class|falls
uca:video_class:0031,strict,0.0,0.1478294909154526,0.0,0.1478294909154526,uca_ucfcrime,Find scenes where someone falls to the ground.,uca_external_filtered_scene_retrieval,{'video_class': 'Fighting'},falls,low,video_class,label_stratum,False,False,0.0719,0.1609,12,90,10,0.1478294909154526,0.1478294909154526,video_class|falls
uca:video_class:0032,semantic,0.1736666713479918,0.30240383049385083,0.1736666713479918,0.30240383049385083,uca_ucfcrime,Find scenes where people are fighting or hitting each other.,uca_external_filtered_scene_retrieval,{'video_class': 'Fighting'},fight,low,video_class,label_stratum,False,False,0.1171,0.3653,36,297,24,0.12873715914585904,0.12873715914585904,video_class|fight
uca:video_class:0032,strict,0.11004588314904008,0.30240383049385083,0.11004588314904008,0.30240383049385083,uca_ucfcrime,Find scenes where people are fighting or hitting each other.,uca_external_filtered_scene_retrieval,{'video_class': 'Fighting'},fight,low,video_class,label_stratum,False,False,0.1171,0.3653,36,297,24,0.19235794734481076,0.19235794734481076,video_class|fight
uca:video_class:0033,semantic,0.2082936658103318,0.0,0.2082936658103318,0.0,uca_ucfcrime,Find scenes where someone is running.,uca_external_filtered_scene_retrieval,{'video_class': 'Fighting'},running,low,video_class,label_stratum,False,False,0.0011,0.2079,9,307,8,-0.2082936658103318,-0.2082936658103318,video_class|running
uca:video_class:0033,strict,0.0,0.0,0.0,0.0,uca_ucfcrime,Find scenes where someone is running.,uca_external_filtered_scene_retrieval,{'video_class': 'Fighting'},running,low,video_class,label_stratum,False,False,0.0011,0.2079,9,307,8,0.0,0.0,video_class|running
uca:video_class:0034,semantic,0.48471198902551854,0.13698471029831175,0.48471198902551854,0.13698471029831175,uca_ucfcrime,Find scenes where someone interacts with a door.,uca_external_filtered_scene_retrieval,{'video_class': 'Fighting'},door,low,video_class,label_stratum,False,False,0.0081,0.1869,24,703,16,-0.34772727872720677,-0.34772727872720677,video_class|door
uca:video_class:0034,strict,0.0,0.13698471029831175,0.0,0.13698471029831175,uca_ucfcrime,Find scenes where someone interacts with a door.,uca_external_filtered_scene_retrieval,{'video_class': 'Fighting'},door,low,video_class,label_stratum,False,False,0.0081,0.1869,24,703,16,0.13698471029831175,0.13698471029831175,video_class|door
uca:video_class:0035,semantic,0.14201905717762703,0.0,0.14201905717762703,0.0,uca_ucfcrime,Find scenes where someone takes or grabs an item.,uca_external_filtered_scene_retrieval,{'video_class': 'Fighting'},take,low,video_class,label_stratum,False,False,0.0124,0.1381,9,409,9,-0.14201905717762703,-0.14201905717762703,video_class|take
uca:video_class:0035,strict,0.0,0.0,0.0,0.0,uca_ucfcrime,Find scenes where someone takes or grabs an item.,uca_external_filtered_scene_retrieval,{'video_class': 'Fighting'},take,low,video_class,label_stratum,False,False,0.0124,0.1381,9,409,9,0.0,0.0,video_class|take
uca:video_class:0036,semantic,0.17947710508581735,0.0,0.17947710508581735,0.0,uca_ucfcrime,Find scenes where someone enters or leaves a place.,uca_external_filtered_scene_retrieval,{'video_class': 'Fighting'},enterexit,low,video_class,label_stratum,False,False,0.02,0.1251,5,326,5,-0.17947710508581735,-0.17947710508581735,video_class|enterexit
uca:video_class:0036,strict,0.0,0.0,0.0,0.0,uca_ucfcrime,Find scenes where someone enters or leaves a place.,uca_external_filtered_scene_retrieval,{'video_class': 'Fighting'},enterexit,low,video_class,label_stratum,False,False,0.02,0.1251,5,326,5,0.0,0.0,video_class|enterexit
uca:video_class:0037,semantic,0.2082936658103318,0.22009176629808017,0.2082936658103318,0.22009176629808017,uca_ucfcrime,Find scenes where someone is running.,uca_external_filtered_scene_retrieval,{'video_class': 'Normal_Videos'},running,low,video_class,label_stratum,True,False,0.1786,0.2079,22,307,20,0.011798100487748375,0.011798100487748375,video_class|running
uca:video_class:0037,strict,0.06943122193677727,0.22009176629808017,0.06943122193677727,0.22009176629808017,uca_ucfcrime,Find scenes where someone is running.,uca_external_filtered_scene_retrieval,{'video_class': 'Normal_Videos'},running,low,video_class,label_stratum,True,False,0.1786,0.2079,22,307,20,0.15066054436130288,0.15066054436130288,video_class|running
uca:video_class:0038,semantic,0.6969383549984332,0.7695261902392829,0.5868924718493931,0.6594803070902429,uca_ucfcrime,Find scenes involving money or a cash register.,uca_external_filtered_scene_retrieval,{'video_class': 'Normal_Videos'},money,low,video_class,label_stratum,True,False,0.0069,0.1451,52,117,31,0.07258783524084977,0.07258783524084977,video_class|money
uca:video_class:0038,strict,0.6969383549984332,0.7695261902392829,0.5868924718493931,0.6594803070902429,uca_ucfcrime,Find scenes involving money or a cash register.,uca_external_filtered_scene_retrieval,{'video_class': 'Normal_Videos'},money,low,video_class,label_stratum,True,False,0.0069,0.1451,52,117,31,0.07258783524084977,0.07258783524084977,video_class|money
uca:video_class:0039,semantic,0.48471198902551854,0.33013764944712026,0.48471198902551854,0.33013764944712026,uca_ucfcrime,Find scenes where someone interacts with a door.,uca_external_filtered_scene_retrieval,{'video_class': 'Normal_Videos'},door,low,video_class,label_stratum,True,False,0.0792,0.1869,251,703,167,-0.15457433957839828,-0.15457433957839828,video_class|door
uca:video_class:0039,strict,0.15457433957839825,0.33013764944712026,0.15457433957839825,0.33013764944712026,uca_ucfcrime,Find scenes where someone interacts with a door.,uca_external_filtered_scene_retrieval,{'video_class': 'Normal_Videos'},door,low,video_class,label_stratum,True,False,0.0792,0.1869,251,703,167,0.175563309868722,0.175563309868722,video_class|door
uca:video_class:0040,semantic,0.14201905717762703,0.2489083270225946,0.14201905717762703,0.2489083270225946,uca_ucfcrime,Find scenes where someone takes or grabs an item.,uca_external_filtered_scene_retrieval,{'video_class': 'Normal_Videos'},take,low,video_class,label_stratum,True,False,0.0411,0.1381,160,409,128,0.10688926984496758,0.10688926984496758,video_class|take
uca:video_class:0040,strict,0.0,0.2489083270225946,0.0,0.2489083270225946,uca_ucfcrime,Find scenes where someone takes or grabs an item.,uca_external_filtered_scene_retrieval,{'video_class': 'Normal_Videos'},take,low,video_class,label_stratum,True,False,0.0411,0.1381,160,409,128,0.2489083270225946,0.2489083270225946,video_class|take
uca:video_class:0041,semantic,0.17947710508581735,0.21726071285222986,0.17947710508581735,0.21726071285222986,uca_ucfcrime,Find scenes where someone enters or leaves a place.,uca_external_filtered_scene_retrieval,{'video_class': 'Normal_Videos'},enterexit,low,video_class,label_stratum,True,False,0.0125,0.1251,162,326,136,0.037783607766412514,0.037783607766412514,video_class|enterexit
uca:video_class:0041,strict,0.17947710508581735,0.21726071285222986,0.17947710508581735,0.21726071285222986,uca_ucfcrime,Find scenes where someone enters or leaves a place.,uca_external_filtered_scene_retrieval,{'video_class': 'Normal_Videos'},enterexit,low,video_class,label_stratum,True,False,0.0125,0.1251,162,326,136,0.037783607766412514,0.037783607766412514,video_class|enterexit
uca:video_class:0042,semantic,0.0,0.0,0.0,0.0,uca_ucfcrime,Find scenes where someone falls to the ground.,uca_external_filtered_scene_retrieval,{'video_class': 'RoadAccidents'},falls,low,video_class,label_stratum,False,False,0.0511,0.1609,16,90,16,0.0,0.0,video_class|falls
uca:video_class:0042,strict,0.0,0.0,0.0,0.0,uca_ucfcrime,Find scenes where someone falls to the ground.,uca_external_filtered_scene_retrieval,{'video_class': 'RoadAccidents'},falls,low,video_class,label_stratum,False,False,0.0511,0.1609,16,90,16,0.0,0.0,video_class|falls
uca:video_class:0043,semantic,0.1736666713479918,0.1681522864689108,0.1736666713479918,0.1681522864689108,uca_ucfcrime,Find scenes where people are fighting or hitting each other.,uca_external_filtered_scene_retrieval,{'video_class': 'RoadAccidents'},fight,low,video_class,label_stratum,False,False,0.1885,0.3653,85,297,78,-0.005514384879080986,-0.005514384879080986,video_class|fight
uca:video_class:0043,strict,0.0,0.1681522864689108,0.0,0.1681522864689108,uca_ucfcrime,Find scenes where people are fighting or hitting each other.,uca_external_filtered_scene_retrieval,{'video_class': 'RoadAccidents'},fight,low,video_class,label_stratum,False,False,0.1885,0.3653,85,297,78,0.1681522864689108,0.1681522864689108,video_class|fight
uca:video_class:0044,semantic,0.2082936658103318,0.13886244387355454,0.2082936658103318,0.13886244387355454,uca_ucfcrime,Find scenes where someone is running.,uca_external_filtered_scene_retrieval,{'video_class': 'RoadAccidents'},running,low,video_class,label_stratum,False,False,0.0455,0.2079,37,307,32,-0.06943122193677725,-0.06943122193677725,video_class|running
uca:video_class:0044,strict,0.0,0.13886244387355454,0.0,0.13886244387355454,uca_ucfcrime,Find scenes where someone is running.,uca_external_filtered_scene_retrieval,{'video_class': 'RoadAccidents'},running,low,video_class,label_stratum,False,False,0.0455,0.2079,37,307,32,0.13886244387355454,0.13886244387355454,video_class|running
uca:video_class:0045,semantic,0.22784037450527975,0.22784037450527975,0.22784037450527975,0.22784037450527975,uca_ucfcrime,Find scenes of a vehicle crash.,uca_external_filtered_scene_retrieval,{'video_class': 'RoadAccidents'},crash,natural,video_class,label_stratum,False,True,0.3499,0.3508,65,72,53,0.0,0.0,video_class|crash
uca:video_class:0045,strict,0.22784037450527975,0.22784037450527975,0.22784037450527975,0.22784037450527975,uca_ucfcrime,Find scenes of a vehicle crash.,uca_external_filtered_scene_retrieval,{'video_class': 'RoadAccidents'},crash,natural,video_class,label_stratum,False,True,0.3499,0.3508,65,72,53,0.0,0.0,video_class|crash
uca:video_class:0046,semantic,0.48471198902551854,0.06625422345438903,0.48471198902551854,0.06625422345438903,uca_ucfcrime,Find scenes where someone interacts with a door.,uca_external_filtered_scene_retrieval,{'video_class': 'RoadAccidents'},door,low,video_class,label_stratum,False,False,0.0797,0.1869,8,703,8,-0.4184577655711295,-0.4184577655711295,video_class|door
uca:video_class:0046,strict,0.0,0.0761433407173835,0.0,0.0761433407173835,uca_ucfcrime,Find scenes where someone interacts with a door.,uca_external_filtered_scene_retrieval,{'video_class': 'RoadAccidents'},door,low,video_class,label_stratum,False,False,0.0797,0.1869,8,703,8,0.0761433407173835,0.0761433407173835,video_class|door
uca:video_class:0047,semantic,0.14201905717762703,0.0,0.14201905717762703,0.0,uca_ucfcrime,Find scenes where someone takes or grabs an item.,uca_external_filtered_scene_retrieval,{'video_class': 'RoadAccidents'},take,low,video_class,label_stratum,False,False,0.0408,0.1381,12,409,12,-0.14201905717762703,-0.14201905717762703,video_class|take
uca:video_class:0047,strict,0.0,0.0,0.0,0.0,uca_ucfcrime,Find scenes where someone takes or grabs an item.,uca_external_filtered_scene_retrieval,{'video_class': 'RoadAccidents'},take,low,video_class,label_stratum,False,False,0.0408,0.1381,12,409,12,0.0,0.0,video_class|take
uca:video_class:0048,semantic,0.0,0.13886244387355454,0.0,0.13886244387355454,uca_ucfcrime,Find scenes where someone falls to the ground.,uca_external_filtered_scene_retrieval,{'video_class': 'Robbery'},falls,low,video_class,label_stratum,False,False,0.0004,0.1609,8,90,7,0.13886244387355454,0.13886244387355454,video_class|falls
uca:video_class:0048,strict,0.0,0.15958907712489634,0.0,0.17342765698823945,uca_ucfcrime,Find scenes where someone falls to the ground.,uca_external_filtered_scene_retrieval,{'video_class': 'Robbery'},falls,low,video_class,label_stratum,False,False,0.0004,0.1609,8,90,7,0.15958907712489634,0.17342765698823945,video_class|falls
uca:video_class:0049,semantic,0.1736666713479918,0.2984900352767555,0.1736666713479918,0.2984900352767555,uca_ucfcrime,Find scenes where people are fighting or hitting each other.,uca_external_filtered_scene_retrieval,{'video_class': 'Robbery'},fight,low,video_class,label_stratum,False,False,0.0076,0.3653,29,297,23,0.1248233639287637,0.1248233639287637,video_class|fight
uca:video_class:0049,strict,0.0,0.2984900352767555,0.0,0.2984900352767555,uca_ucfcrime,Find scenes where people are fighting or hitting each other.,uca_external_filtered_scene_retrieval,{'video_class': 'Robbery'},fight,low,video_class,label_stratum,False,False,0.0076,0.3653,29,297,23,0.2984900352767555,0.2984900352767555,video_class|fight
uca:video_class:0050,semantic,0.0,0.1635413866202963,0.0,0.1635413866202963,uca_ucfcrime,Find scenes where a weapon is visible.,uca_external_filtered_scene_retrieval,{'video_class': 'Robbery'},weapon,low,video_class,label_stratum,False,False,0.2773,0.3271,87,143,64,0.1635413866202963,0.1635413866202963,video_class|weapon
uca:video_class:0050,strict,0.0,0.1635413866202963,0.0,0.1635413866202963,uca_ucfcrime,Find scenes where a weapon is visible.,uca_external_filtered_scene_retrieval,{'video_class': 'Robbery'},weapon,low,video_class,label_stratum,False,False,0.2773,0.3271,87,143,64,0.1635413866202963,0.1635413866202963,video_class|weapon
uca:video_class:0051,semantic,0.2082936658103318,0.09478836436955078,0.2082936658103318,0.09478836436955078,uca_ucfcrime,Find scenes where someone is running.,uca_external_filtered_scene_retrieval,{'video_class': 'Robbery'},running,low,video_class,label_stratum,False,False,0.0542,0.2079,48,307,39,-0.11350530144078101,-0.11350530144078101,video_class|running
uca:video_class:0051,strict,0.0,0.09478836436955078,0.0,0.09478836436955078,uca_ucfcrime,Find scenes where someone is running.,uca_external_filtered_scene_retrieval,{'video_class': 'Robbery'},running,low,video_class,label_stratum,False,False,0.0542,0.2079,48,307,39,0.09478836436955078,0.09478836436955078,video_class|running
uca:video_class:0052,semantic,0.6969383549984332,0.07336392209936005,0.5868924718493931,0.07336392209936005,uca_ucfcrime,Find scenes involving money or a cash register.,uca_external_filtered_scene_retrieval,{'video_class': 'Robbery'},money,low,video_class,label_stratum,False,False,0.1098,0.1451,37,117,30,-0.6235744328990731,-0.513528549750033,video_class|money
uca:video_class:0052,strict,0.0,0.07336392209936005,0.0,0.07336392209936005,uca_ucfcrime,Find scenes involving money or a cash register.,uca_external_filtered_scene_retrieval,{'video_class': 'Robbery'},money,low,video_class,label_stratum,False,False,0.1098,0.1451,37,117,30,0.07336392209936005,0.07336392209936005,video_class|money
uca:video_class:0053,semantic,0.48471198902551854,0.21726071285222986,0.48471198902551854,0.21726071285222986,uca_ucfcrime,Find scenes where someone interacts with a door.,uca_external_filtered_scene_retrieval,{'video_class': 'Robbery'},door,low,video_class,label_stratum,False,False,0.055,0.1869,93,703,59,-0.2674512761732887,-0.2674512761732887,video_class|door
uca:video_class:0053,strict,0.11004588314904008,0.21726071285222986,0.11004588314904008,0.21726071285222986,uca_ucfcrime,Find scenes where someone interacts with a door.,uca_external_filtered_scene_retrieval,{'video_class': 'Robbery'},door,low,video_class,label_stratum,False,False,0.055,0.1869,93,703,59,0.10721482970318978,0.10721482970318978,video_class|door
uca:video_class:0054,semantic,0.14201905717762703,0.17993148201117176,0.14201905717762703,0.17993148201117176,uca_ucfcrime,Find scenes where someone takes or grabs an item.,uca_external_filtered_scene_retrieval,{'video_class': 'Robbery'},take,low,video_class,label_stratum,False,False,0.0384,0.1381,53,409,42,0.03791242483354473,0.03791242483354473,video_class|take
uca:video_class:0054,strict,0.06362078819895171,0.17993148201117176,0.06362078819895171,0.17993148201117176,uca_ucfcrime,Find scenes where someone takes or grabs an item.,uca_external_filtered_scene_retrieval,{'video_class': 'Robbery'},take,low,video_class,label_stratum,False,False,0.0384,0.1381,53,409,42,0.11631069381222005,0.11631069381222005,video_class|take
uca:video_class:0055,semantic,0.17947710508581735,0.0,0.17947710508581735,0.0,uca_ucfcrime,Find scenes where someone enters or leaves a place.,uca_external_filtered_scene_retrieval,{'video_class': 'Robbery'},enterexit,low,video_class,label_stratum,False,False,0.0535,0.1251,50,326,44,-0.17947710508581735,-0.17947710508581735,video_class|enterexit
uca:video_class:0055,strict,0.0,0.0,0.0,0.0,uca_ucfcrime,Find scenes where someone enters or leaves a place.,uca_external_filtered_scene_retrieval,{'video_class': 'Robbery'},enterexit,low,video_class,label_stratum,False,False,0.0535,0.1251,50,326,44,0.0,0.0,video_class|enterexit
uca:video_class:0056,semantic,0.0,0.388244052766991,0.0,0.2934556883974402,uca_ucfcrime,Find scenes where someone falls to the ground.,uca_external_filtered_scene_retrieval,{'video_class': 'Shooting'},falls,low,video_class,label_stratum,False,False,0.0525,0.1609,9,90,7,0.388244052766991,0.2934556883974402,video_class|falls
uca:video_class:0056,strict,0.0,0.41462267409828063,0.0,0.36650177721905447,uca_ucfcrime,Find scenes where someone falls to the ground.,uca_external_filtered_scene_retrieval,{'video_class': 'Shooting'},falls,low,video_class,label_stratum,False,False,0.0525,0.1609,9,90,7,0.41462267409828063,0.36650177721905447,video_class|falls
uca:video_class:0057,semantic,0.1736666713479918,0.0,0.1736666713479918,0.0,uca_ucfcrime,Find scenes where people are fighting or hitting each other.,uca_external_filtered_scene_retrieval,{'video_class': 'Shooting'},fight,low,video_class,label_stratum,False,False,0.0055,0.3653,7,297,6,-0.1736666713479918,-0.1736666713479918,video_class|fight
uca:video_class:0057,strict,0.0,0.0,0.0,0.0,uca_ucfcrime,Find scenes where people are fighting or hitting each other.,uca_external_filtered_scene_retrieval,{'video_class': 'Shooting'},fight,low,video_class,label_stratum,False,False,0.0055,0.3653,7,297,6,0.0,0.0,video_class|fight
uca:video_class:0058,semantic,0.0,0.2934556883974402,0.0,0.2934556883974402,uca_ucfcrime,Find scenes where a weapon is visible.,uca_external_filtered_scene_retrieval,{'video_class': 'Shooting'},weapon,low,video_class,label_stratum,False,False,0.1481,0.3271,27,143,20,0.2934556883974402,0.2934556883974402,video_class|weapon
uca:video_class:0058,strict,0.0,0.2934556883974402,0.0,0.2934556883974402,uca_ucfcrime,Find scenes where a weapon is visible.,uca_external_filtered_scene_retrieval,{'video_class': 'Shooting'},weapon,low,video_class,label_stratum,False,False,0.1481,0.3271,27,143,20,0.2934556883974402,0.2934556883974402,video_class|weapon
uca:video_class:0059,semantic,0.2082936658103318,0.0,0.2082936658103318,0.0,uca_ucfcrime,Find scenes where someone is running.,uca_external_filtered_scene_retrieval,{'video_class': 'Shooting'},running,low,video_class,label_stratum,False,False,0.0511,0.2079,20,307,15,-0.2082936658103318,-0.2082936658103318,video_class|running
uca:video_class:0059,strict,0.0,0.0,0.0,0.0,uca_ucfcrime,Find scenes where someone is running.,uca_external_filtered_scene_retrieval,{'video_class': 'Shooting'},running,low,video_class,label_stratum,False,False,0.0511,0.2079,20,307,15,0.0,0.0,video_class|running
uca:video_class:0060,semantic,0.48471198902551854,0.31488013066763093,0.48471198902551854,0.31488013066763093,uca_ucfcrime,Find scenes where someone interacts with a door.,uca_external_filtered_scene_retrieval,{'video_class': 'Shooting'},door,low,video_class,label_stratum,False,False,0.0135,0.1869,15,703,10,-0.1698318583578876,-0.1698318583578876,video_class|door
uca:video_class:0060,strict,0.0,0.31488013066763093,0.0,0.31488013066763093,uca_ucfcrime,Find scenes where someone interacts with a door.,uca_external_filtered_scene_retrieval,{'video_class': 'Shooting'},door,low,video_class,label_stratum,False,False,0.0135,0.1869,15,703,10,0.31488013066763093,0.31488013066763093,video_class|door
uca:video_class:0061,semantic,0.14201905717762703,0.33013764944712026,0.14201905717762703,0.22009176629808017,uca_ucfcrime,Find scenes where someone takes or grabs an item.,uca_external_filtered_scene_retrieval,{'video_class': 'Shooting'},take,low,video_class,label_stratum,False,False,0.0051,0.1381,10,409,9,0.18811859226949323,0.07807270912045314,video_class|take
uca:video_class:0061,strict,0.0,0.33013764944712026,0.0,0.23504554941448536,uca_ucfcrime,Find scenes where someone takes or grabs an item.,uca_external_filtered_scene_retrieval,{'video_class': 'Shooting'},take,low,video_class,label_stratum,False,False,0.0051,0.1381,10,409,9,0.33013764944712026,0.23504554941448536,video_class|take
uca:video_class:0062,semantic,0.17947710508581735,0.06943122193677727,0.17947710508581735,0.06943122193677727,uca_ucfcrime,Find scenes where someone enters or leaves a place.,uca_external_filtered_scene_retrieval,{'video_class': 'Shooting'},enterexit,low,video_class,label_stratum,False,False,0.0174,0.1251,5,326,5,-0.11004588314904008,-0.11004588314904008,video_class|enterexit
uca:video_class:0062,strict,0.0,0.10699313236726378,0.0,0.10699313236726378,uca_ucfcrime,Find scenes where someone enters or leaves a place.,uca_external_filtered_scene_retrieval,{'video_class': 'Shooting'},enterexit,low,video_class,label_stratum,False,False,0.0174,0.1251,5,326,5,0.10699313236726378,0.10699313236726378,video_class|enterexit
uca:video_class:0063,semantic,0.2082936658103318,0.0,0.2082936658103318,0.0,uca_ucfcrime,Find scenes where someone is running.,uca_external_filtered_scene_retrieval,{'video_class': 'Shoplifting'},running,low,video_class,label_stratum,False,False,0.0089,0.2079,7,307,5,-0.2082936658103318,-0.2082936658103318,video_class|running
uca:video_class:0063,strict,0.0,0.0,0.0,0.0,uca_ucfcrime,Find scenes where someone is running.,uca_external_filtered_scene_retrieval,{'video_class': 'Shoplifting'},running,low,video_class,label_stratum,False,False,0.0089,0.2079,7,307,5,0.0,0.0,video_class|running
uca:video_class:0064,semantic,0.48471198902551854,0.0,0.48471198902551854,0.0,uca_ucfcrime,Find scenes where someone interacts with a door.,uca_external_filtered_scene_retrieval,{'video_class': 'Shoplifting'},door,low,video_class,label_stratum,False,False,0.0346,0.1869,9,703,8,-0.48471198902551854,-0.48471198902551854,video_class|door
uca:video_class:0064,strict,0.0,0.0,0.0,0.0,uca_ucfcrime,Find scenes where someone interacts with a door.,uca_external_filtered_scene_retrieval,{'video_class': 'Shoplifting'},door,low,video_class,label_stratum,False,False,0.0346,0.1869,9,703,8,0.0,0.0,video_class|door
uca:video_class:0065,semantic,0.14201905717762703,0.22476126319537007,0.14201905717762703,0.22476126319537007,uca_ucfcrime,Find scenes where someone takes or grabs an item.,uca_external_filtered_scene_retrieval,{'video_class': 'Shoplifting'},take,low,video_class,label_stratum,False,False,0.1013,0.1381,39,409,26,0.08274220601774304,0.08274220601774304,video_class|take
uca:video_class:0065,strict,0.0,0.22476126319537007,0.0,0.22476126319537007,uca_ucfcrime,Find scenes where someone takes or grabs an item.,uca_external_filtered_scene_retrieval,{'video_class': 'Shoplifting'},take,low,video_class,label_stratum,False,False,0.1013,0.1381,39,409,26,0.22476126319537007,0.22476126319537007,video_class|take
uca:video_class:0066,semantic,0.17947710508581735,0.0,0.17947710508581735,0.0,uca_ucfcrime,Find scenes where someone enters or leaves a place.,uca_external_filtered_scene_retrieval,{'video_class': 'Shoplifting'},enterexit,low,video_class,label_stratum,False,False,0.0015,0.1251,10,326,9,-0.17947710508581735,-0.17947710508581735,video_class|enterexit
uca:video_class:0066,strict,0.0,0.0,0.0,0.0,uca_ucfcrime,Find scenes where someone enters or leaves a place.,uca_external_filtered_scene_retrieval,{'video_class': 'Shoplifting'},enterexit,low,video_class,label_stratum,False,False,0.0015,0.1251,10,326,9,0.0,0.0,video_class|enterexit
uca:video_class:0067,semantic,0.2082936658103318,0.21222636597291458,0.2082936658103318,0.21222636597291458,uca_ucfcrime,Find scenes where someone is running.,uca_external_filtered_scene_retrieval,{'video_class': 'Stealing'},running,low,video_class,label_stratum,False,False,0.0298,0.2079,28,307,20,0.003932700162582792,0.003932700162582792,video_class|running
uca:video_class:0067,strict,0.0,0.21222636597291458,0.0,0.21222636597291458,uca_ucfcrime,Find scenes where someone is running.,uca_external_filtered_scene_retrieval,{'video_class': 'Stealing'},running,low,video_class,label_stratum,False,False,0.0298,0.2079,28,307,20,0.21222636597291458,0.21222636597291458,video_class|running
uca:video_class:0068,semantic,0.48471198902551854,0.17947710508581735,0.48471198902551854,0.11004588314904008,uca_ucfcrime,Find scenes where someone interacts with a door.,uca_external_filtered_scene_retrieval,{'video_class': 'Stealing'},door,low,video_class,label_stratum,False,False,0.0632,0.1869,72,703,46,-0.3052348839397012,-0.3746661058764785,video_class|door
uca:video_class:0068,strict,0.0,0.17947710508581735,0.0,0.11004588314904008,uca_ucfcrime,Find scenes where someone interacts with a door.,uca_external_filtered_scene_retrieval,{'video_class': 'Stealing'},door,low,video_class,label_stratum,False,False,0.0632,0.1869,72,703,46,0.17947710508581735,0.11004588314904008,video_class|door
uca:video_class:0069,semantic,0.14201905717762703,0.12987501165334076,0.14201905717762703,0.12987501165334076,uca_ucfcrime,Find scenes where someone takes or grabs an item.,uca_external_filtered_scene_retrieval,{'video_class': 'Stealing'},take,low,video_class,label_stratum,False,False,0.0258,0.1381,34,409,29,-0.012144045524286273,-0.012144045524286273,video_class|take
uca:video_class:0069,strict,0.0,0.12987501165334076,0.0,0.12987501165334076,uca_ucfcrime,Find scenes where someone takes or grabs an item.,uca_external_filtered_scene_retrieval,{'video_class': 'Stealing'},take,low,video_class,label_stratum,False,False,0.0258,0.1381,34,409,29,0.12987501165334076,0.12987501165334076,video_class|take
uca:video_class:0070,semantic,0.17947710508581735,0.0,0.17947710508581735,0.0,uca_ucfcrime,Find scenes where someone enters or leaves a place.,uca_external_filtered_scene_retrieval,{'video_class': 'Stealing'},enterexit,low,video_class,label_stratum,False,False,0.0044,0.1251,18,326,14,-0.17947710508581735,-0.17947710508581735,video_class|enterexit
uca:video_class:0070,strict,0.0,0.0,0.0,0.0,uca_ucfcrime,Find scenes where someone enters or leaves a place.,uca_external_filtered_scene_retrieval,{'video_class': 'Stealing'},enterexit,low,video_class,label_stratum,False,False,0.0044,0.1251,18,326,14,0.0,0.0,video_class|enterexit
uca:video_class:0071,semantic,0.0,0.0,0.0,0.0,uca_ucfcrime,Find scenes where someone falls to the ground.,uca_external_filtered_scene_retrieval,{'video_class': 'Vandalism'},falls,low,video_class,label_stratum,False,False,0.0191,0.1609,5,90,5,0.0,0.0,video_class|falls
uca:video_class:0071,strict,0.0,0.0,0.0,0.0,uca_ucfcrime,Find scenes where someone falls to the ground.,uca_external_filtered_scene_retrieval,{'video_class': 'Vandalism'},falls,low,video_class,label_stratum,False,False,0.0191,0.1609,5,90,5,0.0,0.0,video_class|falls
uca:video_class:0072,semantic,0.1736666713479918,0.06362078819895171,0.1736666713479918,0.06362078819895171,uca_ucfcrime,Find scenes where people are fighting or hitting each other.,uca_external_filtered_scene_retrieval,{'video_class': 'Vandalism'},fight,low,video_class,label_stratum,False,False,0.0331,0.3653,16,297,10,-0.11004588314904008,-0.11004588314904008,video_class|fight
uca:video_class:0072,strict,0.0,0.06362078819895171,0.0,0.06362078819895171,uca_ucfcrime,Find scenes where people are fighting or hitting each other.,uca_external_filtered_scene_retrieval,{'video_class': 'Vandalism'},fight,low,video_class,label_stratum,False,False,0.0331,0.3653,16,297,10,0.06362078819895171,0.06362078819895171,video_class|fight
uca:video_class:0073,semantic,0.2082936658103318,0.06943122193677727,0.2082936658103318,0.06943122193677727,uca_ucfcrime,Find scenes where someone is running.,uca_external_filtered_scene_retrieval,{'video_class': 'Vandalism'},running,low,video_class,label_stratum,False,False,0.0836,0.2079,28,307,17,-0.1388624438735545,-0.1388624438735545,video_class|running
uca:video_class:0073,strict,0.0,0.06943122193677727,0.0,0.06943122193677727,uca_ucfcrime,Find scenes where someone is running.,uca_external_filtered_scene_retrieval,{'video_class': 'Vandalism'},running,low,video_class,label_stratum,False,False,0.0836,0.2079,28,307,17,0.06943122193677727,0.06943122193677727,video_class|running
uca:video_class:0074,semantic,0.48471198902551854,0.3785988060390612,0.48471198902551854,0.3785988060390612,uca_ucfcrime,Find scenes where someone interacts with a door.,uca_external_filtered_scene_retrieval,{'video_class': 'Vandalism'},door,low,video_class,label_stratum,False,False,0.0083,0.1869,23,703,16,-0.10611318298645733,-0.10611318298645733,video_class|door
uca:video_class:0074,strict,0.22009176629808017,0.3785988060390612,0.22009176629808017,0.3785988060390612,uca_ucfcrime,Find scenes where someone interacts with a door.,uca_external_filtered_scene_retrieval,{'video_class': 'Vandalism'},door,low,video_class,label_stratum,False,False,0.0083,0.1869,23,703,16,0.15850703974098104,0.15850703974098104,video_class|door
uca:video_class:0075,semantic,0.14201905717762703,0.18340980524840012,0.14201905717762703,0.18340980524840012,uca_ucfcrime,Find scenes where someone takes or grabs an item.,uca_external_filtered_scene_retrieval,{'video_class': 'Vandalism'},take,low,video_class,label_stratum,False,False,0.0314,0.1381,20,409,17,0.04139074807077309,0.04139074807077309,video_class|take
uca:video_class:0075,strict,0.0,0.18340980524840012,0.0,0.18340980524840012,uca_ucfcrime,Find scenes where someone takes or grabs an item.,uca_external_filtered_scene_retrieval,{'video_class': 'Vandalism'},take,low,video_class,label_stratum,False,False,0.0314,0.1381,20,409,17,0.18340980524840012,0.18340980524840012,video_class|take
uca:video_duration_bin:0076,semantic,0.0,0.08514311764162098,0.0,0.08514311764162098,uca_ucfcrime,Find scenes where someone falls to the ground.,uca_external_filtered_scene_retrieval,{'video_duration_bin': 'long'},falls,low,video_duration_bin,container_clean,False,False,0.0057,0.0065,32,90,27,0.08514311764162098,0.08514311764162098,video_duration_bin|falls
uca:video_duration_bin:0076,strict,0.0,0.08514311764162098,0.0,0.08514311764162098,uca_ucfcrime,Find scenes where someone falls to the ground.,uca_external_filtered_scene_retrieval,{'video_duration_bin': 'long'},falls,low,video_duration_bin,container_clean,False,False,0.0057,0.0065,32,90,27,0.08514311764162098,0.08514311764162098,video_duration_bin|falls
uca:video_duration_bin:0077,semantic,0.1736666713479918,0.30240383049385083,0.1736666713479918,0.30240383049385083,uca_ucfcrime,Find scenes where people are fighting or hitting each other.,uca_external_filtered_scene_retrieval,{'video_duration_bin': 'long'},fight,low,video_duration_bin,container_clean,False,False,0.0266,0.0458,82,297,56,0.12873715914585904,0.12873715914585904,video_duration_bin|fight
uca:video_duration_bin:0077,strict,0.11004588314904008,0.30240383049385083,0.11004588314904008,0.30240383049385083,uca_ucfcrime,Find scenes where people are fighting or hitting each other.,uca_external_filtered_scene_retrieval,{'video_duration_bin': 'long'},fight,low,video_duration_bin,container_clean,False,False,0.0266,0.0458,82,297,56,0.19235794734481076,0.19235794734481076,video_duration_bin|fight
uca:video_duration_bin:0078,semantic,0.5847192329112588,0.36288691033421744,0.5847192329112588,0.36288691033421744,uca_ucfcrime,Find scenes with fire or smoke.,uca_external_filtered_scene_retrieval,{'video_duration_bin': 'long'},fire,low,video_duration_bin,container_clean,False,False,0.0517,0.052,23,137,14,-0.22183232257704139,-0.22183232257704139,video_duration_bin|fire
uca:video_duration_bin:0078,strict,0.07839826897867533,0.36288691033421744,0.07839826897867533,0.36288691033421744,uca_ucfcrime,Find scenes with fire or smoke.,uca_external_filtered_scene_retrieval,{'video_duration_bin': 'long'},fire,low,video_duration_bin,container_clean,False,False,0.0517,0.052,23,137,14,0.2844886413555421,0.2844886413555421,video_duration_bin|fire
uca:video_duration_bin:0079,semantic,0.0,0.0,0.0,0.0,uca_ucfcrime,Find scenes where a weapon is visible.,uca_external_filtered_scene_retrieval,{'video_duration_bin': 'long'},weapon,low,video_duration_bin,container_clean,False,False,0.0641,0.0649,19,143,15,0.0,0.0,video_duration_bin|weapon
uca:video_duration_bin:0079,strict,0.0,0.0,0.0,0.0,uca_ucfcrime,Find scenes where a weapon is visible.,uca_external_filtered_scene_retrieval,{'video_duration_bin': 'long'},weapon,low,video_duration_bin,container_clean,False,False,0.0641,0.0649,19,143,15,0.0,0.0,video_duration_bin|weapon
uca:video_duration_bin:0080,semantic,0.2082936658103318,0.1736666713479918,0.2082936658103318,0.1736666713479918,uca_ucfcrime,Find scenes where someone is running.,uca_external_filtered_scene_retrieval,{'video_duration_bin': 'long'},running,low,video_duration_bin,container_clean,False,False,0.0623,0.0706,62,307,51,-0.034626994462339994,-0.034626994462339994,video_duration_bin|running
uca:video_duration_bin:0080,strict,0.0,0.1736666713479918,0.0,0.1736666713479918,uca_ucfcrime,Find scenes where someone is running.,uca_external_filtered_scene_retrieval,{'video_duration_bin': 'long'},running,low,video_duration_bin,container_clean,False,False,0.0623,0.0706,62,307,51,0.1736666713479918,0.1736666713479918,video_duration_bin|running
uca:video_duration_bin:0081,semantic,0.22784037450527975,0.11004588314904008,0.22784037450527975,0.11004588314904008,uca_ucfcrime,Find scenes of a vehicle crash.,uca_external_filtered_scene_retrieval,{'video_duration_bin': 'long'},crash,low,video_duration_bin,container_clean,False,False,0.047,0.0605,9,72,7,-0.11779449135623966,-0.11779449135623966,video_duration_bin|crash
uca:video_duration_bin:0081,strict,0.06794340091829075,0.11752277470724268,0.07945707943276742,0.13743816645714543,uca_ucfcrime,Find scenes of a vehicle crash.,uca_external_filtered_scene_retrieval,{'video_duration_bin': 'long'},crash,low,video_duration_bin,container_clean,False,False,0.047,0.0605,9,72,7,0.04957937378895193,0.057981087024378014,video_duration_bin|crash
uca:video_duration_bin:0082,semantic,0.6969383549984332,0.0,0.5868924718493931,0.0,uca_ucfcrime,Find scenes involving money or a cash register.,uca_external_filtered_scene_retrieval,{'video_duration_bin': 'long'},money,low,video_duration_bin,container_clean,False,False,0.0345,0.0346,25,117,16,-0.6969383549984332,-0.5868924718493931,video_duration_bin|money
uca:video_duration_bin:0082,strict,0.0,0.0,0.0,0.0,uca_ucfcrime,Find scenes involving money or a cash register.,uca_external_filtered_scene_retrieval,{'video_duration_bin': 'long'},money,low,video_duration_bin,container_clean,False,False,0.0345,0.0346,25,117,16,0.0,0.0,video_duration_bin|money
uca:video_duration_bin:0083,semantic,0.48471198902551854,0.3995688713838975,0.48471198902551854,0.3995688713838975,uca_ucfcrime,Find scenes where someone interacts with a door.,uca_external_filtered_scene_retrieval,{'video_duration_bin': 'long'},door,low,video_duration_bin,container_clean,False,False,0.0304,0.0304,263,703,164,-0.08514311764162102,-0.08514311764162102,video_duration_bin|door
uca:video_duration_bin:0083,strict,0.19518900079066107,0.3995688713838975,0.19518900079066107,0.3995688713838975,uca_ucfcrime,Find scenes where someone interacts with a door.,uca_external_filtered_scene_retrieval,{'video_duration_bin': 'long'},door,low,video_duration_bin,container_clean,False,False,0.0304,0.0304,263,703,164,0.20437987059323645,0.20437987059323645,video_duration_bin|door
uca:video_duration_bin:0084,semantic,0.14201905717762703,0.2578753740644926,0.14201905717762703,0.2578753740644926,uca_ucfcrime,Find scenes where someone takes or grabs an item.,uca_external_filtered_scene_retrieval,{'video_duration_bin': 'long'},take,low,video_duration_bin,container_clean,False,False,0.0125,0.0147,127,409,103,0.1158563168868656,0.1158563168868656,video_duration_bin|take
uca:video_duration_bin:0084,strict,0.0,0.2578753740644926,0.0,0.2578753740644926,uca_ucfcrime,Find scenes where someone takes or grabs an item.,uca_external_filtered_scene_retrieval,{'video_duration_bin': 'long'},take,low,video_duration_bin,container_clean,False,False,0.0125,0.0147,127,409,103,0.2578753740644926,0.2578753740644926,video_duration_bin|take
uca:video_duration_bin:0085,semantic,0.17947710508581735,0.0,0.17947710508581735,0.0,uca_ucfcrime,Find scenes where someone enters or leaves a place.,uca_external_filtered_scene_retrieval,{'video_duration_bin': 'long'},enterexit,low,video_duration_bin,container_clean,False,False,0.0337,0.0391,131,326,107,-0.17947710508581735,-0.17947710508581735,video_duration_bin|enterexit
uca:video_duration_bin:0085,strict,0.0,0.0,0.0,0.0,uca_ucfcrime,Find scenes where someone enters or leaves a place.,uca_external_filtered_scene_retrieval,{'video_duration_bin': 'long'},enterexit,low,video_duration_bin,container_clean,False,False,0.0337,0.0391,131,326,107,0.0,0.0,video_duration_bin|enterexit
uca:video_duration_bin:0086,semantic,0.0,0.27770450256879337,0.0,0.21408371436984167,uca_ucfcrime,Find scenes where someone falls to the ground.,uca_external_filtered_scene_retrieval,{'video_duration_bin': 'medium'},falls,low,video_duration_bin,container_clean,False,False,0.0,0.0065,30,90,27,0.27770450256879337,0.21408371436984167,video_duration_bin|falls
uca:video_duration_bin:0086,strict,0.0,0.27770450256879337,0.0,0.21408371436984167,uca_ucfcrime,Find scenes where someone falls to the ground.,uca_external_filtered_scene_retrieval,{'video_duration_bin': 'medium'},falls,low,video_duration_bin,container_clean,False,False,0.0,0.0065,30,90,27,0.27770450256879337,0.21408371436984167,video_duration_bin|falls
uca:video_duration_bin:0087,semantic,0.1736666713479918,0.07839826897867533,0.1736666713479918,0.07839826897867533,uca_ucfcrime,Find scenes where people are fighting or hitting each other.,uca_external_filtered_scene_retrieval,{'video_duration_bin': 'medium'},fight,low,video_duration_bin,container_clean,False,False,0.0189,0.0458,87,297,69,-0.09526840236931647,-0.09526840236931647,video_duration_bin|fight
uca:video_duration_bin:0087,strict,0.0,0.07839826897867533,0.0,0.07839826897867533,uca_ucfcrime,Find scenes where people are fighting or hitting each other.,uca_external_filtered_scene_retrieval,{'video_duration_bin': 'medium'},fight,low,video_duration_bin,container_clean,False,False,0.0189,0.0458,87,297,69,0.07839826897867533,0.07839826897867533,video_duration_bin|fight
uca:video_duration_bin:0088,semantic,0.5847192329112588,0.7799082337019199,0.5847192329112588,0.7162874455029682,uca_ucfcrime,Find scenes with fire or smoke.,uca_external_filtered_scene_retrieval,{'video_duration_bin': 'medium'},fire,low,video_duration_bin,container_clean,False,False,0.0213,0.052,55,137,36,0.19518900079066104,0.13156821259170937,video_duration_bin|fire
uca:video_duration_bin:0088,strict,0.30701473034246535,0.7799082337019199,0.30701473034246535,0.7162874455029682,uca_ucfcrime,Find scenes with fire or smoke.,uca_external_filtered_scene_retrieval,{'video_duration_bin': 'medium'},fire,low,video_duration_bin,container_clean,False,False,0.0213,0.052,55,137,36,0.4728935033594545,0.40927271516050284,video_duration_bin|fire
uca:video_duration_bin:0089,semantic,0.0,0.0,0.0,0.0,uca_ucfcrime,Find scenes where a weapon is visible.,uca_external_filtered_scene_retrieval,{'video_duration_bin': 'medium'},weapon,low,video_duration_bin,container_clean,False,False,0.0231,0.0649,58,143,41,0.0,0.0,video_duration_bin|weapon
uca:video_duration_bin:0089,strict,0.0,0.0,0.0,0.0,uca_ucfcrime,Find scenes where a weapon is visible.,uca_external_filtered_scene_retrieval,{'video_duration_bin': 'medium'},weapon,low,video_duration_bin,container_clean,False,False,0.0231,0.0649,58,143,41,0.0,0.0,video_duration_bin|weapon
uca:video_duration_bin:0090,semantic,0.2082936658103318,0.07839826897867533,0.2082936658103318,0.07839826897867533,uca_ucfcrime,Find scenes where someone is running.,uca_external_filtered_scene_retrieval,{'video_duration_bin': 'medium'},running,low,video_duration_bin,container_clean,False,False,0.0025,0.0706,104,307,86,-0.12989539683165646,-0.12989539683165646,video_duration_bin|running
uca:video_duration_bin:0090,strict,0.0,0.07839826897867533,0.0,0.07839826897867533,uca_ucfcrime,Find scenes where someone is running.,uca_external_filtered_scene_retrieval,{'video_duration_bin': 'medium'},running,low,video_duration_bin,container_clean,False,False,0.0025,0.0706,104,307,86,0.07839826897867533,0.07839826897867533,video_duration_bin|running
uca:video_duration_bin:0091,semantic,0.22784037450527975,0.2710884709729799,0.22784037450527975,0.2710884709729799,uca_ucfcrime,Find scenes of a vehicle crash.,uca_external_filtered_scene_retrieval,{'video_duration_bin': 'medium'},crash,low,video_duration_bin,container_clean,False,False,0.0094,0.0605,21,72,16,0.04324809646770014,0.04324809646770014,video_duration_bin|crash
uca:video_duration_bin:0091,strict,0.16421958630632802,0.2710884709729799,0.16421958630632802,0.2710884709729799,uca_ucfcrime,Find scenes of a vehicle crash.,uca_external_filtered_scene_retrieval,{'video_duration_bin': 'medium'},crash,low,video_duration_bin,container_clean,False,False,0.0094,0.0605,21,72,16,0.10686888466665187,0.10686888466665187,video_duration_bin|crash
uca:video_duration_bin:0092,semantic,0.6969383549984332,0.5224955967919311,0.5868924718493931,0.38363315291837646,uca_ucfcrime,Find scenes involving money or a cash register.,uca_external_filtered_scene_retrieval,{'video_duration_bin': 'medium'},money,low,video_duration_bin,container_clean,False,False,0.0148,0.0346,45,117,32,-0.174442758206502,-0.20325931893101662,video_duration_bin|money
uca:video_duration_bin:0092,strict,0.39170347105873193,0.5224955967919311,0.28165758790969186,0.38363315291837646,uca_ucfcrime,Find scenes involving money or a cash register.,uca_external_filtered_scene_retrieval,{'video_duration_bin': 'medium'},money,low,video_duration_bin,container_clean,False,False,0.0148,0.0346,45,117,32,0.1307921257331992,0.1019755650086846,video_duration_bin|money
uca:video_duration_bin:0093,semantic,0.48471198902551854,0.22793826167775827,0.48471198902551854,0.22793826167775827,uca_ucfcrime,Find scenes where someone interacts with a door.,uca_external_filtered_scene_retrieval,{'video_duration_bin': 'medium'},door,low,video_duration_bin,container_clean,False,False,0.0163,0.0304,219,703,149,-0.25677372734776027,-0.25677372734776027,video_duration_bin|door
uca:video_duration_bin:0093,strict,0.0,0.22793826167775827,0.0,0.22793826167775827,uca_ucfcrime,Find scenes where someone interacts with a door.,uca_external_filtered_scene_retrieval,{'video_duration_bin': 'medium'},door,low,video_duration_bin,container_clean,False,False,0.0163,0.0304,219,703,149,0.22793826167775827,0.22793826167775827,video_duration_bin|door
uca:video_duration_bin:0094,semantic,0.14201905717762703,0.1731866333482261,0.14201905717762703,0.1731866333482261,uca_ucfcrime,Find scenes where someone takes or grabs an item.,uca_external_filtered_scene_retrieval,{'video_duration_bin': 'medium'},take,low,video_duration_bin,container_clean,False,False,0.013,0.0147,146,409,114,0.031167576170599065,0.031167576170599065,video_duration_bin|take
uca:video_duration_bin:0094,strict,0.14201905717762703,0.1731866333482261,0.14201905717762703,0.1731866333482261,uca_ucfcrime,Find scenes where someone takes or grabs an item.,uca_external_filtered_scene_retrieval,{'video_duration_bin': 'medium'},take,low,video_duration_bin,container_clean,False,False,0.013,0.0147,146,409,114,0.031167576170599065,0.031167576170599065,video_duration_bin|take
uca:video_duration_bin:0095,semantic,0.17947710508581735,0.2934367834519528,0.17947710508581735,0.2934367834519528,uca_ucfcrime,Find scenes where someone enters or leaves a place.,uca_external_filtered_scene_retrieval,{'video_duration_bin': 'medium'},enterexit,low,video_duration_bin,container_clean,False,False,0.0004,0.0391,109,326,91,0.11395967836613544,0.11395967836613544,video_duration_bin|enterexit
uca:video_duration_bin:0095,strict,0.17947710508581735,0.2934367834519528,0.17947710508581735,0.2934367834519528,uca_ucfcrime,Find scenes where someone enters or leaves a place.,uca_external_filtered_scene_retrieval,{'video_duration_bin': 'medium'},enterexit,low,video_duration_bin,container_clean,False,False,0.0004,0.0391,109,326,91,0.11395967836613544,0.11395967836613544,video_duration_bin|enterexit
uca:video_duration_bin:0096,semantic,0.0,0.0,0.0,0.0,uca_ucfcrime,Find scenes where someone falls to the ground.,uca_external_filtered_scene_retrieval,{'video_duration_bin': 'short'},falls,low,video_duration_bin,container_clean,False,False,0.0056,0.0065,28,90,28,0.0,0.0,video_duration_bin|falls
uca:video_duration_bin:0096,strict,0.0,0.0,0.0,0.0,uca_ucfcrime,Find scenes where someone falls to the ground.,uca_external_filtered_scene_retrieval,{'video_duration_bin': 'short'},falls,low,video_duration_bin,container_clean,False,False,0.0056,0.0065,28,90,28,0.0,0.0,video_duration_bin|falls
uca:video_duration_bin:0097,semantic,0.1736666713479918,0.15457433957839825,0.1736666713479918,0.15457433957839825,uca_ucfcrime,Find scenes where people are fighting or hitting each other.,uca_external_filtered_scene_retrieval,{'video_duration_bin': 'short'},fight,low,video_duration_bin,container_clean,False,False,0.0456,0.0458,128,297,110,-0.019092331769593546,-0.019092331769593546,video_duration_bin|fight
uca:video_duration_bin:0097,strict,0.06362078819895171,0.15457433957839825,0.06362078819895171,0.15457433957839825,uca_ucfcrime,Find scenes where people are fighting or hitting each other.,uca_external_filtered_scene_retrieval,{'video_duration_bin': 'short'},fight,low,video_duration_bin,container_clean,False,False,0.0456,0.0458,128,297,110,0.09095355137944654,0.09095355137944654,video_duration_bin|fight
uca:video_duration_bin:0098,semantic,0.5847192329112588,0.5014276442746162,0.5847192329112588,0.35359815335916356,uca_ucfcrime,Find scenes with fire or smoke.,uca_external_filtered_scene_retrieval,{'video_duration_bin': 'short'},fire,low,video_duration_bin,container_clean,False,False,0.0305,0.052,59,137,43,-0.08329158863664265,-0.23112107955209527,video_duration_bin|fire
uca:video_duration_bin:0098,strict,0.199306233590118,0.5014276442746162,0.199306233590118,0.35359815335916356,uca_ucfcrime,Find scenes with fire or smoke.,uca_external_filtered_scene_retrieval,{'video_duration_bin': 'short'},fire,low,video_duration_bin,container_clean,False,False,0.0305,0.052,59,137,43,0.30212141068449816,0.15429191976904555,video_duration_bin|fire
uca:video_duration_bin:0099,semantic,0.0,0.06625422345438903,0.0,0.06625422345438903,uca_ucfcrime,Find scenes where a weapon is visible.,uca_external_filtered_scene_retrieval,{'video_duration_bin': 'short'},weapon,low,video_duration_bin,container_clean,False,False,0.041,0.0649,66,143,49,0.06625422345438903,0.06625422345438903,video_duration_bin|weapon
uca:video_duration_bin:0099,strict,0.0,0.06625422345438903,0.0,0.06625422345438903,uca_ucfcrime,Find scenes where a weapon is visible.,uca_external_filtered_scene_retrieval,{'video_duration_bin': 'short'},weapon,low,video_duration_bin,container_clean,False,False,0.041,0.0649,66,143,49,0.06625422345438903,0.06625422345438903,video_duration_bin|weapon
uca:video_duration_bin:0100,semantic,0.2082936658103318,0.38363315291837646,0.2082936658103318,0.38363315291837646,uca_ucfcrime,Find scenes where someone is running.,uca_external_filtered_scene_retrieval,{'video_duration_bin': 'short'},running,low,video_duration_bin,container_clean,False,False,0.0598,0.0706,141,307,109,0.17533948710804467,0.17533948710804467,video_duration_bin|running
uca:video_duration_bin:0100,strict,0.2082936658103318,0.38363315291837646,0.2082936658103318,0.38363315291837646,uca_ucfcrime,Find scenes where someone is running.,uca_external_filtered_scene_retrieval,{'video_duration_bin': 'short'},running,low,video_duration_bin,container_clean,False,False,0.0598,0.0706,141,307,109,0.17533948710804467,0.17533948710804467,video_duration_bin|running
uca:video_duration_bin:0101,semantic,0.22784037450527975,0.0,0.22784037450527975,0.0,uca_ucfcrime,Find scenes of a vehicle crash.,uca_external_filtered_scene_retrieval,{'video_duration_bin': 'short'},crash,low,video_duration_bin,container_clean,False,False,0.0564,0.0605,42,72,36,-0.22784037450527975,-0.22784037450527975,video_duration_bin|crash
uca:video_duration_bin:0101,strict,0.0,0.0,0.0,0.0,uca_ucfcrime,Find scenes of a vehicle crash.,uca_external_filtered_scene_retrieval,{'video_duration_bin': 'short'},crash,low,video_duration_bin,container_clean,False,False,0.0564,0.0605,42,72,36,0.0,0.0,video_duration_bin|crash
uca:video_duration_bin:0102,semantic,0.6969383549984332,0.5861163849908828,0.5868924718493931,0.5861163849908828,uca_ucfcrime,Find scenes involving money or a cash register.,uca_external_filtered_scene_retrieval,{'video_duration_bin': 'short'},money,low,video_duration_bin,container_clean,False,False,0.0197,0.0346,47,117,32,-0.11082197000755034,-0.000776086858510272,video_duration_bin|money
uca:video_duration_bin:0102,strict,0.30523488393970116,0.5861163849908828,0.30523488393970116,0.5861163849908828,uca_ucfcrime,Find scenes involving money or a cash register.,uca_external_filtered_scene_retrieval,{'video_duration_bin': 'short'},money,low,video_duration_bin,container_clean,False,False,0.0197,0.0346,47,117,32,0.28088150105118165,0.28088150105118165,video_duration_bin|money
uca:video_duration_bin:0103,semantic,0.48471198902551854,0.33013764944712026,0.48471198902551854,0.33013764944712026,uca_ucfcrime,Find scenes where someone interacts with a door.,uca_external_filtered_scene_retrieval,{'video_duration_bin': 'short'},door,low,video_duration_bin,container_clean,False,False,0.0141,0.0304,221,703,141,-0.15457433957839828,-0.15457433957839828,video_duration_bin|door
uca:video_duration_bin:0103,strict,0.28952298823485745,0.33013764944712026,0.28952298823485745,0.33013764944712026,uca_ucfcrime,Find scenes where someone interacts with a door.,uca_external_filtered_scene_retrieval,{'video_duration_bin': 'short'},door,low,video_duration_bin,container_clean,False,False,0.0141,0.0304,221,703,141,0.040614661212262815,0.040614661212262815,video_duration_bin|door
uca:video_duration_bin:0104,semantic,0.14201905717762703,0.22119341301481266,0.14201905717762703,0.22119341301481266,uca_ucfcrime,Find scenes where someone takes or grabs an item.,uca_external_filtered_scene_retrieval,{'video_duration_bin': 'short'},take,low,video_duration_bin,container_clean,False,False,0.0005,0.0147,136,409,114,0.07917435583718563,0.07917435583718563,video_duration_bin|take
uca:video_duration_bin:0104,strict,0.0,0.22119341301481266,0.0,0.22119341301481266,uca_ucfcrime,Find scenes where someone takes or grabs an item.,uca_external_filtered_scene_retrieval,{'video_duration_bin': 'short'},take,low,video_duration_bin,container_clean,False,False,0.0005,0.0147,136,409,114,0.22119341301481266,0.22119341301481266,video_duration_bin|take
uca:video_duration_bin:0105,semantic,0.17947710508581735,0.0,0.17947710508581735,0.0,uca_ucfcrime,Find scenes where someone enters or leaves a place.,uca_external_filtered_scene_retrieval,{'video_duration_bin': 'short'},enterexit,low,video_duration_bin,container_clean,False,False,0.0341,0.0391,86,326,78,-0.17947710508581735,-0.17947710508581735,video_duration_bin|enterexit
uca:video_duration_bin:0105,strict,0.0,0.0,0.0,0.0,uca_ucfcrime,Find scenes where someone enters or leaves a place.,uca_external_filtered_scene_retrieval,{'video_duration_bin': 'short'},enterexit,low,video_duration_bin,container_clean,False,False,0.0341,0.0391,86,326,78,0.0,0.0,video_duration_bin|enterexit
