fact_id,L1_surface,L2_alias,L3_inverse,L4_alt_path,L5_prompt,S1_fact_parity,S2_world_parity,S3_token_ratio,S3_within_tol
fef712e5d29039b1,False,False,False,False,False,True,True,1.158,False
395c01bbfed747ed,False,False,False,False,False,True,True,1.176,False
d92189cf2c477336,False,False,False,False,False,True,True,1.188,False
8bd3d5f0c00340ac,False,False,False,False,False,True,True,1.158,False
9bc141106ba1154a,False,False,False,False,False,True,True,1.176,False
8f8a15e31df89b70,False,False,False,False,False,True,True,1.176,False
0dd40d4ae33f8e29,False,False,False,False,False,True,True,1.136,False
42089f3b622ced92,False,False,False,False,False,True,True,1.176,False
8752a125c9cb6984,False,False,False,False,False,True,True,1.15,False
858a8db6ed1cc7be,False,False,False,False,False,True,True,1.13,False
435fdff17b179e99,False,False,False,False,False,True,True,1.176,False
8141270018d244d1,False,False,False,False,False,True,True,1.15,False
1c971dde430900a5,False,False,False,False,False,True,True,1.176,False
b817944f5971a889,False,False,False,False,False,True,True,1.167,False
f4a27170c6d451ea,False,False,False,False,False,True,True,1.15,False
834d40cd97caf002,False,False,False,False,False,True,True,1.167,False
48a652b2dadd686e,False,False,False,False,False,True,True,1.143,False
c90379eff104c708,False,False,False,False,False,True,True,1.188,False
cd77c26f5f02969e,False,False,False,False,False,True,True,1.158,False
db82db828d0fb107,False,False,False,False,False,True,True,1.167,False
15e3bda2cc6bfb85,False,False,False,False,False,True,True,1.158,False
bdd5fed4f67df034,False,False,False,False,False,True,True,1.13,False
251ce069bd7eec97,False,False,False,False,False,True,True,1.15,False
970709096d69e3b5,False,False,False,False,False,True,True,1.176,False
e954fb74f7e7bade,False,False,False,False,False,True,True,1.176,False
21066cf3a6dcf02c,False,False,False,False,False,True,True,1.15,False
c6c87f539bbe8f76,False,False,False,False,False,True,True,1.15,False
af06caeca2c934da,False,False,False,False,False,True,True,1.176,False
1becbad441e8c57a,False,False,False,False,False,True,True,1.167,False
66e23202ca6ffe7b,False,False,False,False,False,True,True,1.167,False
4b12c9f8f527d335,False,False,False,False,False,True,True,1.167,False
337936f1e056ca74,False,False,False,False,False,True,True,1.158,False
613ccca9c959e773,False,False,False,False,False,True,True,1.176,False
73e95e5b0cd4bd39,False,False,False,False,False,True,True,1.158,False
0132c35b4888a2f5,False,False,False,False,False,True,True,1.15,False
29993f166e245ccd,False,False,False,False,False,True,True,1.15,False
b0892863541d8ade,False,False,False,False,False,True,True,1.13,False
37d6203705599ed4,False,False,False,False,False,True,True,1.136,False
bce952452f131747,False,False,False,False,False,True,True,1.176,False
77c6f18f06387553,False,False,False,False,False,True,True,1.176,False
336d9e6714357f23,False,False,False,False,False,True,True,1.176,False
91423018f6808f89,False,False,False,False,False,True,True,1.167,False
60fa2a19b27af13d,False,False,False,False,False,True,True,1.167,False
42a5bf31b0ba6a56,False,False,False,False,False,True,True,1.167,False
6af4b4f55d96b3cf,False,False,False,False,False,True,True,1.176,False
86241f31312125db,False,False,False,False,False,True,True,1.158,False
7404e4ea150d854f,False,False,False,False,False,True,True,1.167,False
8ba20599fd672b82,False,False,False,False,False,True,True,1.176,False
b646481f38a5c27d,False,False,False,False,False,True,True,1.136,False
340cb5cf295e49d3,False,False,False,False,False,True,True,1.167,False
97368fce84472af5,False,False,False,False,False,True,True,1.188,False
dabfb0c011c750b4,False,False,False,False,False,True,True,1.13,False
db43261ed8a2556f,False,False,False,False,False,True,True,1.158,False
ca46b78fd1f6a401,False,False,False,False,False,True,True,1.143,False
d5a40dfc9baf320b,False,False,False,False,False,True,True,1.167,False
be8fef667fc8bc9a,False,False,False,False,False,True,True,1.15,False
1c9973efacdcefb2,False,False,False,False,False,True,True,1.13,False
27d65e85d93fb055,False,False,False,False,False,True,True,1.13,False
f363a58bb01b1b7b,False,False,False,False,False,True,True,1.158,False
f1610aa2fddd659d,False,False,False,False,False,True,True,1.176,False
783e5abadb095cbb,False,False,False,False,False,True,True,1.167,False
dff575a151207979,False,False,False,False,False,True,True,1.176,False
9959df3ef56b14ff,False,False,False,False,False,True,True,1.167,False
42e806dd4b7c8658,False,False,False,False,False,True,True,1.188,False
382310abe2af1eb2,False,False,False,False,False,True,True,1.143,False
a496fdeb69ff28f2,False,False,False,False,False,True,True,1.188,False
c6ee7eb77812bce5,False,False,False,False,False,True,True,1.158,False
a9277797b2bb718e,False,False,False,False,False,True,True,1.188,False
a5755808ec2dd44e,False,False,False,False,False,True,True,1.167,False
e7babae67b544688,False,False,False,False,False,True,True,1.176,False
0b7c5a429604fd23,False,False,False,False,False,True,True,1.167,False
dd968ab5a4a8e16f,False,False,False,False,False,True,True,1.167,False
5153ae2282e911aa,False,False,False,False,False,True,True,1.15,False
ed75c004a21e0ac4,False,False,False,False,False,True,True,1.167,False
de518e435e14a96b,False,False,False,False,False,True,True,1.15,False
06eebe2224712666,False,False,False,False,False,True,True,1.176,False
f2b506460a197434,False,False,False,False,False,True,True,1.188,False
046a89a3fd2d097f,False,False,False,False,False,True,True,1.176,False
c511b11b7681edaf,False,False,False,False,False,True,True,1.167,False
b6ec5b5b478a1f61,False,False,False,False,False,True,True,1.158,False
60e5535657c9a236,False,False,False,False,False,True,True,1.176,False
d4365a89daaf885c,False,False,False,False,False,True,True,1.167,False
f1175d5b4dc296fc,False,False,False,False,False,True,True,1.158,False
19ada517b91c4589,False,False,False,False,False,True,True,1.167,False
1ba91c3f6191d57f,False,False,False,False,False,True,True,1.15,False
1244afaadefda7e6,False,False,False,False,False,True,True,1.167,False
596219a8148229f4,False,False,False,False,False,True,True,1.143,False
3e870702c8e4656c,False,False,False,False,False,True,True,1.176,False
db690ed3a93e1dac,False,False,False,False,False,True,True,1.188,False
a59b5224f43b124b,False,False,False,False,False,True,True,1.158,False
48f76c63c13dd1ef,False,False,False,False,False,True,True,1.167,False
ee5433acaacefa65,False,False,False,False,False,True,True,1.167,False
58585eeb6a2c16c5,False,False,False,False,False,True,True,1.158,False
23707cdaae46b3bd,False,False,False,False,False,True,True,1.136,False
9c2707041c0ff396,False,False,False,False,False,True,True,1.176,False
94b4d49a214f1a46,False,False,False,False,False,True,True,1.176,False
4e9e867d5ee145ca,False,False,False,False,False,True,True,1.158,False
bd6ab44b763d93e1,False,False,False,False,False,True,True,1.167,False
c880cb0d003b65f9,False,False,False,False,False,True,True,1.158,False
b3fc732d7ce0cefd,False,False,False,False,False,True,True,1.158,False
a96eb1d7f0437d6f,False,False,False,False,False,True,True,1.167,False
4f2a8af902c08f9f,False,False,False,False,False,True,True,1.176,False
007a4c99d924c261,False,False,False,False,False,True,True,1.167,False
60331b79e39f0d7d,False,False,False,False,False,True,True,1.176,False
f5851bb95034f827,False,False,False,False,False,True,True,1.176,False
198bcd9709793618,False,False,False,False,False,True,True,1.15,False
62c337775ebeaf42,False,False,False,False,False,True,True,1.167,False
eb8917bbb0278247,False,False,False,False,False,True,True,1.176,False
b19dc2ae0bbd63e1,False,False,False,False,False,True,True,1.158,False
6f72b785f4863709,False,False,False,False,False,True,True,1.176,False
692f583897962341,False,False,False,False,False,True,True,1.176,False
526c167bca90b0ff,False,False,False,False,False,True,True,1.167,False
bf5530731f3999ed,False,False,False,False,False,True,True,1.125,False
5b010406e14aa21c,False,False,False,False,False,True,True,1.167,False
0ca0e14e96eb91d3,False,False,False,False,False,True,True,1.167,False
4922f3979d67f6d5,False,False,False,False,False,True,True,1.115,False
1beea7d49ce58fce,False,False,False,False,False,True,True,1.136,False
b4e310bc4fddc7d8,False,False,False,False,False,True,True,1.143,False
fb507190e9f08173,False,False,False,False,False,True,True,1.158,False
d85328118e6b36cf,False,False,False,False,False,True,True,1.167,False
b4c4c9ee3eec871f,False,False,False,False,False,True,True,1.167,False
2ab5d734872a456b,False,False,False,False,False,True,True,1.167,False
4a0784410616c309,False,False,False,False,False,True,True,1.176,False
30d5d7d53f4a18be,False,False,False,False,False,True,True,1.176,False
3ca4d85e73a17fc9,False,False,False,False,False,True,True,1.176,False
0f203ff2cecf5b6e,False,False,False,False,False,True,True,1.167,False
b755052e2246a724,False,False,False,False,False,True,True,1.158,False
19500ca79228d7c6,False,False,False,False,False,True,True,1.143,False
a52fe5f91a9e414e,False,False,False,False,False,True,True,1.167,False
1075f94df3dfda88,False,False,False,False,False,True,True,1.167,False
75be784940311ed7,False,False,False,False,False,True,True,1.143,False
cfce0b017a4febe9,False,False,False,False,False,True,True,1.167,False
ddae8a4228aa7201,False,False,False,False,False,True,True,1.15,False
1c2ccb4094245f35,False,False,False,False,False,True,True,1.158,False
2684d78acbc1e715,False,False,False,False,False,True,True,1.158,False
379d01f7c2f94731,False,False,False,False,False,True,True,1.15,False
4ebff280efc2d1f3,False,False,False,False,False,True,True,1.176,False
208a5f168ec45630,False,False,False,False,False,True,True,1.158,False
86c5d13761ff1b9d,False,False,False,False,False,True,True,1.176,False
b61059858474f834,False,False,False,False,False,True,True,1.15,False
9f6f86f6a5d3542e,False,False,False,False,False,True,True,1.158,False
74759f94db6238e7,False,False,False,False,False,True,True,1.167,False
2042a4bdbdbfe866,False,False,False,False,False,True,True,1.158,False
7694dc3630c4d687,False,False,False,False,False,True,True,1.158,False
c9472c9340b9ab47,False,False,False,False,False,True,True,1.176,False
c19186afc3946a8f,False,False,False,False,False,True,True,1.167,False
bddc4fc2fd214eb6,False,False,False,False,False,True,True,1.158,False
cfa47d371ce3154d,False,False,False,False,False,True,True,1.188,False
c1e5f3bc4c93c873,False,False,False,False,False,True,True,1.13,False
f1d98e0504f8f9db,False,False,False,False,False,True,True,1.15,False
73f9411c85416084,False,False,False,False,False,True,True,1.158,False
343a83630b5e6168,False,False,False,False,False,True,True,1.176,False
a366d5e520adec9c,False,False,False,False,False,True,True,1.176,False
ee68884f8ad262a9,False,False,False,False,False,True,True,1.167,False
f7bc99c707e68a9c,False,False,False,False,False,True,True,1.167,False
5584f47a0c909943,False,False,False,False,False,True,True,1.188,False
b5b03e76a8d2839b,False,False,False,False,False,True,True,1.167,False
7e23c37e613cc2b5,False,False,False,False,False,True,True,1.176,False
918c8320a1a70f81,False,False,False,False,False,True,True,1.158,False
ac45896e35aed179,False,False,False,False,False,True,True,1.158,False
523d73d4320114b8,False,False,False,False,False,True,True,1.188,False
69c70e669d823ff4,False,False,False,False,False,True,True,1.176,False
49d3a19ae2df6270,False,False,False,False,False,True,True,1.167,False
8cdd2e71c4afe94a,False,False,False,False,False,True,True,1.15,False
3d9fa8639eb09328,False,False,False,False,False,True,True,1.167,False
e1940221a03c7804,False,False,False,False,False,True,True,1.15,False
0f54e64e8d8f5f55,False,False,False,False,False,True,True,1.167,False
c6bc8d56bf70a5b9,False,False,False,False,False,True,True,1.143,False
65a952df356889a2,False,False,False,False,False,True,True,1.158,False
155dbf3f0005e6f5,False,False,False,False,False,True,True,1.176,False
7a0905283c4641c8,False,False,False,False,False,True,True,1.176,False
9f6a5b7d68403642,False,False,False,False,False,True,True,1.176,False
8ad1dbb5650059ef,False,False,False,False,False,True,True,1.167,False
64ba4f1e378343ea,False,False,False,False,False,True,True,1.167,False
a8c85da5d9e04688,False,False,False,False,False,True,True,1.188,False
8261294be739be69,False,False,False,False,False,True,True,1.111,False
4a2d111224579287,False,False,False,False,False,True,True,1.158,False
a6d80101d57df0fd,False,False,False,False,False,True,True,1.167,False
9e1deb1bd7030fcd,False,False,False,False,False,True,True,1.158,False
3ba963dbb7464855,False,False,False,False,False,True,True,1.15,False
66048f361d8ccb8c,False,False,False,False,False,True,True,1.158,False
0cbaf69e4f6f2f9c,False,False,False,False,False,True,True,1.158,False
6e7331f281cf930f,False,False,False,False,False,True,True,1.125,False
e2fa36cb26e85127,False,False,False,False,False,True,True,1.176,False
a9066b6f09c6d438,False,False,False,False,False,True,True,1.167,False
2788f49da410c255,False,False,False,False,False,True,True,1.136,False
432eccf6f50e4c3d,False,False,False,False,False,True,True,1.143,False
43c67f1b377c90f9,False,False,False,False,False,True,True,1.176,False
4f3ef0a7876a2b75,False,False,False,False,False,True,True,1.167,False
ed7d6d1e8eacab19,False,False,False,False,False,True,True,1.176,False
3fbff3809aff4cc6,False,False,False,False,False,True,True,1.158,False
c94b6229ffabef03,False,False,False,False,False,True,True,1.176,False
f6b653e013650ddd,False,False,False,False,False,True,True,1.188,False
ec3ae852879798bc,False,False,False,False,False,True,True,1.143,False
b942ad043f463f47,False,False,False,False,False,True,True,1.188,False
95f7b197a53027b3,False,False,False,False,False,True,True,1.136,False
f2c6a88f96ca181c,False,False,False,False,False,True,True,1.176,False
00ffe394d482a906,False,False,False,False,False,True,True,1.188,False
4aa7943efe3ad66b,False,False,False,False,False,True,True,1.167,False
1294dae8dae94982,False,False,False,False,False,True,True,1.158,False
