fold,family,predicate,relevance_def,query_id,metadata_value,train_cramers_v,heldout_documents,heldout_intersections,semantic_positives,b4_candidates,status,b2_ndcg_at_10,b4_ndcg_at_10,delta_b4_b2
0,hour::dense_frame,hour,dense_frame,522vis:low:0020,18,0.08645657429057436,622,13,35,83,ok,0.32195053918879885,0.18844415212771543,-0.13350638706108342
0,hour::dense_frame,hour,dense_frame,522vis:low:0021,14,0.08645657429057436,622,13,35,85,ok,0.32195053918879885,0.5388856921828066,0.21693515299400773
0,hour::dense_frame,hour,dense_frame,522vis:low:0022,15,0.08645657429057436,622,13,35,62,ok,0.32195053918879885,0.6840182226156366,0.36206768342683776
0,hour::dense_frame,hour,dense_frame,522vis:low:0023,8,0.08645657429057436,622,13,35,54,ok,0.2583297509898471,0.4034826666009929,0.1451529156111458
0,hour::dense_frame,hour,dense_frame,522vis:low:0024,9,0.08645657429057436,622,13,35,48,ok,0.2583297509898471,0.46900009332067494,0.21067034233082782
0,hour::multiple_buses,hour,multiple_buses,522vis:low:0025,18,0.041443620235172646,622,13,59,83,ok,0.2895229882348575,0.06943122193677728,-0.22009176629808022
0,hour::multiple_buses,hour,multiple_buses,522vis:low:0026,19,0.041443620235172646,622,13,59,87,ok,0.2895229882348575,0.442219594238013,0.1526966060031555
0,hour::multiple_buses,hour,multiple_buses,522vis:low:0027,14,0.041443620235172646,622,13,59,85,ok,0.29849003527675555,0.5653701424067238,0.26688010712996824
0,hour::multiple_buses,hour,multiple_buses,522vis:low:0028,7,0.041443620235172646,622,13,59,63,ok,0.2895229882348575,0.14465249243306438,-0.14487049580179312
0,hour::multiple_buses,hour,multiple_buses,522vis:low:0029,15,0.041443620235172646,622,13,59,62,ok,0.29345568839744024,0.39842793454336195,0.10497224614592171
0,hour::multiple_buses,hour,multiple_buses,522vis:low:0030,8,0.041443620235172646,622,13,59,54,ok,0.29345568839744024,0.2745478892647209,-0.01890779913271934
0,hour::multiple_buses,hour,multiple_buses,522vis:low:0031,6,0.041443620235172646,622,13,59,43,ok,0.2863459897524693,0.3436966913921455,0.057350701639676205
0,hour::multiple_buses,hour,multiple_buses,522vis:low:0032,20,0.041443620235172646,622,13,59,37,ok,0.2895229882348575,0.06943122193677728,-0.22009176629808022
0,hour::multiple_buses,hour,multiple_buses,522vis:low:0033,17,0.041443620235172646,622,13,59,43,ok,0.2863459897524693,0.0,-0.2863459897524693
0,hour::multiple_buses,hour,multiple_buses,522vis:low:0034,9,0.041443620235172646,622,13,59,48,ok,0.29345568839744024,0.4198523768135527,0.12639668841611246
0,hour::parked_vehicle,hour,parked_vehicle,522vis:low:0014,14,0.11803671150820338,622,13,22,85,ok,0.0,0.2200917662980802,0.2200917662980802
0,hour::parked_vehicle,hour,parked_vehicle,522vis:low:0015,7,0.11803671150820338,622,13,22,63,ok,0.0,0.0,0.0
0,hour::parked_vehicle,hour,parked_vehicle,522vis:low:0016,15,0.11803671150820338,622,13,22,62,ok,0.0,0.0,0.0
0,hour::parked_vehicle,hour,parked_vehicle,522vis:low:0017,8,0.11803671150820338,622,13,22,54,ok,0.0,0.07839826897867534,0.07839826897867534
0,hour::parked_vehicle,hour,parked_vehicle,522vis:low:0018,6,0.11803671150820338,622,13,22,43,ok,0.0,0.0,0.0
0,hour::parked_vehicle,hour,parked_vehicle,522vis:low:0019,9,0.11803671150820338,622,13,22,48,ok,0.0,0.06625422345438904,0.06625422345438904
0,hour::stopped_vehicles,hour,stopped_vehicles,522vis:contrast:0035,14,0.44625238800789074,622,13,136,85,ok,0.13886244387355456,0.48153499054313037,0.3426725466695758
0,hour::stopped_vehicles,hour,stopped_vehicles,522vis:contrast:0036,7,0.44625238800789074,622,13,136,63,ok,0.13886244387355456,0.3660246186928026,0.22716217481924805
0,hour::stopped_vehicles,hour,stopped_vehicles,522vis:contrast:0037,15,0.44625238800789074,622,13,136,62,ok,0.2200917662980802,0.2140837143698417,-0.0060080519282385
0,hour::stopped_vehicles,hour,stopped_vehicles,522vis:contrast:0038,8,0.44625238800789074,622,13,136,54,ok,0.2200917662980802,0.5231737964779629,0.3030820301798827
0,hour::stopped_vehicles,hour,stopped_vehicles,522vis:contrast:0039,6,0.44625238800789074,622,13,136,43,ok,0.13886244387355456,0.2297956100746854,0.09093316620113084
0,hour::stopped_vehicles,hour,stopped_vehicles,522vis:contrast:0040,9,0.44625238800789074,622,13,136,48,ok,0.2200917662980802,0.5747915663739763,0.35469980007589613
0,hour::stopped_vehicles,hour,stopped_vehicles,522vis:contrast:0041,13,0.44625238800789074,622,13,136,7,insufficient_b4_candidates,,,
0,hour::stopped_vehicles,hour,stopped_vehicles,522vis:contrast:0042,16,0.44625238800789074,622,13,136,10,ok,0.2200917662980802,0.07839826897867534,-0.14169349731940484
0,hour::two_plus_bikes,hour,two_plus_bikes,522vis:low:0043,18,0.21378822745432088,622,13,45,83,ok,0.17366667134799182,0.35707647659639197,0.18340980524840014
0,hour::two_plus_bikes,hour,two_plus_bikes,522vis:low:0044,19,0.21378822745432088,622,13,45,87,ok,0.17947710508581738,0.13886244387355456,-0.040614661212262815
0,hour::two_plus_bikes,hour,two_plus_bikes,522vis:low:0045,14,0.21378822745432088,622,13,45,85,ok,0.18844415212771543,0.0,-0.18844415212771543
0,hour::two_plus_bikes,hour,two_plus_bikes,522vis:low:0046,7,0.21378822745432088,622,13,45,63,ok,0.17366667134799182,0.0,-0.17366667134799182
0,hour::two_plus_bikes,hour,two_plus_bikes,522vis:low:0047,15,0.21378822745432088,622,13,45,62,ok,0.17366667134799182,0.20641593223508908,0.03274926088709726
0,hour::two_plus_bikes,hour,two_plus_bikes,522vis:low:0048,8,0.21378822745432088,622,13,45,54,ok,0.1100458831490401,0.0,-0.1100458831490401
0,hour::two_plus_bikes,hour,two_plus_bikes,522vis:low:0049,20,0.21378822745432088,622,13,45,37,ok,0.18340980524840014,0.07336392209936006,-0.11004588314904008
0,hour::two_plus_bikes,hour,two_plus_bikes,522vis:low:0050,17,0.21378822745432088,622,13,45,43,ok,0.17630010660342915,0.0,-0.17630010660342915
0,hour::two_plus_bikes,hour,two_plus_bikes,522vis:low:0051,9,0.21378822745432088,622,13,45,48,ok,0.1100458831490401,0.0,-0.1100458831490401
0,hour::two_plus_bikes,hour,two_plus_bikes,522vis:low:0052,13,0.21378822745432088,622,13,45,7,insufficient_b4_candidates,,,
0,hour::two_plus_bikes,hour,two_plus_bikes,522vis:low:0053,16,0.21378822745432088,622,13,45,10,ok,0.18844415212771543,0.06625422345438904,-0.12218992867332638
0,sig_has_pedestrian::dense_frame,sig_has_pedestrian,dense_frame,522vis:low:0065,False,0.05945619563656732,622,13,35,395,ok,0.4373524791503101,0.35895421017163476,-0.07839826897867536
0,sig_has_pedestrian::dense_frame,sig_has_pedestrian,dense_frame,522vis:low:0066,True,0.05945619563656732,622,13,35,227,ok,0.2583297509898471,0.3128047789019752,0.054475027912128104
0,sig_has_pedestrian::multiple_buses,sig_has_pedestrian,multiple_buses,522vis:low:0067,False,0.08807952819860257,622,13,59,395,ok,0.314880130667631,0.2200917662980802,-0.09478836436955079
0,sig_has_pedestrian::multiple_buses,sig_has_pedestrian,multiple_buses,522vis:low:0068,True,0.08807952819860257,622,13,59,227,ok,0.2863459897524693,0.2200917662980802,-0.06625422345438908
0,sig_has_pedestrian::parked_vehicle,sig_has_pedestrian,parked_vehicle,522vis:low:0063,False,0.026485056074182625,622,13,22,395,ok,0.0,0.0,0.0
0,sig_has_pedestrian::parked_vehicle,sig_has_pedestrian,parked_vehicle,522vis:low:0064,True,0.026485056074182625,622,13,22,227,ok,0.0,0.0,0.0
0,sig_has_pedestrian::stopped_vehicles,sig_has_pedestrian,stopped_vehicles,522vis:low:0069,False,0.05420139864582228,622,13,136,395,ok,0.13886244387355456,0.2837125544970319,0.14485011062347736
0,sig_has_pedestrian::stopped_vehicles,sig_has_pedestrian,stopped_vehicles,522vis:low:0070,True,0.05420139864582228,622,13,136,227,ok,0.13886244387355456,0.0,-0.13886244387355456
0,sig_has_pedestrian::two_plus_bikes,sig_has_pedestrian,two_plus_bikes,522vis:low:0071,False,0.0,622,13,45,395,ok,0.0,0.0,0.0
0,sig_has_pedestrian::two_plus_bikes,sig_has_pedestrian,two_plus_bikes,522vis:low:0072,True,0.0,622,13,45,227,ok,0.14465249243306438,0.17993148201117182,0.035278989578107434
0,sig_has_yellow::dense_frame,sig_has_yellow,dense_frame,522vis:low:0056,True,0.07409609567950641,622,13,35,417,ok,0.2583297509898471,0.32195053918879885,0.06362078819895173
0,sig_has_yellow::multiple_buses,sig_has_yellow,multiple_buses,522vis:low:0057,True,0.07788416144393887,622,13,59,417,ok,0.2895229882348575,0.37148910739409025,0.08196611915923274
0,sig_has_yellow::multiple_buses,sig_has_yellow,multiple_buses,522vis:low:0058,False,0.07788416144393887,622,13,59,205,ok,0.1951890007906611,0.0,-0.1951890007906611
0,sig_has_yellow::parked_vehicle,sig_has_yellow,parked_vehicle,522vis:low:0054,True,0.0,622,13,22,417,ok,0.0,0.0,0.0
0,sig_has_yellow::parked_vehicle,sig_has_yellow,parked_vehicle,522vis:low:0055,False,0.0,622,13,22,205,ok,0.0,0.07336392209936006,0.07336392209936006
0,sig_has_yellow::stopped_vehicles,sig_has_yellow,stopped_vehicles,522vis:low:0059,True,0.0,622,13,136,417,ok,0.2200917662980802,0.0,-0.2200917662980802
0,sig_has_yellow::stopped_vehicles,sig_has_yellow,stopped_vehicles,522vis:low:0060,False,0.0,622,13,136,205,ok,0.35895421017163476,0.428385432108412,0.06943122193677725
0,sig_has_yellow::two_plus_bikes,sig_has_yellow,two_plus_bikes,522vis:low:0061,True,0.07897969831579585,622,13,45,417,ok,0.08514311764162101,0.17947710508581738,0.09433398744419637
0,sig_has_yellow::two_plus_bikes,sig_has_yellow,two_plus_bikes,522vis:low:0062,False,0.07897969831579585,622,13,45,205,ok,0.0,0.0,0.0
0,time_of_day::dense_frame,time_of_day,dense_frame,522vis:low:0003,evening,0.050673091459737835,622,13,35,207,ok,0.3129834921469008,0.3129834921469008,0.0
0,time_of_day::dense_frame,time_of_day,dense_frame,522vis:low:0004,morning,0.050673091459737835,622,13,35,208,ok,0.2583297509898471,0.5590796706691327,0.30074991967928555
0,time_of_day::dense_frame,time_of_day,dense_frame,522vis:low:0005,afternoon,0.050673091459737835,622,13,35,207,ok,0.32195053918879885,0.5590796706691327,0.23712913148033382
0,time_of_day::multiple_buses,time_of_day,multiple_buses,522vis:low:0006,evening,0.0,622,13,59,207,ok,0.29345568839744024,0.29345568839744024,0.0
0,time_of_day::multiple_buses,time_of_day,multiple_buses,522vis:low:0007,morning,0.0,622,13,59,208,ok,0.29345568839744024,0.21819512777735,-0.07526056062009023
0,time_of_day::multiple_buses,time_of_day,multiple_buses,522vis:low:0008,afternoon,0.0,622,13,59,207,ok,0.2895229882348575,0.06943122193677728,-0.22009176629808022
0,time_of_day::parked_vehicle,time_of_day,parked_vehicle,522vis:low:0001,morning,0.09643642462914606,622,13,22,208,ok,0.0,0.0,0.0
0,time_of_day::parked_vehicle,time_of_day,parked_vehicle,522vis:low:0002,afternoon,0.09643642462914606,622,13,22,207,ok,0.0,0.08514311764162101,0.08514311764162101
0,time_of_day::stopped_vehicles,time_of_day,stopped_vehicles,522vis:contrast:0009,morning,0.3944716251464135,622,13,136,208,ok,0.13886244387355456,0.40350157154648036,0.2646391276729258
0,time_of_day::stopped_vehicles,time_of_day,stopped_vehicles,522vis:contrast:0010,afternoon,0.3944716251464135,622,13,136,207,ok,0.13886244387355456,0.09478836436955079,-0.04407407950400377
0,time_of_day::two_plus_bikes,time_of_day,two_plus_bikes,522vis:low:0011,evening,0.21394784560242647,622,13,45,207,ok,0.17366667134799182,0.17947710508581738,0.005810433737825554
0,time_of_day::two_plus_bikes,time_of_day,two_plus_bikes,522vis:low:0012,morning,0.21394784560242647,622,13,45,208,ok,0.07839826897867534,0.0,-0.07839826897867534
0,time_of_day::two_plus_bikes,time_of_day,two_plus_bikes,522vis:low:0013,afternoon,0.21394784560242647,622,13,45,207,ok,0.18340980524840014,0.0,-0.18340980524840014
0,veh_density_bin::dense_frame,veh_density_bin,dense_frame,522vis:low:0076,high,0.15016719291062144,622,13,35,198,ok,0.2583297509898471,0.2583297509898471,0.0
0,veh_density_bin::multiple_buses,veh_density_bin,multiple_buses,522vis:low:0077,high,0.2037321362611157,622,13,59,198,ok,0.29849003527675555,0.3647442587311446,0.06625422345438903
0,veh_density_bin::multiple_buses,veh_density_bin,multiple_buses,522vis:low:0078,mid,0.2037321362611157,622,13,59,190,ok,0.35314377643380923,0.0,-0.35314377643380923
0,veh_density_bin::multiple_buses,veh_density_bin,multiple_buses,522vis:low:0079,low,0.2037321362611157,622,13,59,234,ok,0.29849003527675555,0.0,-0.29849003527675555
0,veh_density_bin::parked_vehicle,veh_density_bin,parked_vehicle,522vis:low:0073,high,0.02019652984143027,622,13,22,198,ok,0.0,0.0,0.0
0,veh_density_bin::parked_vehicle,veh_density_bin,parked_vehicle,522vis:low:0074,mid,0.02019652984143027,622,13,22,190,ok,0.0,0.0,0.0
0,veh_density_bin::parked_vehicle,veh_density_bin,parked_vehicle,522vis:low:0075,low,0.02019652984143027,622,13,22,234,ok,0.08514311764162101,0.1100458831490401,0.024902765507419086
0,veh_density_bin::stopped_vehicles,veh_density_bin,stopped_vehicles,522vis:low:0080,high,0.0,622,13,136,198,ok,0.06943122193677728,0.0,-0.06943122193677728
0,veh_density_bin::stopped_vehicles,veh_density_bin,stopped_vehicles,522vis:low:0081,mid,0.0,622,13,136,190,ok,0.2200917662980802,0.2895229882348575,0.06943122193677731
0,veh_density_bin::stopped_vehicles,veh_density_bin,stopped_vehicles,522vis:low:0082,low,0.0,622,13,136,234,ok,0.14876390584057272,0.17366667134799182,0.0249027655074191
0,veh_density_bin::two_plus_bikes,veh_density_bin,two_plus_bikes,522vis:low:0083,high,0.13783464390734967,622,13,45,198,ok,0.18844415212771543,0.18844415212771543,0.0
0,veh_density_bin::two_plus_bikes,veh_density_bin,two_plus_bikes,522vis:low:0084,mid,0.13783464390734967,622,13,45,190,ok,0.18340980524840014,0.0,-0.18340980524840014
0,veh_density_bin::two_plus_bikes,veh_density_bin,two_plus_bikes,522vis:low:0085,low,0.13783464390734967,622,13,45,234,ok,0.0,0.09478836436955079,0.09478836436955079
1,hour::dense_frame,hour,dense_frame,522vis:low:0020,18,0.10266594267339148,618,13,3,85,insufficient_semantic_positives,,,
1,hour::dense_frame,hour,dense_frame,522vis:low:0021,14,0.10266594267339148,618,13,3,74,insufficient_semantic_positives,,,
1,hour::dense_frame,hour,dense_frame,522vis:low:0022,15,0.10266594267339148,618,13,3,60,insufficient_semantic_positives,,,
1,hour::dense_frame,hour,dense_frame,522vis:low:0023,8,0.10266594267339148,618,13,3,46,insufficient_semantic_positives,,,
1,hour::dense_frame,hour,dense_frame,522vis:low:0024,9,0.10266594267339148,618,13,3,41,insufficient_semantic_positives,,,
1,hour::multiple_buses,hour,multiple_buses,522vis:low:0025,18,0.062311117803719056,618,13,31,85,ok,0.13886244387355456,0.0,-0.13886244387355456
1,hour::multiple_buses,hour,multiple_buses,522vis:low:0026,19,0.062311117803719056,618,13,31,75,ok,0.09478836436955079,0.06943122193677728,-0.02535714243277351
1,hour::multiple_buses,hour,multiple_buses,522vis:low:0027,14,0.062311117803719056,618,13,31,74,ok,0.13886244387355456,0.07336392209936006,-0.0654985217741945
1,hour::multiple_buses,hour,multiple_buses,522vis:low:0028,7,0.062311117803719056,618,13,31,71,ok,0.1100458831490401,0.06625422345438904,-0.043791659694651056
1,hour::multiple_buses,hour,multiple_buses,522vis:low:0029,15,0.062311117803719056,618,13,31,60,ok,0.1100458831490401,0.0,-0.1100458831490401
1,hour::multiple_buses,hour,multiple_buses,522vis:low:0030,8,0.062311117803719056,618,13,31,46,ok,0.13886244387355456,0.0,-0.13886244387355456
1,hour::multiple_buses,hour,multiple_buses,522vis:low:0031,6,0.062311117803719056,618,13,31,46,ok,0.13886244387355456,0.06362078819895173,-0.07524165567460284
1,hour::multiple_buses,hour,multiple_buses,522vis:low:0032,20,0.062311117803719056,618,13,31,47,ok,0.1100458831490401,0.2200917662980802,0.1100458831490401
1,hour::multiple_buses,hour,multiple_buses,522vis:low:0033,17,0.062311117803719056,618,13,31,46,ok,0.13886244387355456,0.07839826897867534,-0.06046417489487922
1,hour::multiple_buses,hour,multiple_buses,522vis:low:0034,9,0.062311117803719056,618,13,31,41,ok,0.1100458831490401,0.1951890007906611,0.085143117641621
1,hour::parked_vehicle,hour,parked_vehicle,522vis:low:0014,14,0.13397721829017867,618,13,11,74,ok,0.09478836436955079,0.0,-0.09478836436955079
1,hour::parked_vehicle,hour,parked_vehicle,522vis:low:0015,7,0.13397721829017867,618,13,11,71,ok,0.20511666732794362,0.0,-0.20511666732794362
1,hour::parked_vehicle,hour,parked_vehicle,522vis:low:0016,15,0.13397721829017867,618,13,11,60,ok,0.15139734109601005,0.29345568839744024,0.1420583473014302
1,hour::parked_vehicle,hour,parked_vehicle,522vis:low:0017,8,0.13397721829017867,618,13,11,46,ok,0.16104258782393985,0.13886244387355456,-0.022180143950385284
1,hour::parked_vehicle,hour,parked_vehicle,522vis:low:0018,6,0.13397721829017867,618,13,11,46,ok,0.17366667134799182,0.0,-0.17366667134799182
1,hour::parked_vehicle,hour,parked_vehicle,522vis:low:0019,9,0.13397721829017867,618,13,11,41,ok,0.08514311764162101,0.0,-0.08514311764162101
1,hour::stopped_vehicles,hour,stopped_vehicles,522vis:contrast:0035,14,0.44272088039600016,618,13,131,74,ok,0.4920062203073638,0.6403089930936582,0.1483027727862944
1,hour::stopped_vehicles,hour,stopped_vehicles,522vis:contrast:0036,7,0.44272088039600016,618,13,131,71,ok,0.5036067026046992,0.7058075148678529,0.20220081226315367
1,hour::stopped_vehicles,hour,stopped_vehicles,522vis:contrast:0037,15,0.44272088039600016,618,13,131,60,ok,0.4985723557253839,0.7280855459907166,0.22951319026533273
1,hour::stopped_vehicles,hour,stopped_vehicles,522vis:contrast:0038,8,0.44272088039600016,618,13,131,46,ok,0.570404489286039,0.39956887138389763,-0.1708356179021414
1,hour::stopped_vehicles,hour,stopped_vehicles,522vis:contrast:0039,6,0.44272088039600016,618,13,131,46,ok,0.45718160765461074,0.2024832320725063,-0.25469837558210445
1,hour::stopped_vehicles,hour,stopped_vehicles,522vis:contrast:0040,9,0.44272088039600016,618,13,131,41,ok,0.5907272848394974,0.9337457765456111,0.34301849170611365
1,hour::stopped_vehicles,hour,stopped_vehicles,522vis:contrast:0041,13,0.44272088039600016,618,13,131,16,ok,0.4946396555628011,0.0,-0.4946396555628011
1,hour::stopped_vehicles,hour,stopped_vehicles,522vis:contrast:0042,16,0.44272088039600016,618,13,131,11,ok,0.4323181322709948,0.12987501165334078,-0.302443120617654
1,hour::two_plus_bikes,hour,two_plus_bikes,522vis:low:0043,18,0.19343756541055462,618,13,92,85,ok,0.0,0.32806229768146455,0.32806229768146455
1,hour::two_plus_bikes,hour,two_plus_bikes,522vis:low:0044,19,0.19343756541055462,618,13,92,75,ok,0.0,0.17993148201117182,0.17993148201117182
1,hour::two_plus_bikes,hour,two_plus_bikes,522vis:low:0045,14,0.19343756541055462,618,13,92,74,ok,0.0,0.08514311764162101,0.08514311764162101
1,hour::two_plus_bikes,hour,two_plus_bikes,522vis:low:0046,7,0.19343756541055462,618,13,92,71,ok,0.0,0.0,0.0
1,hour::two_plus_bikes,hour,two_plus_bikes,522vis:low:0047,15,0.19343756541055462,618,13,92,60,ok,0.0,0.0,0.0
1,hour::two_plus_bikes,hour,two_plus_bikes,522vis:low:0048,8,0.19343756541055462,618,13,92,46,ok,0.0,0.0,0.0
1,hour::two_plus_bikes,hour,two_plus_bikes,522vis:low:0049,20,0.19343756541055462,618,13,92,47,ok,0.0,0.09478836436955079,0.09478836436955079
1,hour::two_plus_bikes,hour,two_plus_bikes,522vis:low:0050,17,0.19343756541055462,618,13,92,46,ok,0.0,0.42914113378860663,0.42914113378860663
1,hour::two_plus_bikes,hour,two_plus_bikes,522vis:low:0051,9,0.19343756541055462,618,13,92,41,ok,0.0,0.0,0.0
1,hour::two_plus_bikes,hour,two_plus_bikes,522vis:low:0052,13,0.19343756541055462,618,13,92,16,ok,0.0,0.3398414932237255,0.3398414932237255
1,hour::two_plus_bikes,hour,two_plus_bikes,522vis:low:0053,16,0.19343756541055462,618,13,92,11,ok,0.0,0.32730659600127,0.32730659600127
1,sig_has_pedestrian::dense_frame,sig_has_pedestrian,dense_frame,522vis:low:0065,False,0.058956124808910416,618,13,3,361,insufficient_semantic_positives,,,
1,sig_has_pedestrian::dense_frame,sig_has_pedestrian,dense_frame,522vis:low:0066,True,0.058956124808910416,618,13,3,257,insufficient_semantic_positives,,,
1,sig_has_pedestrian::multiple_buses,sig_has_pedestrian,multiple_buses,522vis:low:0067,False,0.07971392567224767,618,13,31,361,ok,0.13886244387355456,0.06625422345438904,-0.07260822041916552
1,sig_has_pedestrian::multiple_buses,sig_has_pedestrian,multiple_buses,522vis:low:0068,True,0.07971392567224767,618,13,31,257,ok,0.09478836436955079,0.13886244387355456,0.04407407950400377
1,sig_has_pedestrian::parked_vehicle,sig_has_pedestrian,parked_vehicle,522vis:low:0063,False,0.031046880177109198,618,13,11,361,ok,0.0,0.0,0.0
1,sig_has_pedestrian::parked_vehicle,sig_has_pedestrian,parked_vehicle,522vis:low:0064,True,0.031046880177109198,618,13,11,257,ok,0.0,0.08514311764162101,0.08514311764162101
1,sig_has_pedestrian::stopped_vehicles,sig_has_pedestrian,stopped_vehicles,522vis:low:0069,False,0.0960709415613228,618,13,131,361,ok,0.39375843764607205,0.5107164012496702,0.11695796360359817
1,sig_has_pedestrian::stopped_vehicles,sig_has_pedestrian,stopped_vehicles,522vis:low:0070,True,0.0960709415613228,618,13,131,257,ok,0.5736899196572437,0.46945447024602927,-0.10423544941121443
1,sig_has_pedestrian::two_plus_bikes,sig_has_pedestrian,two_plus_bikes,522vis:low:0071,False,0.055346562465659076,618,13,92,361,ok,0.0,0.0,0.0
1,sig_has_pedestrian::two_plus_bikes,sig_has_pedestrian,two_plus_bikes,522vis:low:0072,True,0.055346562465659076,618,13,92,257,ok,0.0,0.0,0.0
1,sig_has_yellow::dense_frame,sig_has_yellow,dense_frame,522vis:low:0056,True,0.10054196406552408,618,13,3,425,insufficient_semantic_positives,,,
1,sig_has_yellow::multiple_buses,sig_has_yellow,multiple_buses,522vis:low:0057,True,0.09206088895874975,618,13,31,425,ok,0.1100458831490401,0.1100458831490401,0.0
1,sig_has_yellow::multiple_buses,sig_has_yellow,multiple_buses,522vis:low:0058,False,0.09206088895874975,618,13,31,193,ok,0.2024832320725063,0.0,-0.2024832320725063
1,sig_has_yellow::parked_vehicle,sig_has_yellow,parked_vehicle,522vis:low:0054,True,0.03185555326946536,618,13,11,425,ok,0.13886244387355456,0.13886244387355456,0.0
1,sig_has_yellow::parked_vehicle,sig_has_yellow,parked_vehicle,522vis:low:0055,False,0.03185555326946536,618,13,11,193,ok,0.1356854453911663,0.09478836436955079,-0.04089708102161552
1,sig_has_yellow::stopped_vehicles,sig_has_yellow,stopped_vehicles,522vis:low:0059,True,0.0,618,13,131,425,ok,0.699473903081392,0.6117952373568122,-0.08767866572457983
1,sig_has_yellow::stopped_vehicles,sig_has_yellow,stopped_vehicles,522vis:low:0060,False,0.0,618,13,131,193,ok,0.3732689537968545,0.3503127229879589,-0.022956230808895584
1,sig_has_yellow::two_plus_bikes,sig_has_yellow,two_plus_bikes,522vis:low:0061,True,0.10903096959492899,618,13,92,425,ok,0.0,0.0,0.0
1,sig_has_yellow::two_plus_bikes,sig_has_yellow,two_plus_bikes,522vis:low:0062,False,0.10903096959492899,618,13,92,193,ok,0.0,0.0,0.0
1,time_of_day::dense_frame,time_of_day,dense_frame,522vis:low:0003,evening,0.05968551210873486,618,13,3,207,insufficient_semantic_positives,,,
1,time_of_day::dense_frame,time_of_day,dense_frame,522vis:low:0004,morning,0.05968551210873486,618,13,3,204,insufficient_semantic_positives,,,
1,time_of_day::dense_frame,time_of_day,dense_frame,522vis:low:0005,afternoon,0.05968551210873486,618,13,3,207,insufficient_semantic_positives,,,
1,time_of_day::multiple_buses,time_of_day,multiple_buses,522vis:low:0006,evening,0.0,618,13,31,207,ok,0.1100458831490401,0.13886244387355456,0.028816560724514467
1,time_of_day::multiple_buses,time_of_day,multiple_buses,522vis:low:0007,morning,0.0,618,13,31,204,ok,0.13886244387355456,0.06625422345438904,-0.07260822041916552
1,time_of_day::multiple_buses,time_of_day,multiple_buses,522vis:low:0008,afternoon,0.0,618,13,31,207,ok,0.13886244387355456,0.0,-0.13886244387355456
1,time_of_day::parked_vehicle,time_of_day,parked_vehicle,522vis:low:0001,morning,0.10873436890206992,618,13,11,204,ok,0.17947710508581738,0.13886244387355456,-0.040614661212262815
1,time_of_day::parked_vehicle,time_of_day,parked_vehicle,522vis:low:0002,afternoon,0.10873436890206992,618,13,11,207,ok,0.06625422345438904,0.08514311764162101,0.01888889418723197
1,time_of_day::stopped_vehicles,time_of_day,stopped_vehicles,522vis:contrast:0009,morning,0.398316855153038,618,13,131,204,ok,0.37566986542073244,0.7065443116025598,0.3308744461818274
1,time_of_day::stopped_vehicles,time_of_day,stopped_vehicles,522vis:contrast:0010,afternoon,0.398316855153038,618,13,131,207,ok,0.46582309483828666,0.6530488081313036,0.18722571329301696
1,time_of_day::two_plus_bikes,time_of_day,two_plus_bikes,522vis:low:0011,evening,0.19778950578558777,618,13,92,207,ok,0.0,0.14876390584057272,0.14876390584057272
1,time_of_day::two_plus_bikes,time_of_day,two_plus_bikes,522vis:low:0012,morning,0.19778950578558777,618,13,92,204,ok,0.0,0.0,0.0
1,time_of_day::two_plus_bikes,time_of_day,two_plus_bikes,522vis:low:0013,afternoon,0.19778950578558777,618,13,92,207,ok,0.0,0.0,0.0
1,veh_density_bin::dense_frame,veh_density_bin,dense_frame,522vis:low:0076,high,0.20560339492620922,618,13,3,168,insufficient_semantic_positives,,,
1,veh_density_bin::multiple_buses,veh_density_bin,multiple_buses,522vis:low:0077,high,0.23752244711558346,618,13,31,168,ok,0.13886244387355456,0.20511666732794362,0.06625422345438906
1,veh_density_bin::multiple_buses,veh_density_bin,multiple_buses,522vis:low:0078,mid,0.23752244711558346,618,13,31,262,ok,0.1100458831490401,0.07839826897867534,-0.031647614170364755
1,veh_density_bin::multiple_buses,veh_density_bin,multiple_buses,522vis:low:0079,low,0.23752244711558346,618,13,31,188,ok,0.09478836436955079,0.0,-0.09478836436955079
1,veh_density_bin::parked_vehicle,veh_density_bin,parked_vehicle,522vis:low:0073,high,0.0,618,13,11,168,ok,0.0,0.0,0.0
1,veh_density_bin::parked_vehicle,veh_density_bin,parked_vehicle,522vis:low:0074,mid,0.0,618,13,11,262,ok,0.0,0.06362078819895173,0.06362078819895173
1,veh_density_bin::parked_vehicle,veh_density_bin,parked_vehicle,522vis:low:0075,low,0.0,618,13,11,188,ok,0.0,0.0,0.0
1,veh_density_bin::stopped_vehicles,veh_density_bin,stopped_vehicles,522vis:low:0080,high,0.0,618,13,131,168,ok,0.24618570546556087,0.0,-0.24618570546556087
1,veh_density_bin::stopped_vehicles,veh_density_bin,stopped_vehicles,522vis:low:0081,mid,0.0,618,13,131,262,ok,0.5672274908036509,0.5517854393872874,-0.015442051416363456
1,veh_density_bin::stopped_vehicles,veh_density_bin,stopped_vehicles,522vis:low:0082,low,0.0,618,13,131,188,ok,0.14279514403613736,0.21538297927698713,0.07258783524084977
1,veh_density_bin::two_plus_bikes,veh_density_bin,two_plus_bikes,522vis:low:0083,high,0.14523503135632984,618,13,92,168,ok,0.0,0.07336392209936006,0.07336392209936006
1,veh_density_bin::two_plus_bikes,veh_density_bin,two_plus_bikes,522vis:low:0084,mid,0.14523503135632984,618,13,92,262,ok,0.0,0.0,0.0
1,veh_density_bin::two_plus_bikes,veh_density_bin,two_plus_bikes,522vis:low:0085,low,0.14523503135632984,618,13,92,188,ok,0.0,0.0,0.0
2,hour::dense_frame,hour,dense_frame,522vis:low:0020,18,0.10351992812423003,617,13,13,81,ok,0.35895421017163476,0.35895421017163476,0.0
2,hour::dense_frame,hour,dense_frame,522vis:low:0021,14,0.10351992812423003,617,13,13,71,ok,0.24890832702259466,0.0,-0.24890832702259466
2,hour::dense_frame,hour,dense_frame,522vis:low:0022,15,0.10351992812423003,617,13,13,63,ok,0.35895421017163476,0.13886244387355456,-0.2200917662980802
2,hour::dense_frame,hour,dense_frame,522vis:low:0023,8,0.10351992812423003,617,13,13,48,ok,0.24890832702259466,0.0,-0.24890832702259466
2,hour::dense_frame,hour,dense_frame,522vis:low:0024,9,0.10351992812423003,617,13,13,42,ok,0.24890832702259466,0.2200917662980802,-0.028816560724514467
2,hour::multiple_buses,hour,multiple_buses,522vis:low:0025,18,0.057962245895139555,617,13,84,81,ok,0.611019150498302,0.6117952373568122,0.000776086858510161
2,hour::multiple_buses,hour,multiple_buses,522vis:low:0026,19,0.057962245895139555,617,13,84,80,ok,0.6177639991612476,0.7026305163854646,0.08486651722421701
2,hour::multiple_buses,hour,multiple_buses,522vis:low:0027,14,0.057962245895139555,617,13,84,71,ok,0.611019150498302,0.14201905717762706,-0.46900009332067494
2,hour::multiple_buses,hour,multiple_buses,522vis:low:0028,7,0.057962245895139555,617,13,84,60,ok,0.5224955967919311,0.06943122193677728,-0.45306437485515383
2,hour::multiple_buses,hour,multiple_buses,522vis:low:0029,15,0.057962245895139555,617,13,84,63,ok,0.6840182226156366,0.06362078819895173,-0.6203974344166849
2,hour::multiple_buses,hour,multiple_buses,522vis:low:0030,8,0.057962245895139555,617,13,84,48,ok,0.5271064966405457,0.35294615824339626,-0.1741603383971494
2,hour::multiple_buses,hour,multiple_buses,522vis:low:0031,6,0.057962245895139555,617,13,84,56,ok,0.5541432109622959,0.07336392209936006,-0.48077928886293586
2,hour::multiple_buses,hour,multiple_buses,522vis:low:0032,20,0.057962245895139555,617,13,84,46,ok,0.6177639991612476,0.23177307466786257,-0.385990924493385
2,hour::multiple_buses,hour,multiple_buses,522vis:low:0033,17,0.057962245895139555,617,13,84,38,ok,0.611019150498302,0.17318663334822615,-0.4378325171500759
2,hour::multiple_buses,hour,multiple_buses,522vis:low:0034,9,0.057962245895139555,617,13,84,42,ok,0.5384313152574522,0.2646202227274384,-0.27381109253001384
2,hour::parked_vehicle,hour,parked_vehicle,522vis:low:0014,14,0.13684083053127793,617,13,15,71,ok,0.0,0.0,0.0
2,hour::parked_vehicle,hour,parked_vehicle,522vis:low:0015,7,0.13684083053127793,617,13,15,60,ok,0.0,0.0,0.0
2,hour::parked_vehicle,hour,parked_vehicle,522vis:low:0016,15,0.13684083053127793,617,13,15,63,ok,0.0,0.0,0.0
2,hour::parked_vehicle,hour,parked_vehicle,522vis:low:0017,8,0.13684083053127793,617,13,15,48,ok,0.0,0.0,0.0
2,hour::parked_vehicle,hour,parked_vehicle,522vis:low:0018,6,0.13684083053127793,617,13,15,56,ok,0.0,0.0,0.0
2,hour::parked_vehicle,hour,parked_vehicle,522vis:low:0019,9,0.13684083053127793,617,13,15,42,ok,0.0,0.08514311764162101,0.08514311764162101
2,hour::stopped_vehicles,hour,stopped_vehicles,522vis:contrast:0035,14,0.4585269365352157,617,13,128,71,ok,0.16354138662029635,0.2863459897524693,0.12280460313217292
2,hour::stopped_vehicles,hour,stopped_vehicles,522vis:contrast:0036,7,0.4585269365352157,617,13,128,60,ok,0.20323893375270083,0.23992089480238088,0.03668196104968005
2,hour::stopped_vehicles,hour,stopped_vehicles,522vis:contrast:0037,15,0.4585269365352157,617,13,128,63,ok,0.06362078819895173,0.5231737964779629,0.4595530082790112
2,hour::stopped_vehicles,hour,stopped_vehicles,522vis:contrast:0038,8,0.4585269365352157,617,13,128,48,ok,0.22793826167775835,0.5677211578528084,0.3397828961750501
2,hour::stopped_vehicles,hour,stopped_vehicles,522vis:contrast:0039,6,0.4585269365352157,617,13,128,56,ok,0.22082856303278733,0.2583297509898471,0.037501187957059784
2,hour::stopped_vehicles,hour,stopped_vehicles,522vis:contrast:0040,9,0.4585269365352157,617,13,128,42,ok,0.30315953217404545,0.6051399156371956,0.30198038346315015
2,hour::stopped_vehicles,hour,stopped_vehicles,522vis:contrast:0041,13,0.4585269365352157,617,13,128,19,ok,0.09478836436955079,0.28351493630661895,0.18872657193706815
2,hour::stopped_vehicles,hour,stopped_vehicles,522vis:contrast:0042,16,0.4585269365352157,617,13,128,13,ok,0.0,0.42333070005078105,0.42333070005078105
2,hour::two_plus_bikes,hour,two_plus_bikes,522vis:low:0043,18,0.2208803392673937,617,13,67,81,ok,0.0,0.12987501165334078,0.12987501165334078
2,hour::two_plus_bikes,hour,two_plus_bikes,522vis:low:0044,19,0.2208803392673937,617,13,67,80,ok,0.0,0.16354138662029635,0.16354138662029635
2,hour::two_plus_bikes,hour,two_plus_bikes,522vis:low:0045,14,0.2208803392673937,617,13,67,71,ok,0.0,0.13698471029831177,0.13698471029831177
2,hour::two_plus_bikes,hour,two_plus_bikes,522vis:low:0046,7,0.2208803392673937,617,13,67,60,ok,0.0,0.07839826897867534,0.07839826897867534
2,hour::two_plus_bikes,hour,two_plus_bikes,522vis:low:0047,15,0.2208803392673937,617,13,67,63,ok,0.0,0.15850703974098107,0.15850703974098107
2,hour::two_plus_bikes,hour,two_plus_bikes,522vis:low:0048,8,0.2208803392673937,617,13,67,48,ok,0.0,0.0,0.0
2,hour::two_plus_bikes,hour,two_plus_bikes,522vis:low:0049,20,0.2208803392673937,617,13,67,46,ok,0.0,0.0,0.0
2,hour::two_plus_bikes,hour,two_plus_bikes,522vis:low:0050,17,0.2208803392673937,617,13,67,38,ok,0.0,0.20483424751859092,0.20483424751859092
2,hour::two_plus_bikes,hour,two_plus_bikes,522vis:low:0051,9,0.2208803392673937,617,13,67,42,ok,0.0,0.0,0.0
2,hour::two_plus_bikes,hour,two_plus_bikes,522vis:low:0052,13,0.2208803392673937,617,13,67,19,ok,0.0,0.07336392209936006,0.07336392209936006
2,hour::two_plus_bikes,hour,two_plus_bikes,522vis:low:0053,16,0.2208803392673937,617,13,67,13,ok,0.0,0.07839826897867534,0.07839826897867534
2,sig_has_pedestrian::dense_frame,sig_has_pedestrian,dense_frame,522vis:low:0065,False,0.08289931119262725,617,13,13,291,ok,0.17993148201117182,0.06362078819895173,-0.11631069381222009
2,sig_has_pedestrian::dense_frame,sig_has_pedestrian,dense_frame,522vis:low:0066,True,0.08289931119262725,617,13,13,326,ok,0.16354138662029635,0.17993148201117182,0.016390095390875464
2,sig_has_pedestrian::multiple_buses,sig_has_pedestrian,multiple_buses,522vis:low:0067,False,0.0,617,13,84,291,ok,0.2200917662980802,0.2200917662980802,0.0
2,sig_has_pedestrian::multiple_buses,sig_has_pedestrian,multiple_buses,522vis:low:0068,True,0.0,617,13,84,326,ok,0.16815228646891087,0.32806229768146455,0.1599100112125537
2,sig_has_pedestrian::parked_vehicle,sig_has_pedestrian,parked_vehicle,522vis:low:0063,False,0.02339196121711171,617,13,15,291,ok,0.0,0.0,0.0
2,sig_has_pedestrian::parked_vehicle,sig_has_pedestrian,parked_vehicle,522vis:low:0064,True,0.02339196121711171,617,13,15,326,ok,0.0,0.0,0.0
2,sig_has_pedestrian::stopped_vehicles,sig_has_pedestrian,stopped_vehicles,522vis:low:0069,False,0.05460437449814193,617,13,128,291,ok,0.06943122193677728,0.07336392209936006,0.003932700162582778
2,sig_has_pedestrian::stopped_vehicles,sig_has_pedestrian,stopped_vehicles,522vis:low:0070,True,0.05460437449814193,617,13,128,326,ok,0.1951890007906611,0.07336392209936006,-0.12182507869130103
2,sig_has_pedestrian::two_plus_bikes,sig_has_pedestrian,two_plus_bikes,522vis:low:0071,False,0.04752591935555263,617,13,67,291,ok,0.15139734109601005,0.09478836436955079,-0.05660897672645926
2,sig_has_pedestrian::two_plus_bikes,sig_has_pedestrian,two_plus_bikes,522vis:low:0072,True,0.04752591935555263,617,13,67,326,ok,0.0,0.0,0.0
2,sig_has_yellow::dense_frame,sig_has_yellow,dense_frame,522vis:low:0056,True,0.09249562160309618,617,13,13,436,ok,0.14782949091545264,0.14782949091545264,0.0
2,sig_has_yellow::multiple_buses,sig_has_yellow,multiple_buses,522vis:low:0057,True,0.08053007497859913,617,13,84,436,ok,0.29345568839744024,0.3621108234757073,0.06865513507826704
2,sig_has_yellow::multiple_buses,sig_has_yellow,multiple_buses,522vis:low:0058,False,0.08053007497859913,617,13,84,181,ok,0.2200917662980802,0.0,-0.2200917662980802
2,sig_has_yellow::parked_vehicle,sig_has_yellow,parked_vehicle,522vis:low:0054,True,0.05309198619794207,617,13,15,436,ok,0.0,0.0,0.0
2,sig_has_yellow::parked_vehicle,sig_has_yellow,parked_vehicle,522vis:low:0055,False,0.05309198619794207,617,13,15,181,ok,0.0,0.0,0.0
2,sig_has_yellow::stopped_vehicles,sig_has_yellow,stopped_vehicles,522vis:low:0059,True,0.0,617,13,128,436,ok,0.1396181455537491,0.07336392209936006,-0.06625422345438904
2,sig_has_yellow::stopped_vehicles,sig_has_yellow,stopped_vehicles,522vis:low:0060,False,0.0,617,13,128,181,ok,0.0,0.3913817611255761,0.3913817611255761
2,sig_has_yellow::two_plus_bikes,sig_has_yellow,two_plus_bikes,522vis:low:0061,True,0.08793824586022916,617,13,67,436,ok,0.0,0.0,0.0
2,sig_has_yellow::two_plus_bikes,sig_has_yellow,two_plus_bikes,522vis:low:0062,False,0.08793824586022916,617,13,67,181,ok,0.08514311764162101,0.15840915256850252,0.07326603492688151
2,time_of_day::dense_frame,time_of_day,dense_frame,522vis:low:0003,evening,0.05459736341489228,617,13,13,207,ok,0.35895421017163476,0.35895421017163476,0.0
2,time_of_day::dense_frame,time_of_day,dense_frame,522vis:low:0004,morning,0.05459736341489228,617,13,13,206,ok,0.24890832702259466,0.07839826897867534,-0.17051005804391933
2,time_of_day::dense_frame,time_of_day,dense_frame,522vis:low:0005,afternoon,0.05459736341489228,617,13,13,204,ok,0.35895421017163476,0.0,-0.35895421017163476
2,time_of_day::multiple_buses,time_of_day,multiple_buses,522vis:low:0006,evening,0.0,617,13,84,207,ok,0.6840182226156366,0.826813366651774,0.14279514403613736
2,time_of_day::multiple_buses,time_of_day,multiple_buses,522vis:low:0007,morning,0.0,617,13,84,206,ok,0.6840182226156366,0.0,-0.6840182226156366
2,time_of_day::multiple_buses,time_of_day,multiple_buses,522vis:low:0008,afternoon,0.0,617,13,84,204,ok,0.6936634693435664,0.0,-0.6936634693435664
2,time_of_day::parked_vehicle,time_of_day,parked_vehicle,522vis:low:0001,morning,0.10400483935776522,617,13,15,206,ok,0.0,0.0,0.0
2,time_of_day::parked_vehicle,time_of_day,parked_vehicle,522vis:low:0002,afternoon,0.10400483935776522,617,13,15,204,ok,0.0,0.0,0.0
2,time_of_day::stopped_vehicles,time_of_day,stopped_vehicles,522vis:contrast:0009,morning,0.4056998629169749,617,13,128,206,ok,0.17993148201117182,0.4341754806679219,0.25424399865675007
2,time_of_day::stopped_vehicles,time_of_day,stopped_vehicles,522vis:contrast:0010,afternoon,0.4056998629169749,617,13,128,204,ok,0.133052010135729,0.5326208815196266,0.39956887138389763
2,time_of_day::two_plus_bikes,time_of_day,two_plus_bikes,522vis:low:0011,evening,0.2246630379238806,617,13,67,207,ok,0.0,0.0,0.0
2,time_of_day::two_plus_bikes,time_of_day,two_plus_bikes,522vis:low:0012,morning,0.2246630379238806,617,13,67,206,ok,0.0,0.0,0.0
2,time_of_day::two_plus_bikes,time_of_day,two_plus_bikes,522vis:low:0013,afternoon,0.2246630379238806,617,13,67,204,ok,0.0,0.0,0.0
2,veh_density_bin::dense_frame,veh_density_bin,dense_frame,522vis:low:0076,high,0.22129515648198197,617,13,13,339,ok,0.20483424751859092,0.20483424751859092,0.0
2,veh_density_bin::multiple_buses,veh_density_bin,multiple_buses,522vis:low:0077,high,0.15273902071712747,617,13,84,339,ok,0.617585285916322,0.617585285916322,0.0
2,veh_density_bin::multiple_buses,veh_density_bin,multiple_buses,522vis:low:0078,mid,0.15273902071712747,617,13,84,131,ok,0.29849003527675555,0.2200917662980802,-0.07839826897867536
2,veh_density_bin::multiple_buses,veh_density_bin,multiple_buses,522vis:low:0079,low,0.15273902071712747,617,13,84,147,ok,0.18844415212771543,0.0,-0.18844415212771543
2,veh_density_bin::parked_vehicle,veh_density_bin,parked_vehicle,522vis:low:0073,high,0.0,617,13,15,339,ok,0.0,0.0,0.0
2,veh_density_bin::parked_vehicle,veh_density_bin,parked_vehicle,522vis:low:0074,mid,0.0,617,13,15,131,ok,0.0,0.0,0.0
2,veh_density_bin::parked_vehicle,veh_density_bin,parked_vehicle,522vis:low:0075,low,0.0,617,13,15,147,ok,0.0,0.0,0.0
2,veh_density_bin::stopped_vehicles,veh_density_bin,stopped_vehicles,522vis:low:0080,high,0.0,617,13,128,339,ok,0.0,0.0,0.0
2,veh_density_bin::stopped_vehicles,veh_density_bin,stopped_vehicles,522vis:low:0081,mid,0.0,617,13,128,131,ok,0.1100458831490401,0.0,-0.1100458831490401
2,veh_density_bin::stopped_vehicles,veh_density_bin,stopped_vehicles,522vis:low:0082,low,0.0,617,13,128,147,ok,0.16354138662029635,0.3792377156012898,0.21569632898099347
2,veh_density_bin::two_plus_bikes,veh_density_bin,two_plus_bikes,522vis:low:0083,high,0.1351173683709328,617,13,67,339,ok,0.0,0.0,0.0
2,veh_density_bin::two_plus_bikes,veh_density_bin,two_plus_bikes,522vis:low:0084,mid,0.1351173683709328,617,13,67,131,ok,0.0,0.28444935123173903,0.28444935123173903
2,veh_density_bin::two_plus_bikes,veh_density_bin,two_plus_bikes,522vis:low:0085,low,0.1351173683709328,617,13,67,147,ok,0.1100458831490401,0.3052348839397012,0.19518900079066112
3,hour::dense_frame,hour,dense_frame,522vis:low:0020,18,0.09111614207223226,571,12,9,76,ok,0.17993148201117182,0.0,-0.17993148201117182
3,hour::dense_frame,hour,dense_frame,522vis:low:0021,14,0.09111614207223226,571,12,9,69,ok,0.1951890007906611,0.2200917662980802,0.0249027655074191
3,hour::dense_frame,hour,dense_frame,522vis:low:0022,15,0.09111614207223226,571,12,9,50,ok,0.1951890007906611,0.12987501165334078,-0.06531398913732031
3,hour::dense_frame,hour,dense_frame,522vis:low:0023,8,0.09111614207223226,571,12,9,58,ok,0.20483424751859092,0.0,-0.20483424751859092
3,hour::dense_frame,hour,dense_frame,522vis:low:0024,9,0.09111614207223226,571,12,9,26,ok,0.23365080824310536,0.3301376494471203,0.09648684120401496
3,hour::multiple_buses,hour,multiple_buses,522vis:low:0025,18,0.02691321432154286,571,12,38,76,ok,0.13886244387355456,0.0,-0.13886244387355456
3,hour::multiple_buses,hour,multiple_buses,522vis:low:0026,19,0.02691321432154286,571,12,38,66,ok,0.13886244387355456,0.06362078819895173,-0.07524165567460284
3,hour::multiple_buses,hour,multiple_buses,522vis:low:0027,14,0.02691321432154286,571,12,38,69,ok,0.13886244387355456,0.0,-0.13886244387355456
3,hour::multiple_buses,hour,multiple_buses,522vis:low:0028,7,0.02691321432154286,571,12,38,50,ok,0.13886244387355456,0.08514311764162101,-0.053719326231933553
3,hour::multiple_buses,hour,multiple_buses,522vis:low:0029,15,0.02691321432154286,571,12,38,50,ok,0.13886244387355456,0.2895229882348575,0.15066054436130294
3,hour::multiple_buses,hour,multiple_buses,522vis:low:0030,8,0.02691321432154286,571,12,38,58,ok,0.13886244387355456,0.2496640287027892,0.11080158482923463
3,hour::multiple_buses,hour,multiple_buses,522vis:low:0031,6,0.02691321432154286,571,12,38,57,ok,0.13886244387355456,0.0,-0.13886244387355456
3,hour::multiple_buses,hour,multiple_buses,522vis:low:0032,20,0.02691321432154286,571,12,38,49,ok,0.13886244387355456,0.0,-0.13886244387355456
3,hour::multiple_buses,hour,multiple_buses,522vis:low:0033,17,0.02691321432154286,571,12,38,55,ok,0.13886244387355456,0.13886244387355456,0.0
3,hour::multiple_buses,hour,multiple_buses,522vis:low:0034,9,0.02691321432154286,571,12,38,26,ok,0.13886244387355456,0.18340980524840014,0.04454736137484558
3,hour::parked_vehicle,hour,parked_vehicle,522vis:low:0014,14,0.14795013107291735,571,12,8,69,ok,0.06943122193677728,0.2200917662980802,0.1506605443613029
3,hour::parked_vehicle,hour,parked_vehicle,522vis:low:0015,7,0.14795013107291735,571,12,8,50,ok,0.09478836436955079,0.12987501165334078,0.03508664728378999
3,hour::parked_vehicle,hour,parked_vehicle,522vis:low:0016,15,0.14795013107291735,571,12,8,50,ok,0.06943122193677728,0.0,-0.06943122193677728
3,hour::parked_vehicle,hour,parked_vehicle,522vis:low:0017,8,0.14795013107291735,571,12,8,58,ok,0.2200917662980802,0.0,-0.2200917662980802
3,hour::parked_vehicle,hour,parked_vehicle,522vis:low:0018,6,0.14795013107291735,571,12,8,57,ok,0.13886244387355456,0.0,-0.13886244387355456
3,hour::parked_vehicle,hour,parked_vehicle,522vis:low:0019,9,0.14795013107291735,571,12,8,26,ok,0.2200917662980802,0.0,-0.2200917662980802
3,hour::stopped_vehicles,hour,stopped_vehicles,522vis:contrast:0035,14,0.4439084529856054,571,12,127,69,ok,0.2172607128522299,0.5579780239524,0.3407173111001701
3,hour::stopped_vehicles,hour,stopped_vehicles,522vis:contrast:0036,7,0.4439084529856054,571,12,127,50,ok,0.35705757165090457,0.6601585067762745,0.30310093512536995
3,hour::stopped_vehicles,hour,stopped_vehicles,522vis:contrast:0037,15,0.4439084529856054,571,12,127,50,ok,0.2200917662980802,0.510069131458292,0.28997736516021183
3,hour::stopped_vehicles,hour,stopped_vehicles,522vis:contrast:0038,8,0.4439084529856054,571,12,127,58,ok,0.5231737964779629,0.5103515512676449,-0.01282224521031805
3,hour::stopped_vehicles,hour,stopped_vehicles,522vis:contrast:0039,6,0.4439084529856054,571,12,127,57,ok,0.2816575879096919,0.15840915256850252,-0.1232484353411894
3,hour::stopped_vehicles,hour,stopped_vehicles,522vis:contrast:0040,9,0.4439084529856054,571,12,127,26,ok,0.4505655760587973,0.3052348839397012,-0.1453306921190961
3,hour::stopped_vehicles,hour,stopped_vehicles,522vis:contrast:0041,13,0.4439084529856054,571,12,127,6,insufficient_b4_candidates,,,
3,hour::stopped_vehicles,hour,stopped_vehicles,522vis:contrast:0042,16,0.4439084529856054,571,12,127,9,insufficient_b4_candidates,,,
3,hour::two_plus_bikes,hour,two_plus_bikes,522vis:low:0043,18,0.2060323949512526,571,12,50,76,ok,0.0,0.07336392209936006,0.07336392209936006
3,hour::two_plus_bikes,hour,two_plus_bikes,522vis:low:0044,19,0.2060323949512526,571,12,50,66,ok,0.0,0.06625422345438904,0.06625422345438904
3,hour::two_plus_bikes,hour,two_plus_bikes,522vis:low:0045,14,0.2060323949512526,571,12,50,69,ok,0.0,0.0,0.0
3,hour::two_plus_bikes,hour,two_plus_bikes,522vis:low:0046,7,0.2060323949512526,571,12,50,50,ok,0.0,0.0,0.0
3,hour::two_plus_bikes,hour,two_plus_bikes,522vis:low:0047,15,0.2060323949512526,571,12,50,50,ok,0.0,0.0,0.0
3,hour::two_plus_bikes,hour,two_plus_bikes,522vis:low:0048,8,0.2060323949512526,571,12,50,58,ok,0.0,0.0,0.0
3,hour::two_plus_bikes,hour,two_plus_bikes,522vis:low:0049,20,0.2060323949512526,571,12,50,49,ok,0.0,0.0,0.0
3,hour::two_plus_bikes,hour,two_plus_bikes,522vis:low:0050,17,0.2060323949512526,571,12,50,55,ok,0.0,0.0,0.0
3,hour::two_plus_bikes,hour,two_plus_bikes,522vis:low:0051,9,0.2060323949512526,571,12,50,26,ok,0.0,0.1100458831490401,0.1100458831490401
3,hour::two_plus_bikes,hour,two_plus_bikes,522vis:low:0052,13,0.2060323949512526,571,12,50,6,insufficient_b4_candidates,,,
3,hour::two_plus_bikes,hour,two_plus_bikes,522vis:low:0053,16,0.2060323949512526,571,12,50,9,insufficient_b4_candidates,,,
3,sig_has_pedestrian::dense_frame,sig_has_pedestrian,dense_frame,522vis:low:0065,False,0.03644896557493535,571,12,9,335,ok,0.09478836436955079,0.0,-0.09478836436955079
3,sig_has_pedestrian::dense_frame,sig_has_pedestrian,dense_frame,522vis:low:0066,True,0.03644896557493535,571,12,9,236,ok,0.29345568839744024,0.29849003527675555,0.00503434687931531
3,sig_has_pedestrian::multiple_buses,sig_has_pedestrian,multiple_buses,522vis:low:0067,False,0.06817636936533217,571,12,38,335,ok,0.2200917662980802,0.0,-0.2200917662980802
3,sig_has_pedestrian::multiple_buses,sig_has_pedestrian,multiple_buses,522vis:low:0068,True,0.06817636936533217,571,12,38,236,ok,0.13886244387355456,0.13886244387355456,0.0
3,sig_has_pedestrian::parked_vehicle,sig_has_pedestrian,parked_vehicle,522vis:low:0063,False,0.025283062008237676,571,12,8,335,ok,0.0,0.07839826897867534,0.07839826897867534
3,sig_has_pedestrian::parked_vehicle,sig_has_pedestrian,parked_vehicle,522vis:low:0064,True,0.025283062008237676,571,12,8,236,ok,0.0,0.0,0.0
3,sig_has_pedestrian::stopped_vehicles,sig_has_pedestrian,stopped_vehicles,522vis:low:0069,False,0.06472354439984197,571,12,127,335,ok,0.17993148201117182,0.14201905717762706,-0.03791242483354476
3,sig_has_pedestrian::stopped_vehicles,sig_has_pedestrian,stopped_vehicles,522vis:low:0070,True,0.06472354439984197,571,12,127,236,ok,0.08514311764162101,0.14782949091545264,0.06268637327383163
3,sig_has_pedestrian::two_plus_bikes,sig_has_pedestrian,two_plus_bikes,522vis:low:0071,False,0.028631324034777385,571,12,50,335,ok,0.0,0.0,0.0
3,sig_has_pedestrian::two_plus_bikes,sig_has_pedestrian,two_plus_bikes,522vis:low:0072,True,0.028631324034777385,571,12,50,236,ok,0.0,0.0,0.0
3,sig_has_yellow::dense_frame,sig_has_yellow,dense_frame,522vis:low:0056,True,0.0980400250722862,571,12,9,428,ok,0.314880130667631,0.314880130667631,0.0
3,sig_has_yellow::multiple_buses,sig_has_yellow,multiple_buses,522vis:low:0057,True,0.08492708133035902,571,12,38,428,ok,0.1100458831490401,0.1100458831490401,0.0
3,sig_has_yellow::multiple_buses,sig_has_yellow,multiple_buses,522vis:low:0058,False,0.08492708133035902,571,12,38,143,ok,0.13886244387355456,0.0,-0.13886244387355456
3,sig_has_yellow::parked_vehicle,sig_has_yellow,parked_vehicle,522vis:low:0054,True,0.03131470757052784,571,12,8,428,ok,0.0,0.0,0.0
3,sig_has_yellow::parked_vehicle,sig_has_yellow,parked_vehicle,522vis:low:0055,False,0.03131470757052784,571,12,8,143,ok,0.0,0.0,0.0
3,sig_has_yellow::stopped_vehicles,sig_has_yellow,stopped_vehicles,522vis:low:0059,True,0.0,571,12,127,428,ok,0.39639187290150935,0.39639187290150935,0.0
3,sig_has_yellow::stopped_vehicles,sig_has_yellow,stopped_vehicles,522vis:low:0060,False,0.0,571,12,127,143,ok,0.39401519638101345,0.34527837610864365,-0.04873682027236981
3,sig_has_yellow::two_plus_bikes,sig_has_yellow,two_plus_bikes,522vis:low:0061,True,0.09492277324474827,571,12,50,428,ok,0.0,0.0,0.0
3,sig_has_yellow::two_plus_bikes,sig_has_yellow,two_plus_bikes,522vis:low:0062,False,0.09492277324474827,571,12,50,143,ok,0.0,0.0,0.0
3,time_of_day::dense_frame,time_of_day,dense_frame,522vis:low:0003,evening,0.05118754208738953,571,12,9,191,ok,0.08514311764162101,0.0,-0.08514311764162101
3,time_of_day::dense_frame,time_of_day,dense_frame,522vis:low:0004,morning,0.05118754208738953,571,12,9,191,ok,0.1951890007906611,0.06362078819895173,-0.13156821259170937
3,time_of_day::dense_frame,time_of_day,dense_frame,522vis:low:0005,afternoon,0.05118754208738953,571,12,9,189,ok,0.2172607128522299,0.35895421017163476,0.14169349731940487
3,time_of_day::multiple_buses,time_of_day,multiple_buses,522vis:low:0006,evening,0.0,571,12,38,191,ok,0.09478836436955079,0.0,-0.09478836436955079
3,time_of_day::multiple_buses,time_of_day,multiple_buses,522vis:low:0007,morning,0.0,571,12,38,191,ok,0.13886244387355456,0.0,-0.13886244387355456
3,time_of_day::multiple_buses,time_of_day,multiple_buses,522vis:low:0008,afternoon,0.0,571,12,38,189,ok,0.13886244387355456,0.13886244387355456,0.0
3,time_of_day::parked_vehicle,time_of_day,parked_vehicle,522vis:low:0001,morning,0.11221280721555973,571,12,8,191,ok,0.1100458831490401,0.0,-0.1100458831490401
3,time_of_day::parked_vehicle,time_of_day,parked_vehicle,522vis:low:0002,afternoon,0.11221280721555973,571,12,8,189,ok,0.0,0.13886244387355456,0.13886244387355456
3,time_of_day::stopped_vehicles,time_of_day,stopped_vehicles,522vis:contrast:0009,morning,0.40086135489290153,571,12,127,191,ok,0.29736948361453563,0.32195053918879885,0.02458105557426321
3,time_of_day::stopped_vehicles,time_of_day,stopped_vehicles,522vis:contrast:0010,afternoon,0.40086135489290153,571,12,127,189,ok,0.08514311764162101,0.7164850636933813,0.6313419460517603
3,time_of_day::two_plus_bikes,time_of_day,two_plus_bikes,522vis:low:0011,evening,0.2092389344039297,571,12,50,191,ok,0.0,0.0,0.0
3,time_of_day::two_plus_bikes,time_of_day,two_plus_bikes,522vis:low:0012,morning,0.2092389344039297,571,12,50,191,ok,0.0,0.0,0.0
3,time_of_day::two_plus_bikes,time_of_day,two_plus_bikes,522vis:low:0013,afternoon,0.2092389344039297,571,12,50,189,ok,0.0,0.0,0.0
3,veh_density_bin::dense_frame,veh_density_bin,dense_frame,522vis:low:0076,high,0.20688972557632554,571,12,9,223,ok,0.3052348839397012,0.3052348839397012,0.0
3,veh_density_bin::multiple_buses,veh_density_bin,multiple_buses,522vis:low:0077,high,0.22403456000241626,571,12,38,223,ok,0.1100458831490401,0.1100458831490401,0.0
3,veh_density_bin::multiple_buses,veh_density_bin,multiple_buses,522vis:low:0078,mid,0.22403456000241626,571,12,38,175,ok,0.1100458831490401,0.12987501165334078,0.019829128504300686
3,veh_density_bin::multiple_buses,veh_density_bin,multiple_buses,522vis:low:0079,low,0.22403456000241626,571,12,38,173,ok,0.1100458831490401,0.0,-0.1100458831490401
3,veh_density_bin::parked_vehicle,veh_density_bin,parked_vehicle,522vis:low:0073,high,0.0,571,12,8,223,ok,0.0,0.0,0.0
3,veh_density_bin::parked_vehicle,veh_density_bin,parked_vehicle,522vis:low:0074,mid,0.0,571,12,8,175,ok,0.0,0.0,0.0
3,veh_density_bin::parked_vehicle,veh_density_bin,parked_vehicle,522vis:low:0075,low,0.0,571,12,8,173,ok,0.0,0.0,0.0
3,veh_density_bin::stopped_vehicles,veh_density_bin,stopped_vehicles,522vis:low:0080,high,0.0,571,12,127,223,ok,0.0,0.0,0.0
3,veh_density_bin::stopped_vehicles,veh_density_bin,stopped_vehicles,522vis:low:0081,mid,0.0,571,12,127,175,ok,0.24936270394794907,0.2024832320725063,-0.04687947187544278
3,veh_density_bin::stopped_vehicles,veh_density_bin,stopped_vehicles,522vis:low:0082,low,0.0,571,12,127,173,ok,0.43828689407543026,0.21501812929496178,-0.22326876478046848
3,veh_density_bin::two_plus_bikes,veh_density_bin,two_plus_bikes,522vis:low:0083,high,0.1344169429051946,571,12,50,223,ok,0.0,0.0,0.0
3,veh_density_bin::two_plus_bikes,veh_density_bin,two_plus_bikes,522vis:low:0084,mid,0.1344169429051946,571,12,50,175,ok,0.0,0.1100458831490401,0.1100458831490401
3,veh_density_bin::two_plus_bikes,veh_density_bin,two_plus_bikes,522vis:low:0085,low,0.1344169429051946,571,12,50,173,ok,0.0,0.0,0.0
4,hour::dense_frame,hour,dense_frame,522vis:low:0020,18,0.09938027236847542,572,12,10,64,ok,0.0,0.0,0.0
4,hour::dense_frame,hour,dense_frame,522vis:low:0021,14,0.09938027236847542,572,12,10,65,ok,0.0,0.0,0.0
4,hour::dense_frame,hour,dense_frame,522vis:low:0022,15,0.09938027236847542,572,12,10,62,ok,0.0,0.0,0.0
4,hour::dense_frame,hour,dense_frame,522vis:low:0023,8,0.09938027236847542,572,12,10,64,ok,0.0,0.1100458831490401,0.1100458831490401
4,hour::dense_frame,hour,dense_frame,522vis:low:0024,9,0.09938027236847542,572,12,10,28,ok,0.0,0.1100458831490401,0.1100458831490401
4,hour::multiple_buses,hour,multiple_buses,522vis:low:0025,18,0.03719758639017279,572,12,35,64,ok,0.07336392209936006,0.1100458831490401,0.03668196104968004
4,hour::multiple_buses,hour,multiple_buses,522vis:low:0026,19,0.03719758639017279,572,12,35,76,ok,0.07336392209936006,0.0,-0.07336392209936006
4,hour::multiple_buses,hour,multiple_buses,522vis:low:0027,14,0.03719758639017279,572,12,35,65,ok,0.07336392209936006,0.0,-0.07336392209936006
4,hour::multiple_buses,hour,multiple_buses,522vis:low:0028,7,0.03719758639017279,572,12,35,58,ok,0.07336392209936006,0.0,-0.07336392209936006
4,hour::multiple_buses,hour,multiple_buses,522vis:low:0029,15,0.03719758639017279,572,12,35,62,ok,0.07336392209936006,0.15457433957839828,0.08121041747903822
4,hour::multiple_buses,hour,multiple_buses,522vis:low:0030,8,0.03719758639017279,572,12,35,64,ok,0.07336392209936006,0.07839826897867534,0.005034346879315282
4,hour::multiple_buses,hour,multiple_buses,522vis:low:0031,6,0.03719758639017279,572,12,35,42,ok,0.07336392209936006,0.37466610587647853,0.3013021837771185
4,hour::multiple_buses,hour,multiple_buses,522vis:low:0032,20,0.03719758639017279,572,12,35,50,ok,0.07336392209936006,0.0,-0.07336392209936006
4,hour::multiple_buses,hour,multiple_buses,522vis:low:0033,17,0.03719758639017279,572,12,35,41,ok,0.07336392209936006,0.2122263659729146,0.13886244387355456
4,hour::multiple_buses,hour,multiple_buses,522vis:low:0034,9,0.03719758639017279,572,12,35,28,ok,0.07336392209936006,0.0,-0.07336392209936006
4,hour::parked_vehicle,hour,parked_vehicle,522vis:low:0014,14,0.13135000045184536,572,12,13,65,ok,0.0,0.0,0.0
4,hour::parked_vehicle,hour,parked_vehicle,522vis:low:0015,7,0.13135000045184536,572,12,13,58,ok,0.0,0.0,0.0
4,hour::parked_vehicle,hour,parked_vehicle,522vis:low:0016,15,0.13135000045184536,572,12,13,62,ok,0.0,0.0,0.0
4,hour::parked_vehicle,hour,parked_vehicle,522vis:low:0017,8,0.13135000045184536,572,12,13,64,ok,0.0,0.0,0.0
4,hour::parked_vehicle,hour,parked_vehicle,522vis:low:0018,6,0.13135000045184536,572,12,13,42,ok,0.0,0.0,0.0
4,hour::parked_vehicle,hour,parked_vehicle,522vis:low:0019,9,0.13135000045184536,572,12,13,28,ok,0.0,0.0,0.0
4,hour::stopped_vehicles,hour,stopped_vehicles,522vis:contrast:0035,14,0.4476675094598083,572,12,114,65,ok,0.0,0.38431135260440824,0.38431135260440824
4,hour::stopped_vehicles,hour,stopped_vehicles,522vis:contrast:0036,7,0.4476675094598083,572,12,114,58,ok,0.2172607128522299,0.35707647659639197,0.13981576374416207
4,hour::stopped_vehicles,hour,stopped_vehicles,522vis:contrast:0037,15,0.4476675094598083,572,12,114,62,ok,0.2172607128522299,0.14279514403613736,-0.07446556881609254
4,hour::stopped_vehicles,hour,stopped_vehicles,522vis:contrast:0038,8,0.4476675094598083,572,12,114,64,ok,0.22400556151517556,0.4920062203073638,0.26800065879218826
4,hour::stopped_vehicles,hour,stopped_vehicles,522vis:contrast:0039,6,0.4476675094598083,572,12,114,42,ok,0.3052348839397012,0.0,-0.3052348839397012
4,hour::stopped_vehicles,hour,stopped_vehicles,522vis:contrast:0040,9,0.4476675094598083,572,12,114,28,ok,0.15850703974098107,0.3430184917061137,0.18451145196513263
4,hour::stopped_vehicles,hour,stopped_vehicles,522vis:contrast:0041,13,0.4476675094598083,572,12,114,10,ok,0.07839826897867534,0.16815228646891087,0.08975401749023552
4,hour::stopped_vehicles,hour,stopped_vehicles,522vis:contrast:0042,16,0.4476675094598083,572,12,114,12,ok,0.0,0.14465249243306438,0.14465249243306438
4,hour::two_plus_bikes,hour,two_plus_bikes,522vis:low:0043,18,0.20999679619548978,572,12,91,64,ok,0.13886244387355456,0.2200917662980802,0.08122932242452563
4,hour::two_plus_bikes,hour,two_plus_bikes,522vis:low:0044,19,0.20999679619548978,572,12,91,76,ok,0.13886244387355456,0.14876390584057272,0.00990146196701816
4,hour::two_plus_bikes,hour,two_plus_bikes,522vis:low:0045,14,0.20999679619548978,572,12,91,65,ok,0.13886244387355456,0.06362078819895173,-0.07524165567460284
4,hour::two_plus_bikes,hour,two_plus_bikes,522vis:low:0046,7,0.20999679619548978,572,12,91,58,ok,0.13886244387355456,0.09478836436955079,-0.04407407950400377
4,hour::two_plus_bikes,hour,two_plus_bikes,522vis:low:0047,15,0.20999679619548978,572,12,91,62,ok,0.13886244387355456,0.1517621910780354,0.012899747204480838
4,hour::two_plus_bikes,hour,two_plus_bikes,522vis:low:0048,8,0.20999679619548978,572,12,91,64,ok,0.13886244387355456,0.09478836436955079,-0.04407407950400377
4,hour::two_plus_bikes,hour,two_plus_bikes,522vis:low:0049,20,0.20999679619548978,572,12,91,50,ok,0.13886244387355456,0.06362078819895173,-0.07524165567460284
4,hour::two_plus_bikes,hour,two_plus_bikes,522vis:low:0050,17,0.20999679619548978,572,12,91,41,ok,0.13886244387355456,0.06362078819895173,-0.07524165567460284
4,hour::two_plus_bikes,hour,two_plus_bikes,522vis:low:0051,9,0.20999679619548978,572,12,91,28,ok,0.13886244387355456,0.0,-0.13886244387355456
4,hour::two_plus_bikes,hour,two_plus_bikes,522vis:low:0052,13,0.20999679619548978,572,12,91,10,ok,0.13886244387355456,0.2200917662980802,0.08122932242452563
4,hour::two_plus_bikes,hour,two_plus_bikes,522vis:low:0053,16,0.20999679619548978,572,12,91,12,ok,0.13886244387355456,0.13886244387355456,0.0
4,sig_has_pedestrian::dense_frame,sig_has_pedestrian,dense_frame,522vis:low:0065,False,0.04463949368740879,572,12,10,302,ok,0.0,0.0,0.0
4,sig_has_pedestrian::dense_frame,sig_has_pedestrian,dense_frame,522vis:low:0066,True,0.04463949368740879,572,12,10,270,ok,0.0,0.0,0.0
4,sig_has_pedestrian::multiple_buses,sig_has_pedestrian,multiple_buses,522vis:low:0067,False,0.06980406576150984,572,12,35,302,ok,0.09478836436955079,0.0,-0.09478836436955079
4,sig_has_pedestrian::multiple_buses,sig_has_pedestrian,multiple_buses,522vis:low:0068,True,0.06980406576150984,572,12,35,270,ok,0.06943122193677728,0.08514311764162101,0.01571189570484373
4,sig_has_pedestrian::parked_vehicle,sig_has_pedestrian,parked_vehicle,522vis:low:0063,False,0.019864075291498043,572,12,13,302,ok,0.0,0.0,0.0
4,sig_has_pedestrian::parked_vehicle,sig_has_pedestrian,parked_vehicle,522vis:low:0064,True,0.019864075291498043,572,12,13,270,ok,0.0,0.0,0.0
4,sig_has_pedestrian::stopped_vehicles,sig_has_pedestrian,stopped_vehicles,522vis:low:0069,False,0.050506434220506165,572,12,114,302,ok,0.0,0.06625422345438904,0.06625422345438904
4,sig_has_pedestrian::stopped_vehicles,sig_has_pedestrian,stopped_vehicles,522vis:low:0070,True,0.050506434220506165,572,12,114,270,ok,0.2200917662980802,0.2200917662980802,0.0
4,sig_has_pedestrian::two_plus_bikes,sig_has_pedestrian,two_plus_bikes,522vis:low:0071,False,0.02403493721922607,572,12,91,302,ok,0.07336392209936006,0.0,-0.07336392209936006
4,sig_has_pedestrian::two_plus_bikes,sig_has_pedestrian,two_plus_bikes,522vis:low:0072,True,0.02403493721922607,572,12,91,270,ok,0.08514311764162101,0.1100458831490401,0.024902765507419086
4,sig_has_yellow::dense_frame,sig_has_yellow,dense_frame,522vis:low:0056,True,0.09563821347175634,572,12,10,415,ok,0.0,0.0,0.0
4,sig_has_yellow::multiple_buses,sig_has_yellow,multiple_buses,522vis:low:0057,True,0.09699609665920404,572,12,35,415,ok,0.0,0.06943122193677728,0.06943122193677728
4,sig_has_yellow::multiple_buses,sig_has_yellow,multiple_buses,522vis:low:0058,False,0.09699609665920404,572,12,35,157,ok,0.0,0.0,0.0
4,sig_has_yellow::parked_vehicle,sig_has_yellow,parked_vehicle,522vis:low:0054,True,0.024871773752851635,572,12,13,415,ok,0.0,0.0,0.0
4,sig_has_yellow::parked_vehicle,sig_has_yellow,parked_vehicle,522vis:low:0055,False,0.024871773752851635,572,12,13,157,ok,0.0,0.0,0.0
4,sig_has_yellow::stopped_vehicles,sig_has_yellow,stopped_vehicles,522vis:low:0059,True,0.0,572,12,114,415,ok,0.17993148201117182,0.07839826897867534,-0.10153321303249647
4,sig_has_yellow::stopped_vehicles,sig_has_yellow,stopped_vehicles,522vis:low:0060,False,0.0,572,12,114,157,ok,0.06943122193677728,0.06943122193677728,0.0
4,sig_has_yellow::two_plus_bikes,sig_has_yellow,two_plus_bikes,522vis:low:0061,True,0.07848407801964488,572,12,91,415,ok,0.0,0.06943122193677728,0.06943122193677728
4,sig_has_yellow::two_plus_bikes,sig_has_yellow,two_plus_bikes,522vis:low:0062,False,0.07848407801964488,572,12,91,157,ok,0.0,0.0,0.0
4,time_of_day::dense_frame,time_of_day,dense_frame,522vis:low:0003,evening,0.05262619275341248,572,12,10,190,ok,0.0,0.0,0.0
4,time_of_day::dense_frame,time_of_day,dense_frame,522vis:low:0004,morning,0.05262619275341248,572,12,10,192,ok,0.0,0.09478836436955079,0.09478836436955079
4,time_of_day::dense_frame,time_of_day,dense_frame,522vis:low:0005,afternoon,0.05262619275341248,572,12,10,190,ok,0.0,0.0,0.0
4,time_of_day::multiple_buses,time_of_day,multiple_buses,522vis:low:0006,evening,0.0,572,12,35,190,ok,0.07839826897867534,0.1100458831490401,0.031647614170364755
4,time_of_day::multiple_buses,time_of_day,multiple_buses,522vis:low:0007,morning,0.0,572,12,35,192,ok,0.06943122193677728,0.0,-0.06943122193677728
4,time_of_day::multiple_buses,time_of_day,multiple_buses,522vis:low:0008,afternoon,0.0,572,12,35,190,ok,0.07336392209936006,0.0,-0.07336392209936006
4,time_of_day::parked_vehicle,time_of_day,parked_vehicle,522vis:low:0001,morning,0.10696410925118381,572,12,13,192,ok,0.0,0.0,0.0
4,time_of_day::parked_vehicle,time_of_day,parked_vehicle,522vis:low:0002,afternoon,0.10696410925118381,572,12,13,190,ok,0.0,0.0,0.0
4,time_of_day::stopped_vehicles,time_of_day,stopped_vehicles,522vis:contrast:0009,morning,0.39705445190419003,572,12,114,192,ok,0.16104258782393985,0.4034826666009929,0.24244007877705306
4,time_of_day::stopped_vehicles,time_of_day,stopped_vehicles,522vis:contrast:0010,afternoon,0.39705445190419003,572,12,114,190,ok,0.06362078819895173,0.2024832320725063,0.13886244387355456
4,time_of_day::two_plus_bikes,time_of_day,two_plus_bikes,522vis:low:0011,evening,0.19956948243023082,572,12,91,190,ok,0.13886244387355456,0.13886244387355456,0.0
4,time_of_day::two_plus_bikes,time_of_day,two_plus_bikes,522vis:low:0012,morning,0.19956948243023082,572,12,91,192,ok,0.09478836436955079,0.0,-0.09478836436955079
4,time_of_day::two_plus_bikes,time_of_day,two_plus_bikes,522vis:low:0013,afternoon,0.19956948243023082,572,12,91,190,ok,0.13886244387355456,0.0,-0.13886244387355456
4,veh_density_bin::dense_frame,veh_density_bin,dense_frame,522vis:low:0076,high,0.20036974938705165,572,12,10,197,ok,0.0,0.0,0.0
4,veh_density_bin::multiple_buses,veh_density_bin,multiple_buses,522vis:low:0077,high,0.23416942262475093,572,12,35,197,ok,0.07839826897867534,0.07839826897867534,0.0
4,veh_density_bin::multiple_buses,veh_density_bin,multiple_buses,522vis:low:0078,mid,0.23416942262475093,572,12,35,217,ok,0.06943122193677728,0.0,-0.06943122193677728
4,veh_density_bin::multiple_buses,veh_density_bin,multiple_buses,522vis:low:0079,low,0.23416942262475093,572,12,35,158,ok,0.0,0.0,0.0
4,veh_density_bin::parked_vehicle,veh_density_bin,parked_vehicle,522vis:low:0073,high,0.0,572,12,13,197,ok,0.0,0.0,0.0
4,veh_density_bin::parked_vehicle,veh_density_bin,parked_vehicle,522vis:low:0074,mid,0.0,572,12,13,217,ok,0.0,0.0,0.0
4,veh_density_bin::parked_vehicle,veh_density_bin,parked_vehicle,522vis:low:0075,low,0.0,572,12,13,158,ok,0.0,0.0,0.0
4,veh_density_bin::stopped_vehicles,veh_density_bin,stopped_vehicles,522vis:low:0080,high,0.0,572,12,114,197,ok,0.09478836436955079,0.09478836436955079,0.0
4,veh_density_bin::stopped_vehicles,veh_density_bin,stopped_vehicles,522vis:low:0081,mid,0.0,572,12,114,217,ok,0.09478836436955079,0.0,-0.09478836436955079
4,veh_density_bin::stopped_vehicles,veh_density_bin,stopped_vehicles,522vis:low:0082,low,0.0,572,12,114,158,ok,0.0,0.0,0.0
4,veh_density_bin::two_plus_bikes,veh_density_bin,two_plus_bikes,522vis:low:0083,high,0.12843405728212437,572,12,91,197,ok,0.13886244387355456,0.13886244387355456,0.0
4,veh_density_bin::two_plus_bikes,veh_density_bin,two_plus_bikes,522vis:low:0084,mid,0.12843405728212437,572,12,91,217,ok,0.07839826897867534,0.1356854453911663,0.05728717641249097
4,veh_density_bin::two_plus_bikes,veh_density_bin,two_plus_bikes,522vis:low:0085,low,0.12843405728212437,572,12,91,158,ok,0.07839826897867534,0.0,-0.07839826897867534
