family,scoring,candidate,baseline,queries,clusters,mean_delta,query_ci_lo,query_ci_hi,cluster_ci_lo,cluster_ci_hi,p_query,p_cluster,wins,ties,losses,q_query_bh,q_cluster_bh
storage,strict,representative_frame__B2_vector__flat,caption__B2_vector__flat,85,25,-0.00012274818161818224,-0.02512542585500864,0.023121167630483313,-0.024548909404993158,0.021867716215827133,0.9926,0.9962,22,45,18,0.9926,0.9962
storage,semantic,representative_frame__B2_vector__flat,caption__B2_vector__flat,85,25,0.005490108966209903,-0.0348700197455826,0.04322323319154045,-0.07506549986714806,0.07916346821875973,0.7686,0.891,41,16,28,0.7686,0.891
storage,strict,joint_image_caption__B2_vector__flat,caption__B2_vector__flat,85,25,0.016793832293591198,-0.001419512325377004,0.036446012379369355,0.005816985315924897,0.02868673951766609,0.0664,0.0038,21,46,18,0.08853333333333334,0.0152
storage,semantic,joint_image_caption__B2_vector__flat,caption__B2_vector__flat,85,25,0.03715989486128435,0.015603263347994402,0.058555433781659325,-0.004856709627375557,0.07418818413263499,0.0008,0.0842,47,16,22,0.0010666666666666667,0.11226666666666667
storage,strict,multi_frame__B2_vector__flat,caption__B2_vector__flat,85,25,0.03872816719085967,0.00469953721384073,0.07303712196530593,0.003697098366279207,0.07620170694308327,0.0266,0.0296,33,36,16,0.08853333333333334,0.0592
storage,semantic,multi_frame__B2_vector__flat,caption__B2_vector__flat,85,25,0.17078277791310428,0.09893915710234413,0.23986453599382848,0.01779174896187312,0.31618072855513096,0.0,0.0284,55,14,16,0.0,0.11226666666666667
storage,strict,dual__B2_vector__flat,caption__B2_vector__flat,85,25,0.026234244581199582,-0.0010756863083333419,0.0533828537091038,-0.0023772909774297606,0.05608060656989292,0.0592,0.0716,26,45,14,0.08853333333333334,0.09546666666666666
storage,semantic,dual__B2_vector__flat,caption__B2_vector__flat,85,25,0.11226270937264711,0.05943109136397774,0.1654695369351451,-0.003914185271778209,0.22756480118136024,0.0,0.0612,45,14,26,0.0,0.11226666666666667
search,strict,caption__B3_postfilter__flat,caption__B2_vector__flat,85,25,0.10574926068375497,0.08135011615846191,0.13303125103578664,0.06819740951607156,0.14335752541415978,0.0,0.0,58,27,0,0.0,0.0
search,semantic,caption__B3_postfilter__flat,caption__B2_vector__flat,85,25,-0.014240708399581557,-0.04730656942751261,0.019460644042533733,-0.07260185933049176,0.03880585002480359,0.4034,0.6262,35,14,36,0.49304444444444445,0.68882
search,strict,caption__B4_prefilter__flat,caption__B2_vector__flat,85,25,0.11377507375951663,0.08804694819524783,0.14268808829059842,0.0711557064298341,0.15759370279375454,0.0,0.0,61,24,0,0.0,0.0
search,semantic,caption__B4_prefilter__flat,caption__B2_vector__flat,85,25,-0.006689515603271514,-0.04058852303812901,0.027281306910368563,-0.06784934055242042,0.05150124361887305,0.711,0.8062,35,14,36,0.711,0.8062
search,strict,caption__B5_lexical_vector_hybrid__flat,caption__B2_vector__flat,85,25,0.08744359945871902,0.049068148246706106,0.12649636130098932,0.017265767634468777,0.1483809791017858,0.0,0.0118,45,24,16,0.0,0.0118
search,semantic,caption__B5_lexical_vector_hybrid__flat,caption__B2_vector__flat,85,25,-0.03121239393737387,-0.0785458296695166,0.015112216965339537,-0.13397256162008897,0.04587952125894022,0.1848,0.4926,32,12,41,0.2541,0.6509555555555555
search,strict,representative_frame__B3_postfilter__flat,representative_frame__B2_vector__flat,85,25,0.10813442601815712,0.08090700679107496,0.13752976319152738,0.06445757751644336,0.1461218921426911,0.0,0.0,49,36,0,0.0,0.0
search,semantic,representative_frame__B3_postfilter__flat,representative_frame__B2_vector__flat,85,25,-0.0176896100861303,-0.04317625012458642,0.0075407405926791625,-0.041711525505046525,0.0040473882389004436,0.173,0.1202,30,22,33,0.2541,0.26444
search,strict,representative_frame__B4_prefilter__flat,representative_frame__B2_vector__flat,85,25,0.11777317940630663,0.08810169168509058,0.14986115925837418,0.06603431664606182,0.16557329857474642,0.0,0.0,51,34,0,0.0,0.0
search,semantic,representative_frame__B4_prefilter__flat,representative_frame__B2_vector__flat,85,25,-0.0086633087251029,-0.03428459842639718,0.017153431742907566,-0.037265329626473206,0.015984528806132596,0.518,0.5326,32,22,31,0.5698000000000001,0.6509555555555555
search,strict,joint_image_caption__B3_postfilter__flat,joint_image_caption__B2_vector__flat,85,25,0.10103425314422165,0.07737855781004252,0.12650939856965,0.0635653616051223,0.13418360851238129,0.0,0.0,53,32,0,0.0,0.0
search,semantic,joint_image_caption__B3_postfilter__flat,joint_image_caption__B2_vector__flat,85,25,-0.04047170041405216,-0.0696646769516768,-0.011054444231114928,-0.07294770364779772,-0.0063162507360680995,0.0078,0.0208,26,21,38,0.0286,0.07626666666666666
search,strict,joint_image_caption__B4_prefilter__flat,joint_image_caption__B2_vector__flat,85,25,0.1066603142277056,0.08182112900239259,0.133446689488638,0.06664335747905165,0.14181677025003445,0.0,0.0,55,30,0,0.0,0.0
search,semantic,joint_image_caption__B4_prefilter__flat,joint_image_caption__B2_vector__flat,85,25,-0.03526370287810726,-0.06476568314622809,-0.005912832806091951,-0.06763117052127206,-0.0024119040820472257,0.0202,0.0338,26,21,38,0.04443999999999999,0.09294999999999999
search,strict,multi_frame__B3_postfilter__flat,multi_frame__B2_vector__flat,85,25,0.14668307611440115,0.11463397337409058,0.18047473767850528,0.09771273862088749,0.18803414794957146,0.0,0.0,56,29,0,0.0,0.0
search,semantic,multi_frame__B3_postfilter__flat,multi_frame__B2_vector__flat,85,25,-0.10734061709415611,-0.15716564810788827,-0.059364482357463735,-0.184924033716756,-0.026122608790740038,0.0,0.005,21,23,41,0.0,0.055
search,strict,multi_frame__B4_prefilter__flat,multi_frame__B2_vector__flat,85,25,0.1611629876783004,0.1288526641062118,0.1951540977141611,0.10479797200525282,0.2093409675262859,0.0,0.0,62,23,0,0.0,0.0
search,semantic,multi_frame__B4_prefilter__flat,multi_frame__B2_vector__flat,85,25,-0.09323622877139032,-0.13984734812084337,-0.04819761210585313,-0.1628677526539001,-0.018649845403616163,0.0,0.0118,23,22,40,0.0,0.0649
search,strict,dual__B3_postfilter__flat,dual__B2_vector__flat,85,25,0.1598227103895248,0.12736906952860216,0.19348420988558218,0.1028561859996723,0.20777050477583595,0.0,0.0,62,20,3,0.0,0.0
search,semantic,dual__B3_postfilter__flat,dual__B2_vector__flat,85,25,-0.04869203831980021,-0.09001796373485403,-0.00860659680541474,-0.11660995455890301,0.022034041618725943,0.0174,0.195,35,11,39,0.04443999999999999,0.3575
search,strict,dual__B4_prefilter__flat,dual__B2_vector__flat,85,25,0.15910042878923839,0.12492004122501901,0.194956517029781,0.10106599972821122,0.20740228987706974,0.0,0.0,63,14,8,0.0,0.0
search,semantic,dual__B4_prefilter__flat,dual__B2_vector__flat,85,25,-0.05035956784727421,-0.09700389546392446,-0.00545437631638671,-0.1279982026992845,0.03006628056952628,0.028,0.2418,37,9,39,0.051333333333333335,0.3799714285714285
index,strict,caption__B2_vector__hnsw_ef64,caption__B2_vector__flat,85,25,0.0008913509849792706,3.73764527339793e-05,0.0024849147703864104,3.893762537210685e-05,0.002816265236120423,0.0322,0.0248,4,81,0,0.17386666666666667,0.13136842105263158
index,semantic,caption__B2_vector__hnsw_ef64,caption__B2_vector__flat,85,25,0.004835849024959978,0.0016772072988773877,0.008709664101079055,0.00125532874028681,0.009366956990700167,0.0,0.001,10,75,0,0.0,0.013714285714285715
index,strict,caption__B3_postfilter__hnsw_ef64,caption__B3_postfilter__flat,85,25,0.004430073992366674,-0.0020774973391924642,0.010823795074133018,-0.00038931629100254407,0.00901131799832075,0.177,0.07,14,65,6,0.42479999999999996,0.25134545454545454
index,semantic,caption__B3_postfilter__hnsw_ef64,caption__B3_postfilter__flat,85,25,0.004430073992366674,-0.0020774973391924642,0.010823795074133018,-0.00038931629100254407,0.00901131799832075,0.177,0.07,14,65,6,0.36153191489361697,0.2488888888888889
index,strict,caption__B4_prefilter__hnsw_ef64,caption__B4_prefilter__flat,85,25,0.002836164474065829,-0.004691714350917568,0.010314268694973433,-0.001778961732350968,0.00854331089372497,0.45,0.3136,16,61,8,0.8150943396226416,0.5903058823529411
index,semantic,caption__B4_prefilter__hnsw_ef64,caption__B4_prefilter__flat,85,25,0.003310784753517447,-0.004027284261110294,0.01058334423901448,-0.001261789360194017,0.008715374294593431,0.3666,0.2058,16,61,8,0.5676387096774193,0.4169142857142857
index,strict,caption__B5_lexical_vector_hybrid__hnsw_ef64,caption__B5_lexical_vector_hybrid__flat,85,25,0.006978472076925828,-0.006487274917284462,0.020988971961571123,-0.004692490147578174,0.020150982308735462,0.3062,0.2542,28,39,18,0.5652923076923078,0.5084
index,semantic,caption__B5_lexical_vector_hybrid__hnsw_ef64,caption__B5_lexical_vector_hybrid__flat,85,25,0.0072080195445558375,-0.006127394103791057,0.02110643817438483,-0.004421435057760441,0.020144717174818645,0.288,0.2376,28,39,18,0.4633180327868852,0.4344888888888889
index,strict,representative_frame__B2_vector__hnsw_ef64,representative_frame__B2_vector__flat,85,25,-0.0016963799543030745,-0.005182084636630541,9.294477372131744e-05,-0.006117738807133278,8.144645119909261e-05,0.7338,0.7418,1,83,1,0.9115076923076924,0.9040799999999999
index,semantic,representative_frame__B2_vector__hnsw_ef64,representative_frame__B2_vector__flat,85,25,-0.002812688795974008,-0.00790882669154657,0.0007794614524045771,-0.00852868325792665,0.001051654340545858,0.1816,0.178,1,81,3,0.3632,0.41462857142857146
index,strict,representative_frame__B3_postfilter__hnsw_ef64,representative_frame__B3_postfilter__flat,85,25,0.0010507090152475625,-0.0090364282337428,0.01181559039860643,-0.007330592174936965,0.009907643676332165,0.8452,0.7772,13,63,9,0.9532363636363637,0.9098926829268292
index,semantic,representative_frame__B3_postfilter__hnsw_ef64,representative_frame__B3_postfilter__flat,85,25,0.0015417601582049948,-0.008254750683170359,0.012114484763444464,-0.006080256026585425,0.009890893169858073,0.7642,0.682,13,63,9,0.852744827586207,0.8326857142857143
index,strict,representative_frame__B4_prefilter__hnsw_ef64,representative_frame__B4_prefilter__flat,85,25,0.0025107427973175014,-0.011232546318423122,0.016170085368682093,-0.0027672820024927792,0.008991339768215036,0.7132,0.3768,16,58,11,0.9115076923076924,0.6569142857142857
index,semantic,representative_frame__B4_prefilter__hnsw_ef64,representative_frame__B4_prefilter__flat,85,25,0.0028154846316418075,-0.010758011389751269,0.016294368946396125,-0.002495040945808963,0.009243201841429518,0.6708,0.3168,16,58,11,0.852744827586207,0.52032
index,strict,joint_image_caption__B2_vector__hnsw_ef64,joint_image_caption__B2_vector__flat,85,25,0.0008539745322452911,0.0,0.00245642892565472,0.0,0.0022695582758854994,0.2592,0.249,2,83,0,0.5129142857142857,0.5084
index,semantic,joint_image_caption__B2_vector__hnsw_ef64,joint_image_caption__B2_vector__flat,85,25,0.0011182979668129121,-0.0011645180694134795,0.0037797757585546665,-0.0011377658300494697,0.0037683525601706572,0.3794,0.3644,4,80,1,0.5781333333333334,0.5734819672131147
index,strict,joint_image_caption__B3_postfilter__hnsw_ef64,joint_image_caption__B3_postfilter__flat,85,25,0.005587937347259514,0.00010262548505939139,0.01154080397461535,0.001481418151112118,0.010522036659245709,0.0462,0.0028,14,68,3,0.22176,0.026879999999999998
index,semantic,joint_image_caption__B3_postfilter__hnsw_ef64,joint_image_caption__B3_postfilter__flat,85,25,0.005587937347259514,0.00010262548505939139,0.01154080397461535,0.001481418151112118,0.010522036659245709,0.0462,0.0028,14,68,3,0.1713230769230769,0.03316363636363637
index,strict,joint_image_caption__B4_prefilter__hnsw_ef64,joint_image_caption__B4_prefilter__flat,85,25,0.0018065414162149829,-0.0049189997744051375,0.00818565676194247,-0.0021270664218979276,0.006567830543683735,0.5736,0.3752,13,68,4,0.9115076923076924,0.6569142857142857
index,semantic,joint_image_caption__B4_prefilter__hnsw_ef64,joint_image_caption__B4_prefilter__flat,85,25,0.00222460496375404,-0.004160346390627744,0.008396902151937382,-0.0011633750331433794,0.0066166381520746135,0.4696,0.2114,13,68,4,0.693563076923077,0.4169142857142857
index,strict,multi_frame__B2_vector__hnsw_ef64,multi_frame__B2_vector__flat,85,25,-0.0002520522620022431,-0.003094541143220461,0.0023383843572137315,-0.0030951084060647847,0.002233288431046822,0.9444,0.9468,1,83,1,1.0,1.0
index,semantic,multi_frame__B2_vector__hnsw_ef64,multi_frame__B2_vector__flat,85,25,-0.0008156862913446906,-0.004877977352720338,0.0023846514179499973,-0.005182850937265359,0.00219823328221129,0.8218,0.8198,2,82,1,0.8765866666666666,0.8842786516853933
index,strict,multi_frame__B3_postfilter__hnsw_ef64,multi_frame__B3_postfilter__flat,85,25,0.004695771451851539,-0.0026226861946186115,0.012495043082376023,-0.003409577635873552,0.01211069210949139,0.2236,0.2692,13,65,7,0.46664347826086955,0.5274122448979591
index,semantic,multi_frame__B3_postfilter__hnsw_ef64,multi_frame__B3_postfilter__flat,85,25,0.004695771451851539,-0.0026226861946186115,0.012495043082376023,-0.003409577635873552,0.01211069210949139,0.2236,0.2692,13,65,7,0.38811428571428574,0.4614857142857143
index,strict,multi_frame__B4_prefilter__hnsw_ef64,multi_frame__B4_prefilter__flat,85,25,0.005977876564233524,-0.004443396765526094,0.016398063320778766,-0.006155497626630096,0.019054146537172995,0.2732,0.407,17,56,12,0.524544,0.673655172413793
index,semantic,multi_frame__B4_prefilter__hnsw_ef64,multi_frame__B4_prefilter__flat,85,25,0.005740947778244847,-0.004679478221894115,0.01615034703944528,-0.006449857053759904,0.01893872243852874,0.2918,0.44,17,56,12,0.4633180327868852,0.6704761904761906
index,strict,dual__B2_vector__hnsw_ef64,dual__B2_vector__flat,85,25,0.000446893544484882,-0.005712635891353906,0.006460545502430229,-0.007369312554311821,0.005836960782087357,0.8728,0.8678,10,67,8,0.9532363636363637,0.9575724137931035
index,semantic,dual__B2_vector__hnsw_ef64,dual__B2_vector__flat,85,25,-0.015357661383993849,-0.026874576268343303,-0.004327759673439102,-0.03146543385497128,-0.0024604631755415995,0.0066,0.017,16,42,27,0.03637894736842105,0.10200000000000001
index,strict,dual__B3_postfilter__hnsw_ef64,dual__B3_postfilter__flat,85,25,-0.010667009758890332,-0.026699062118102156,0.003954294877618815,-0.026899529452956275,0.00455195477371563,0.1668,0.1912,25,35,25,0.4105846153846153,0.42686511627906976
index,semantic,dual__B3_postfilter__hnsw_ef64,dual__B3_postfilter__flat,85,25,-0.010713554666148888,-0.026741622360968248,0.003917775997937952,-0.026929294102803262,0.004484912052100051,0.1648,0.1896,25,35,25,0.3439304347826087,0.416
index,strict,dual__B4_prefilter__hnsw_ef64,dual__B4_prefilter__flat,85,25,-0.0038476449426222996,-0.026003413524728715,0.01835981197093703,-0.028087036296294814,0.02616760480591799,0.7354,0.7534,31,25,29,0.9115076923076924,0.9040799999999999
index,semantic,dual__B4_prefilter__hnsw_ef64,dual__B4_prefilter__flat,85,25,-0.0030679426792602446,-0.02447121587925134,0.018436708902626116,-0.0276165585507635,0.02643826792391504,0.7728,0.7914,31,25,29,0.852744827586207,0.8633454545454545
index,strict,caption__B2_vector__hnsw_ef256,caption__B2_vector__flat,85,25,0.0,0.0,0.0,0.0,0.0,1.0,1.0,0,85,0,1.0,1.0
index,semantic,caption__B2_vector__hnsw_ef256,caption__B2_vector__flat,85,25,0.0,0.0,0.0,0.0,0.0,1.0,1.0,0,85,0,1.0,1.0
index,strict,caption__B3_postfilter__hnsw_ef256,caption__B3_postfilter__flat,85,25,6.835804397441796e-05,0.0,0.0002050741319232539,0.0,0.00020751549063662594,0.7114,0.7286,1,84,0,0.9115076923076924,0.9040799999999999
index,semantic,caption__B3_postfilter__hnsw_ef256,caption__B3_postfilter__flat,85,25,6.835804397441796e-05,0.0,0.0002050741319232539,0.0,0.00020751549063662594,0.7114,0.7286,1,84,0,0.852744827586207,0.8326857142857143
index,strict,caption__B4_prefilter__hnsw_ef256,caption__B4_prefilter__flat,85,25,-0.0009607209454539137,-0.003087236968284995,0.0002050741319232539,-0.0027916504500449424,0.00018351165201210828,0.7226,0.7164,1,83,1,0.9115076923076924,0.9040799999999999
index,semantic,caption__B4_prefilter__hnsw_ef256,caption__B4_prefilter__flat,85,25,-0.0006801218171897196,-0.002245439583492413,0.0002050741319232539,-0.002030450687200586,0.00018351165201210828,0.7226,0.7164,1,83,1,0.852744827586207,0.8326857142857143
index,strict,caption__B5_lexical_vector_hybrid__hnsw_ef256,caption__B5_lexical_vector_hybrid__flat,85,25,-0.0012689378972130683,-0.005049207581182435,0.0021266355669395027,-0.004122499328058875,0.0023431829285526563,0.5018,0.474,6,74,5,0.8920888888888889,0.7712542372881356
index,semantic,caption__B5_lexical_vector_hybrid__hnsw_ef256,caption__B5_lexical_vector_hybrid__flat,85,25,-0.000976724017576962,-0.004398034246207839,0.0022038504691409026,-0.0036739482408397347,0.002407162980340411,0.5686,0.5562,6,74,5,0.8027294117647059,0.7852235294117648
index,strict,representative_frame__B2_vector__hnsw_ef256,representative_frame__B2_vector__flat,85,25,0.0,0.0,0.0,0.0,0.0,1.0,1.0,0,85,0,1.0,1.0
index,semantic,representative_frame__B2_vector__hnsw_ef256,representative_frame__B2_vector__flat,85,25,-0.0010016837369602471,-0.0030050512108807416,0.0,-0.003548563488550454,0.0,0.739,0.7228,0,84,1,0.852744827586207,0.8326857142857143
index,strict,representative_frame__B3_postfilter__hnsw_ef256,representative_frame__B3_postfilter__flat,85,25,0.0011670717944929317,0.0,0.0030363563894137326,0.0,0.0027095660842560675,0.093,0.081,3,82,0,0.27694545454545455,0.25134545454545454
index,semantic,representative_frame__B3_postfilter__hnsw_ef256,representative_frame__B3_postfilter__flat,85,25,0.0011670717944929317,0.0,0.0030363563894137326,0.0,0.0027095660842560675,0.093,0.081,3,82,0,0.2384842105263158,0.2530909090909091
index,strict,representative_frame__B4_prefilter__hnsw_ef256,representative_frame__B4_prefilter__flat,85,25,0.00034407885348808017,-0.004081134173839638,0.0038880060017718143,-0.00391483660938475,0.003422492578953557,0.8022,0.8296,6,78,1,0.9391609756097561,0.9423811764705883
index,semantic,representative_frame__B4_prefilter__hnsw_ef256,representative_frame__B4_prefilter__flat,85,25,0.00034407885348808017,-0.004081134173839638,0.0038880060017718143,-0.00391483660938475,0.003422492578953557,0.8022,0.8296,6,78,1,0.8652943820224719,0.8849066666666666
index,strict,joint_image_caption__B2_vector__hnsw_ef256,joint_image_caption__B2_vector__flat,85,25,0.0,0.0,0.0,0.0,0.0,1.0,1.0,0,85,0,1.0,1.0
index,semantic,joint_image_caption__B2_vector__hnsw_ef256,joint_image_caption__B2_vector__flat,85,25,0.0,0.0,0.0,0.0,0.0,1.0,1.0,0,85,0,1.0,1.0
index,strict,joint_image_caption__B3_postfilter__hnsw_ef256,joint_image_caption__B3_postfilter__flat,85,25,0.0,0.0,0.0,0.0,0.0,1.0,1.0,0,85,0,1.0,1.0
index,semantic,joint_image_caption__B3_postfilter__hnsw_ef256,joint_image_caption__B3_postfilter__flat,85,25,0.0,0.0,0.0,0.0,0.0,1.0,1.0,0,85,0,1.0,1.0
index,strict,joint_image_caption__B4_prefilter__hnsw_ef256,joint_image_caption__B4_prefilter__flat,85,25,0.0002467934216357189,0.0,0.0007403802649071567,0.0,0.0006768755235667216,0.7226,0.7164,1,84,0,0.9115076923076924,0.9040799999999999
index,semantic,joint_image_caption__B4_prefilter__hnsw_ef256,joint_image_caption__B4_prefilter__flat,85,25,0.00017950022093516827,0.0,0.0005385006628055048,0.0,0.0004923117691733863,0.7226,0.7164,1,84,0,0.852744827586207,0.8326857142857143
index,strict,multi_frame__B2_vector__hnsw_ef256,multi_frame__B2_vector__flat,85,25,0.0,0.0,0.0,0.0,0.0,1.0,1.0,0,85,0,1.0,1.0
index,semantic,multi_frame__B2_vector__hnsw_ef256,multi_frame__B2_vector__flat,85,25,0.0,0.0,0.0,0.0,0.0,1.0,1.0,0,85,0,1.0,1.0
index,strict,multi_frame__B3_postfilter__hnsw_ef256,multi_frame__B3_postfilter__flat,85,25,-0.0029600259196725077,-0.006741484389882235,0.00011212935820193741,-0.0059204402120388985,8.639651865816056e-05,0.0936,0.0836,2,80,3,0.27694545454545455,0.25134545454545454
index,semantic,multi_frame__B3_postfilter__hnsw_ef256,multi_frame__B3_postfilter__flat,85,25,-0.0029600259196725077,-0.006741484389882235,0.00011212935820193741,-0.0059204402120388985,8.639651865816056e-05,0.0936,0.0836,2,80,3,0.2384842105263158,0.2530909090909091
index,strict,multi_frame__B4_prefilter__hnsw_ef256,multi_frame__B4_prefilter__flat,85,25,-0.0010802908897771842,-0.00477412500023327,0.002170932373218995,-0.0037671640668747,0.00036345285290803706,0.5842,0.3832,7,75,3,0.9115076923076924,0.6569142857142857
index,semantic,multi_frame__B4_prefilter__hnsw_ef256,multi_frame__B4_prefilter__flat,85,25,-0.0013172196757658614,-0.004994432674174087,0.0016186885203049162,-0.003966771080667718,0.0003627446491676218,0.4654,0.2632,7,75,3,0.693563076923077,0.45940363636363635
index,strict,dual__B2_vector__hnsw_ef256,dual__B2_vector__flat,85,25,0.0,0.0,0.0,0.0,0.0,1.0,1.0,0,85,0,1.0,1.0
index,semantic,dual__B2_vector__hnsw_ef256,dual__B2_vector__flat,85,25,-3.0981591240439474e-05,-9.294477372131842e-05,0.0,-0.00011286151094731522,0.0,0.7366,0.711,0,84,1,0.852744827586207,0.8326857142857143
index,strict,dual__B3_postfilter__hnsw_ef256,dual__B3_postfilter__flat,85,25,-0.0033899944442677926,-0.006997600054551883,-0.0007174982699236989,-0.006690463350770548,-0.0007546871949649705,0.0314,0.0282,1,80,4,0.17386666666666667,0.13535999999999998
index,semantic,dual__B3_postfilter__hnsw_ef256,dual__B3_postfilter__flat,85,25,-0.0033899944442677926,-0.006997600054551883,-0.0007174982699236989,-0.006690463350770548,-0.0007546871949649705,0.0314,0.0282,1,80,4,0.13701818181818182,0.12305454545454544
index,strict,dual__B4_prefilter__hnsw_ef256,dual__B4_prefilter__flat,85,25,0.0019662684726507464,-0.005290463775348199,0.009107889554289482,-0.006190592185848786,0.00928655647579039,0.5888,0.6932,13,61,11,0.9115076923076924,0.9040799999999999
index,semantic,dual__B4_prefilter__hnsw_ef256,dual__B4_prefilter__flat,85,25,0.0018896266516931284,-0.005086696962679915,0.008802650623561697,-0.0061925086360556355,0.009161889382153773,0.5874,0.7056,13,61,11,0.8172521739130435,0.8326857142857143
index,strict,caption__B2_vector__ivfflat_np8,caption__B2_vector__flat,85,25,0.006335338601185287,0.001511038953537013,0.011655104441836317,0.002223887213716488,0.011496027832280547,0.009,0.0,16,66,3,0.07089230769230769,0.0
index,semantic,caption__B2_vector__ivfflat_np8,caption__B2_vector__flat,85,25,0.008508890990461704,-0.0024664255998580985,0.01961823344309657,-0.013413990212042448,0.02999824802903952,0.1302,0.4552,39,33,13,0.2906790697674419,0.6828
index,strict,caption__B3_postfilter__ivfflat_np8,caption__B3_postfilter__flat,85,25,0.008662390941352833,-0.005668648992885938,0.022061175111577628,-0.00608285278138687,0.021236618413101437,0.212,0.2316,34,39,12,0.46122666666666673,0.49407999999999996
index,semantic,caption__B3_postfilter__ivfflat_np8,caption__B3_postfilter__flat,85,25,0.00861946239841281,-0.0057115775358259615,0.022039736710300694,-0.0061134839081987795,0.021199164489674387,0.214,0.2328,34,39,12,0.3857777777777778,0.4344888888888889
index,strict,caption__B4_prefilter__ivfflat_np8,caption__B4_prefilter__flat,85,25,0.0025013665684262493,-0.014795869740948764,0.017957245775566125,-0.017139366261708387,0.018967663281359442,0.7406,0.727,33,37,15,0.9115076923076924,0.9040799999999999
index,semantic,caption__B4_prefilter__ivfflat_np8,caption__B4_prefilter__flat,85,25,0.002933058304937844,-0.014193349060837539,0.01824848373295412,-0.016757741375302657,0.01916422333825983,0.696,0.6916,33,37,15,0.852744827586207,0.8326857142857143
index,strict,caption__B5_lexical_vector_hybrid__ivfflat_np8,caption__B5_lexical_vector_hybrid__flat,85,25,0.012677494829806124,-0.007672163822646473,0.03258687325887436,-0.001833977566076405,0.027578106292999702,0.2162,0.0864,38,29,18,0.46122666666666673,0.25134545454545454
index,semantic,caption__B5_lexical_vector_hybrid__ivfflat_np8,caption__B5_lexical_vector_hybrid__flat,85,25,0.012916749447481153,-0.007309731007401322,0.03280268852337676,-0.001441238126213353,0.027546869435872683,0.2066,0.0794,38,29,18,0.3814153846153846,0.2530909090909091
index,strict,representative_frame__B2_vector__ivfflat_np8,representative_frame__B2_vector__flat,85,25,-0.00502935166017666,-0.012023957518004898,0.00014378917375723867,-0.01235792975186963,-1.0328248657683953e-05,0.0596,0.0488,5,76,4,0.2600727272727273,0.212
index,semantic,representative_frame__B2_vector__ivfflat_np8,representative_frame__B2_vector__flat,85,25,-0.009862243458156958,-0.01811932538952286,-0.002857312657541039,-0.023844273765500003,-0.00023869498508058355,0.0026,0.0436,6,69,10,0.017828571428571426,0.18198260869565216
index,strict,representative_frame__B3_postfilter__ivfflat_np8,representative_frame__B3_postfilter__flat,85,25,-0.02550997885094513,-0.041460785718073906,-0.01112065816760376,-0.04298339026942992,-0.008707879514487317,0.0002,0.0006,15,45,25,0.0024000000000000002,0.0063999999999999994
index,semantic,representative_frame__B3_postfilter__ivfflat_np8,representative_frame__B3_postfilter__flat,85,25,-0.02550997885094513,-0.041460785718073906,-0.01112065816760376,-0.04298339026942992,-0.008707879514487317,0.0002,0.0006,15,45,25,0.001476923076923077,0.0096
index,strict,representative_frame__B4_prefilter__ivfflat_np8,representative_frame__B4_prefilter__flat,85,25,-0.031150597024697885,-0.048865686731208544,-0.015420251563133796,-0.0516636824433979,-0.009895628682246135,0.0,0.0006,16,42,27,0.0,0.0063999999999999994
index,semantic,representative_frame__B4_prefilter__ivfflat_np8,representative_frame__B4_prefilter__flat,85,25,-0.030538144997575768,-0.04777610302369621,-0.015050109224020714,-0.050572280697292527,-0.009791822633434331,0.0,0.0006,16,42,27,0.0,0.0096
index,strict,joint_image_caption__B2_vector__ivfflat_np8,joint_image_caption__B2_vector__flat,85,25,0.0022063543953105406,-0.002092412657379456,0.006514220143996499,-0.00281491664355141,0.007468060250436207,0.2998,0.3756,13,70,2,0.5643294117647059,0.6569142857142857
index,semantic,joint_image_caption__B2_vector__ivfflat_np8,joint_image_caption__B2_vector__flat,85,25,0.010002590608160606,0.002592852796764941,0.01780966052313445,0.00028692243766997654,0.01921307741439546,0.006,0.046,29,51,5,0.03637894736842105,0.18400000000000002
index,strict,joint_image_caption__B3_postfilter__ivfflat_np8,joint_image_caption__B3_postfilter__flat,85,25,0.004263064640666309,-0.009686691950327501,0.01833102617483293,-0.008015739057272982,0.019012986352514395,0.542,0.5002,26,44,15,0.9115076923076924,0.7944393442622952
index,semantic,joint_image_caption__B3_postfilter__ivfflat_np8,joint_image_caption__B3_postfilter__flat,85,25,0.004263064640666309,-0.009686691950327501,0.01833102617483293,-0.008015739057272982,0.019012986352514395,0.542,0.5002,26,44,15,0.7765970149253731,0.7387569230769231
index,strict,joint_image_caption__B4_prefilter__ivfflat_np8,joint_image_caption__B4_prefilter__flat,85,25,-0.001362996442817642,-0.017655207770455518,0.014410050750460509,-0.016382557373008772,0.01672924761989007,0.8738,0.9076,26,42,17,0.9532363636363637,0.9901090909090908
index,semantic,joint_image_caption__B4_prefilter__ivfflat_np8,joint_image_caption__B4_prefilter__flat,85,25,-0.0009449328952785855,-0.016991385822193346,0.014692193983169979,-0.015982601309930847,0.01687452001517356,0.9118,0.9494,26,42,17,0.9618989010989012,0.9984000000000001
index,strict,multi_frame__B2_vector__ivfflat_np8,multi_frame__B2_vector__flat,85,25,-0.0033376299679094366,-0.016523325590598676,0.008718287819594347,-0.011343931309519047,0.004643366897146791,0.5872,0.4014,15,61,9,0.9115076923076924,0.673655172413793
index,semantic,multi_frame__B2_vector__ivfflat_np8,multi_frame__B2_vector__flat,85,25,-0.04374517696938905,-0.06495093639312036,-0.02417718907648453,-0.09130691628502169,-0.003598694873678582,0.0,0.0192,9,46,30,0.0,0.10464
index,strict,multi_frame__B3_postfilter__ivfflat_np8,multi_frame__B3_postfilter__flat,85,25,-0.016368523892522614,-0.040728789663921704,0.0054973435108417405,-0.03023085158340934,-0.0028928283999771244,0.1492,0.02,18,49,18,0.37692631578947366,0.11294117647058823
index,semantic,multi_frame__B3_postfilter__ivfflat_np8,multi_frame__B3_postfilter__flat,85,25,-0.01630988160579161,-0.04060780876952193,0.005594498654849721,-0.03018368713095409,-0.0027702847276855295,0.1514,0.0202,18,49,18,0.33032727272727275,0.10464
index,strict,multi_frame__B4_prefilter__ivfflat_np8,multi_frame__B4_prefilter__flat,85,25,-0.016268158736553656,-0.040056897847676985,0.005484676000891642,-0.03491624231036159,0.005385097517213144,0.148,0.1368,23,41,21,0.37692631578947366,0.35494054054054053
index,semantic,multi_frame__B4_prefilter__ivfflat_np8,multi_frame__B4_prefilter__flat,85,25,-0.01583399320868921,-0.039587940869689586,0.005880290023354089,-0.03421107700521773,0.005485191324103928,0.1614,0.1424,23,41,21,0.3439304347826087,0.3694702702702703
index,strict,dual__B2_vector__ivfflat_np8,dual__B2_vector__flat,85,25,-0.003590617406260918,-0.018837716656588264,0.010978882378097066,-0.016504927259246894,0.007786862875168439,0.6338,0.571,20,51,14,0.9115076923076924,0.870095238095238
index,semantic,dual__B2_vector__ivfflat_np8,dual__B2_vector__flat,85,25,-0.015608217846033423,-0.033027279769633884,0.0014710975185698826,-0.04027244126357756,0.00821537438108524,0.0774,0.2098,28,17,40,0.22516363636363634,0.4169142857142857
index,strict,dual__B3_postfilter__ivfflat_np8,dual__B3_postfilter__flat,85,25,-0.004766646952042547,-0.028233211283631196,0.017350802621509828,-0.019650492373196923,0.0086158340535044,0.6876,0.5048,34,22,29,0.9115076923076924,0.7944393442622952
index,semantic,dual__B3_postfilter__ivfflat_np8,dual__B3_postfilter__flat,85,25,-0.005628455830780054,-0.029076839192465037,0.01622319519127704,-0.020360888867935942,0.0078944222403019,0.6306,0.4254,34,22,29,0.8526422535211269,0.658683870967742
index,strict,dual__B4_prefilter__ivfflat_np8,dual__B4_prefilter__flat,85,25,-0.021838747769457188,-0.04947450414093449,0.003657053209634318,-0.049893183355043544,0.009622679694264646,0.1024,0.1774,32,18,35,0.2891294117647059,0.40685714285714286
index,semantic,dual__B4_prefilter__ivfflat_np8,dual__B4_prefilter__flat,85,25,-0.020765331912485595,-0.047678238846803285,0.004143459503617878,-0.049220224526400715,0.010394433289165854,0.1122,0.195,32,18,35,0.26057142857142856,0.416
index,strict,caption__B2_vector__ivfflat_np32,caption__B2_vector__flat,85,25,0.0016818055541499661,0.00010549467108115365,0.003940428098374378,5.085198867995221e-05,0.003992927195446491,0.0096,0.026,5,80,0,0.07089230769230769,0.13136842105263158
index,semantic,caption__B2_vector__ivfflat_np32,caption__B2_vector__flat,85,25,0.006460757374101201,0.0027807916750625327,0.010697299893450493,0.0012635717812242231,0.013311554422327137,0.0,0.0032,15,70,0,0.0,0.03316363636363637
index,strict,caption__B3_postfilter__ivfflat_np32,caption__B3_postfilter__flat,85,25,0.0005549078538928354,-0.003094369764829334,0.003804447432587336,-0.003034158951231976,0.003445500597157923,0.697,0.7238,6,78,1,0.9115076923076924,0.9040799999999999
index,semantic,caption__B3_postfilter__ivfflat_np32,caption__B3_postfilter__flat,85,25,0.0005549078538928354,-0.003094369764829334,0.003804447432587336,-0.003034158951231976,0.003445500597157923,0.697,0.7238,6,78,1,0.852744827586207,0.8326857142857143
index,strict,caption__B4_prefilter__ivfflat_np32,caption__B4_prefilter__flat,85,25,-0.0011694992801196795,-0.005703475657093361,0.002792437465252228,-0.006042434592476686,0.0024444291549794773,0.6178,0.775,8,74,3,0.9115076923076924,0.9098926829268292
index,semantic,caption__B4_prefilter__ivfflat_np32,caption__B4_prefilter__flat,85,25,-0.0011904176633317264,-0.00572749276661284,0.0027654371778732425,-0.006056953343443838,0.0024319204825602424,0.6098,0.7684,8,74,3,0.836297142857143,0.8540689655172414
index,strict,caption__B5_lexical_vector_hybrid__ivfflat_np32,caption__B5_lexical_vector_hybrid__flat,85,25,-0.0008371051044073352,-0.004551630025035372,0.002678666178448612,-0.004863332874113479,0.003911149090009999,0.6736,0.7488,6,71,8,0.9115076923076924,0.9040799999999999
index,semantic,caption__B5_lexical_vector_hybrid__ivfflat_np32,caption__B5_lexical_vector_hybrid__flat,85,25,-0.0008371051044073352,-0.004551630025035372,0.002678666178448612,-0.004863332874113479,0.003911149090009999,0.6736,0.7488,6,71,8,0.852744827586207,0.8457035294117647
index,strict,representative_frame__B2_vector__ivfflat_np32,representative_frame__B2_vector__flat,85,25,4.6267060736268136e-05,0.0,0.00013880118220880442,0.0,0.00016854429268211963,0.7392,0.7164,1,84,0,0.9115076923076924,0.9040799999999999
index,semantic,representative_frame__B2_vector__ivfflat_np32,representative_frame__B2_vector__flat,85,25,4.6267060736268136e-05,0.0,0.00013880118220880442,0.0,0.00016854429268211963,0.7392,0.7164,1,84,0,0.852744827586207,0.8326857142857143
index,strict,representative_frame__B3_postfilter__ivfflat_np32,representative_frame__B3_postfilter__flat,85,25,0.002417633154767419,-0.00016728702694049455,0.006755350143548862,-0.0001528967450531402,0.007091447594250206,0.2618,0.2422,2,82,1,0.5129142857142857,0.5054608695652174
index,semantic,representative_frame__B3_postfilter__ivfflat_np32,representative_frame__B3_postfilter__flat,85,25,0.002417633154767419,-0.00016728702694049455,0.006755350143548862,-0.0001528967450531402,0.007091447594250206,0.2618,0.2422,2,82,1,0.4333241379310344,0.4344888888888889
index,strict,representative_frame__B4_prefilter__ivfflat_np32,representative_frame__B4_prefilter__flat,85,25,0.0016447373904779194,-0.0025583333063840348,0.006703352893202142,-0.003333680820595826,0.0070983752824212475,0.512,0.5368,5,78,2,0.8936727272727273,0.8311741935483873
index,semantic,representative_frame__B4_prefilter__ivfflat_np32,representative_frame__B4_prefilter__flat,85,25,0.0016447373904779194,-0.0025583333063840348,0.006703352893202142,-0.003333680820595826,0.0070983752824212475,0.512,0.5368,5,78,2,0.7447272727272728,0.7691462686567165
index,strict,joint_image_caption__B2_vector__ivfflat_np32,joint_image_caption__B2_vector__flat,85,25,3.098159124043915e-05,0.0,9.294477372131744e-05,0.0,0.00011286151094731403,0.7366,0.711,1,84,0,0.9115076923076924,0.9040799999999999
index,semantic,joint_image_caption__B2_vector__ivfflat_np32,joint_image_caption__B2_vector__flat,85,25,3.0981591240438824e-05,0.0,9.294477372131646e-05,0.0,0.00011286151094731285,0.7366,0.711,1,84,0,0.852744827586207,0.8326857142857143
index,strict,joint_image_caption__B3_postfilter__ivfflat_np32,joint_image_caption__B3_postfilter__flat,85,25,0.00016956036232586194,0.0,0.00039834833499660937,0.0,0.0003830698644019708,0.0944,0.0846,3,82,0,0.27694545454545455,0.25134545454545454
index,semantic,joint_image_caption__B3_postfilter__ivfflat_np32,joint_image_caption__B3_postfilter__flat,85,25,0.00016956036232586194,0.0,0.00039834833499660937,0.0,0.0003830698644019708,0.0944,0.0846,3,82,0,0.2384842105263158,0.2530909090909091
index,strict,joint_image_caption__B4_prefilter__ivfflat_np32,joint_image_caption__B4_prefilter__flat,85,25,-0.0003321260772025565,-0.002126984362802641,0.0008305894664924813,-0.002039146973915416,0.0008706530393935696,0.8174,0.8344,4,80,1,0.9454265060240964,0.9423811764705883
index,semantic,joint_image_caption__B4_prefilter__ivfflat_np32,joint_image_caption__B4_prefilter__flat,85,25,-0.0003994192779031071,-0.0021351068315114356,0.0006671395752816212,-0.0020523702666588534,0.0007150623627036527,0.7578,0.774,4,80,1,0.852744827586207,0.8540689655172414
index,strict,multi_frame__B2_vector__ivfflat_np32,multi_frame__B2_vector__flat,85,25,-0.0007484798611641376,-0.002245439583492413,0.0,-0.002651563771318151,0.0,0.7124,0.7062,0,84,1,0.9115076923076924,0.9040799999999999
index,semantic,multi_frame__B2_vector__ivfflat_np32,multi_frame__B2_vector__flat,85,25,-0.0015279413135687134,-0.0038353440795420033,0.0,-0.005412882886999426,0.0,0.2608,0.7062,0,83,2,0.4333241379310344,0.8326857142857143
index,strict,multi_frame__B3_postfilter__ivfflat_np32,multi_frame__B3_postfilter__flat,85,25,-0.0033319184477167713,-0.00763453904115335,0.0,-0.007193710508280324,0.0,0.0942,0.075,0,82,3,0.27694545454545455,0.25134545454545454
index,semantic,multi_frame__B3_postfilter__ivfflat_np32,multi_frame__B3_postfilter__flat,85,25,-0.0033319184477167713,-0.00763453904115335,0.0,-0.007193710508280324,0.0,0.0942,0.075,0,82,3,0.2384842105263158,0.2530909090909091
index,strict,multi_frame__B4_prefilter__ivfflat_np32,multi_frame__B4_prefilter__flat,85,25,-0.00374709147696956,-0.008911202109388438,0.0006224916900386889,-0.00892046967434983,0.0009037232595197549,0.0952,0.1456,3,77,5,0.27694545454545455,0.3584
index,semantic,multi_frame__B4_prefilter__ivfflat_np32,multi_frame__B4_prefilter__flat,85,25,-0.0033715682358361177,-0.008182970459442924,0.0007377786973817608,-0.008173380532265365,0.0009168945215474177,0.1056,0.1482,3,77,5,0.25632,0.37267692307692313
index,strict,dual__B2_vector__ivfflat_np32,dual__B2_vector__flat,85,25,-0.001709772848459953,-0.0074051675226678125,0.0034879988559575244,-0.0058199008069316225,0.0015151243839366388,0.5634,0.3198,7,72,6,0.9115076923076924,0.5903999999999999
index,semantic,dual__B2_vector__ivfflat_np32,dual__B2_vector__flat,85,25,-0.008150320297604206,-0.016671587511904642,-0.0001223906903397602,-0.02294656113894995,0.0035758370451605915,0.0464,0.2128,10,55,20,0.1713230769230769,0.4169142857142857
index,strict,dual__B3_postfilter__ivfflat_np32,dual__B3_postfilter__flat,85,25,-0.005491993304592541,-0.01076652692363374,-0.0006849389983250144,-0.009822807792443124,-0.0015404773796106135,0.0264,0.0066,4,70,11,0.16895999999999997,0.04525714285714285
index,semantic,dual__B3_postfilter__ivfflat_np32,dual__B3_postfilter__flat,85,25,-0.005491993304592541,-0.01076652692363374,-0.0006849389983250144,-0.009822807792443124,-0.0015404773796106135,0.0264,0.0066,4,70,11,0.12068571428571427,0.048738461538461536
index,strict,dual__B4_prefilter__ivfflat_np32,dual__B4_prefilter__flat,85,25,-0.009292183212884346,-0.018791225807415633,-0.0006964712800671082,-0.018996618405589947,0.0011506086543127583,0.0326,0.0804,12,56,17,0.17386666666666667,0.25134545454545454
index,semantic,dual__B4_prefilter__ivfflat_np32,dual__B4_prefilter__flat,85,25,-0.00859178063067531,-0.017647939871672333,-0.00039360269658905494,-0.018057342542626958,0.0012699455370735037,0.0396,0.087,12,56,17,0.1584,0.2530909090909091
index,strict,caption__B2_vector__ivfpq6_np8,caption__B2_vector__flat,85,25,0.023338452881081422,0.010885399217661844,0.03729819209064726,0.010815096277073217,0.04117917463325035,0.0,0.0,28,52,5,0.0,0.0
index,semantic,caption__B2_vector__ivfpq6_np8,caption__B2_vector__flat,85,25,0.04394901522733555,0.02485233996384171,0.0642774127988346,0.013417779284430253,0.07589406166224007,0.0,0.0038,50,17,18,0.0,0.03316363636363637
index,strict,caption__B3_postfilter__ivfpq6_np8,caption__B3_postfilter__flat,85,25,0.023039961467830362,-0.0023455729317222247,0.04802051662390008,-0.0060856820299838,0.0505887273223495,0.077,0.124,43,15,27,0.27694545454545455,0.3401142857142857
index,semantic,caption__B3_postfilter__ivfpq6_np8,caption__B3_postfilter__flat,85,25,0.022125288245843703,-0.003183687298840342,0.04693097823447418,-0.00668765228000959,0.049138690395319096,0.0874,0.1328,43,15,27,0.2384842105263158,0.3541333333333333
index,strict,caption__B4_prefilter__ivfpq6_np8,caption__B4_prefilter__flat,85,25,0.01774089044698474,-0.009937179323122937,0.04408150817817298,-0.016128036448960173,0.04955779808820311,0.1926,0.2912,43,11,31,0.44891428571428565,0.559104
index,semantic,caption__B4_prefilter__ivfpq6_np8,caption__B4_prefilter__flat,85,25,0.017300837504449697,-0.010209837331075226,0.04365033559885313,-0.016381069634336737,0.04822201644071449,0.1958,0.2984,43,11,31,0.376704,0.5025684210526316
index,strict,caption__B5_lexical_vector_hybrid__ivfpq6_np8,caption__B5_lexical_vector_hybrid__flat,85,25,0.022506282106942357,-0.002579766074078449,0.04774768143227156,0.003922017286742957,0.04201716488854522,0.079,0.0154,38,24,23,0.27694545454545455,0.09856000000000001
index,semantic,caption__B5_lexical_vector_hybrid__ivfpq6_np8,caption__B5_lexical_vector_hybrid__flat,85,25,0.022745536724617387,-0.002224867765515044,0.047968700772759665,0.004300658567406935,0.04205008102252772,0.074,0.0136,38,24,23,0.22199999999999998,0.08703999999999999
index,strict,representative_frame__B2_vector__ivfpq6_np8,representative_frame__B2_vector__flat,85,25,-0.01803172941532007,-0.03210329162049694,-0.004221905150996385,-0.03539545302923485,-0.005432165145433148,0.0078,0.004,11,53,21,0.07089230769230769,0.032
index,semantic,representative_frame__B2_vector__ivfpq6_np8,representative_frame__B2_vector__flat,85,25,-0.03133224842797702,-0.053520353293783914,-0.008275361877598694,-0.08721848331160734,0.019711467067353317,0.0072,0.2444,27,17,41,0.03637894736842105,0.4344888888888889
index,strict,representative_frame__B3_postfilter__ivfpq6_np8,representative_frame__B3_postfilter__flat,85,25,-0.053451699158608625,-0.07360215382054965,-0.03288789826733907,-0.07718523778065697,-0.030155427980571654,0.0,0.0,15,24,46,0.0,0.0
index,semantic,representative_frame__B3_postfilter__ivfpq6_np8,representative_frame__B3_postfilter__flat,85,25,-0.052602253453213586,-0.07270618094723894,-0.03227736490041947,-0.07553136824090739,-0.02976059148742755,0.0,0.0,15,24,46,0.0,0.0
index,strict,representative_frame__B4_prefilter__ivfpq6_np8,representative_frame__B4_prefilter__flat,85,25,-0.05744335605258845,-0.07780012134747999,-0.03709160010892088,-0.08166028590645537,-0.031887520366511116,0.0,0.0,16,21,48,0.0,0.0
index,semantic,representative_frame__B4_prefilter__ivfpq6_np8,representative_frame__B4_prefilter__flat,85,25,-0.05598145832007128,-0.07599832923135588,-0.0359174140960918,-0.07931576541498803,-0.03133088058928937,0.0,0.0,16,21,48,0.0,0.0
index,strict,joint_image_caption__B2_vector__ivfpq6_np8,joint_image_caption__B2_vector__flat,85,25,0.0022464555335687596,-0.014244597909181122,0.017971978702496685,-0.010999145435597147,0.017436071327003956,0.7758,0.733,23,44,18,0.9268148148148149,0.9040799999999999
index,semantic,joint_image_caption__B2_vector__ivfpq6_np8,joint_image_caption__B2_vector__flat,85,25,-0.025413361542356423,-0.052339453491509084,0.0004514846616546316,-0.0724969941745812,0.023108906667587033,0.054,0.3252,35,8,42,0.18514285714285714,0.52032
index,strict,joint_image_caption__B3_postfilter__ivfpq6_np8,joint_image_caption__B3_postfilter__flat,85,25,0.003318130292035222,-0.019982996035492317,0.02583959421918178,-0.01632362859988715,0.025115519900550196,0.777,0.7248,36,21,28,0.9268148148148149,0.9040799999999999
index,semantic,joint_image_caption__B3_postfilter__ivfpq6_np8,joint_image_caption__B3_postfilter__flat,85,25,0.0031620755825635507,-0.019750243025718164,0.025307652218406813,-0.01596527246674165,0.02429459894453317,0.7854,0.7274,36,21,28,0.8567999999999999,0.8326857142857143
index,strict,joint_image_caption__B4_prefilter__ivfpq6_np8,joint_image_caption__B4_prefilter__flat,85,25,-0.00138559821522902,-0.025520281664599263,0.02179315212471553,-0.022854876932938157,0.022995440754183975,0.9144,0.9426,36,19,30,0.9863191011235954,1.0
index,semantic,joint_image_caption__B4_prefilter__ivfpq6_np8,joint_image_caption__B4_prefilter__flat,85,25,-0.0011235893771616332,-0.024875292597217637,0.021637282728175923,-0.022177196679942394,0.022566543318919257,0.9346,0.9568,36,19,30,0.9752347826086956,0.9984000000000001
index,strict,multi_frame__B2_vector__ivfpq6_np8,multi_frame__B2_vector__flat,85,25,-0.024767456234002286,-0.054246989229071806,0.0036400672808635823,-0.05508797114935884,0.0003007150636918309,0.0894,0.053,16,43,26,0.27694545454545455,0.212
index,semantic,multi_frame__B2_vector__ivfpq6_np8,multi_frame__B2_vector__flat,85,25,-0.11087460357015756,-0.16046548963113091,-0.06310465633301045,-0.21226067051370123,-0.013049756162102421,0.0,0.0218,20,15,50,0.0,0.10464
index,strict,multi_frame__B3_postfilter__ivfpq6_np8,multi_frame__B3_postfilter__flat,85,25,-0.05379259829520549,-0.09511715927581214,-0.01407057301589776,-0.09508341308418779,-0.01455954960560349,0.0088,0.0066,25,17,43,0.07089230769230769,0.04525714285714285
index,semantic,multi_frame__B3_postfilter__ivfpq6_np8,multi_frame__B3_postfilter__flat,85,25,-0.05435035111783198,-0.0954314854410915,-0.01490511350378623,-0.09560088342326621,-0.015234605420829895,0.0068,0.006,25,17,43,0.03637894736842105,0.04800000000000001
index,strict,multi_frame__B4_prefilter__ivfpq6_np8,multi_frame__B4_prefilter__flat,85,25,-0.04072298766690482,-0.08160302412108714,-0.0016602497429257668,-0.0830009276812001,-0.003679806374697464,0.0412,0.0328,31,12,42,0.20816842105263159,0.14994285714285716
index,semantic,multi_frame__B4_prefilter__ivfpq6_np8,multi_frame__B4_prefilter__flat,85,25,-0.040905217248397865,-0.08123879283070977,-0.002207018511281081,-0.08275512538751251,-0.004657007561460237,0.0394,0.028,31,12,42,0.1584,0.12305454545454544
index,strict,dual__B2_vector__ivfpq6_np8,dual__B2_vector__flat,85,25,-0.0024175692960594747,-0.029255502560200874,0.024669888970216935,-0.026298201826231653,0.018346465731373985,0.8634,0.8612,21,43,21,0.9532363636363637,0.9575724137931035
index,semantic,dual__B2_vector__ivfpq6_np8,dual__B2_vector__flat,85,25,-0.018396248921372378,-0.052745463114698035,0.015512174740122852,-0.08495721328630121,0.04508721535903916,0.2944,0.589,34,13,38,0.4633180327868852,0.8194782608695652
index,strict,dual__B3_postfilter__ivfpq6_np8,dual__B3_postfilter__flat,85,25,-0.0316721264127659,-0.06816279096396509,0.00340364740437942,-0.06486037601332705,0.0035255374451456426,0.078,0.0768,34,11,40,0.27694545454545455,0.25134545454545454
index,semantic,dual__B3_postfilter__ivfpq6_np8,dual__B3_postfilter__flat,85,25,-0.03235859498854656,-0.06910600143372062,0.0022479491163693997,-0.06542867314412738,0.00251710911615073,0.0696,0.0682,34,11,40,0.21553548387096771,0.2488888888888889
index,strict,dual__B4_prefilter__ivfpq6_np8,dual__B4_prefilter__flat,85,25,-0.024336552486993828,-0.061507879885979264,0.01163884189288267,-0.05427512649549732,0.00875439404509656,0.1964,0.1446,40,10,35,0.44891428571428565,0.3584
index,semantic,dual__B4_prefilter__ivfpq6_np8,dual__B4_prefilter__flat,85,25,-0.023575740998563136,-0.060170748500637375,0.011610499665603975,-0.05422621000777431,0.009004902371158169,0.2006,0.1514,40,10,35,0.3776,0.37267692307692313
index,strict,caption__B2_vector__ivfpq6_np32,caption__B2_vector__flat,85,25,0.023338452881081422,0.010885399217661844,0.03729819209064726,0.010815096277073217,0.04117917463325035,0.0,0.0,28,52,5,0.0,0.0
index,semantic,caption__B2_vector__ivfpq6_np32,caption__B2_vector__flat,85,25,0.04390274816659928,0.024796424911729623,0.06423136957853265,0.013325426743267066,0.07589406166224007,0.0,0.0038,50,17,18,0.0,0.03316363636363637
index,strict,caption__B3_postfilter__ivfpq6_np32,caption__B3_postfilter__flat,85,25,0.024043229163132736,-0.0005945722858082228,0.048169263957275846,-0.004047085192211614,0.05048877516572742,0.0556,0.092,43,15,27,0.2541714285714286,0.25976470588235295
index,semantic,caption__B3_postfilter__ivfpq6_np32,caption__B3_postfilter__flat,85,25,0.023128555941146073,-0.0012673710873711771,0.04730883510570434,-0.004313925925386175,0.04908229549149763,0.0642,0.1004,43,15,27,0.20800000000000002,0.2834823529411765
index,strict,caption__B4_prefilter__ivfpq6_np32,caption__B4_prefilter__flat,85,25,0.020272099455855824,-0.005157531517859621,0.04515401280089706,-0.009438328694978794,0.049547858478206586,0.1104,0.1776,43,11,31,0.30281142857142856,0.40685714285714286
index,semantic,caption__B4_prefilter__ivfpq6_np32,caption__B4_prefilter__flat,85,25,0.019832046513320784,-0.0052338192981334795,0.04444306300268797,-0.009584052000031616,0.048022489112232884,0.114,0.1814,43,11,31,0.26057142857142856,0.41462857142857146
index,strict,caption__B5_lexical_vector_hybrid__ivfpq6_np32,caption__B5_lexical_vector_hybrid__flat,85,25,0.012107266606305392,-0.007147324372635291,0.03118539490896708,-0.004666408458204178,0.033394748886906606,0.2064,0.178,33,28,24,0.4608,0.40685714285714286
index,semantic,caption__B5_lexical_vector_hybrid__ivfpq6_np32,caption__B5_lexical_vector_hybrid__flat,85,25,0.012399480485941496,-0.006752850290054974,0.03131647617930816,-0.00422767305020765,0.03344145471004757,0.1962,0.1616,33,28,24,0.376704,0.38784
index,strict,representative_frame__B2_vector__ivfpq6_np32,representative_frame__B2_vector__flat,85,25,-0.01803172941532007,-0.03210329162049694,-0.004221905150996385,-0.03539545302923485,-0.005432165145433148,0.0078,0.004,11,53,21,0.07089230769230769,0.032
index,semantic,representative_frame__B2_vector__ivfpq6_np32,representative_frame__B2_vector__flat,85,25,-0.03133224842797702,-0.053520353293783914,-0.008275361877598694,-0.08721848331160734,0.019711467067353317,0.0072,0.2444,27,17,41,0.03637894736842105,0.4344888888888889
index,strict,representative_frame__B3_postfilter__ivfpq6_np32,representative_frame__B3_postfilter__flat,85,25,-0.04924097962327241,-0.06873435524034562,-0.02914433701546696,-0.07130267610054275,-0.027514564226589835,0.0,0.0,16,24,45,0.0,0.0
index,semantic,representative_frame__B3_postfilter__ivfpq6_np32,representative_frame__B3_postfilter__flat,85,25,-0.04839153391787737,-0.06790940253046322,-0.02851516880329071,-0.06988462852371576,-0.02718397740580469,0.0,0.0,16,24,45,0.0,0.0
index,strict,representative_frame__B4_prefilter__ivfpq6_np32,representative_frame__B4_prefilter__flat,85,25,-0.04852210249624567,-0.06813686620954051,-0.02888450209126599,-0.06892721986969876,-0.026946597813807455,0.0,0.0,18,20,47,0.0,0.0
index,semantic,representative_frame__B4_prefilter__ivfpq6_np32,representative_frame__B4_prefilter__flat,85,25,-0.047478268311267564,-0.06701783911005825,-0.028046665585099086,-0.06747946477819831,-0.026428515268132148,0.0,0.0,18,20,47,0.0,0.0
index,strict,joint_image_caption__B2_vector__ivfpq6_np32,joint_image_caption__B2_vector__flat,85,25,0.002187227923223874,-0.014295060439328272,0.017912123999836754,-0.011114646613322322,0.01737462920134828,0.782,0.7406,23,44,18,0.9268148148148149,0.9040799999999999
index,semantic,joint_image_caption__B2_vector__ivfpq6_np32,joint_image_caption__B2_vector__flat,85,25,-0.025472589152701307,-0.052401881003968316,0.0003847035910197073,-0.07254783345026398,0.02305800093367049,0.054,0.3244,35,8,42,0.18514285714285714,0.52032
index,strict,joint_image_caption__B3_postfilter__ivfpq6_np32,joint_image_caption__B3_postfilter__flat,85,25,0.0038487825845602477,-0.018523874899684267,0.02573192756735352,-0.016009883022943438,0.02590975538376558,0.7378,0.6994,37,20,28,0.9115076923076924,0.9040799999999999
index,semantic,joint_image_caption__B3_postfilter__ivfpq6_np32,joint_image_caption__B3_postfilter__flat,85,25,0.0036927278750885756,-0.018327966639547295,0.025333549256396734,-0.01585836721639809,0.025369862228000306,0.747,0.7012,37,20,28,0.852744827586207,0.8326857142857143
index,strict,joint_image_caption__B4_prefilter__ivfpq6_np32,joint_image_caption__B4_prefilter__flat,85,25,0.004036092898379496,-0.01820600313819055,0.025622024475951122,-0.014067039026058709,0.025307547186811923,0.7206,0.664,37,18,30,0.9115076923076924,0.9040799999999999
index,semantic,joint_image_caption__B4_prefilter__ivfpq6_np32,joint_image_caption__B4_prefilter__flat,85,25,0.003952326612378227,-0.018132024266828934,0.025139944727607475,-0.01350671431666784,0.024580342403328796,0.7198,0.6634,37,18,30,0.852744827586207,0.8326857142857143
index,strict,multi_frame__B2_vector__ivfpq6_np32,multi_frame__B2_vector__flat,85,25,-0.024767456234002286,-0.054246989229071806,0.0036400672808635823,-0.05508797114935884,0.0003007150636918309,0.0894,0.053,16,43,26,0.27694545454545455,0.212
index,semantic,multi_frame__B2_vector__ivfpq6_np32,multi_frame__B2_vector__flat,85,25,-0.11087460357015756,-0.16046548963113091,-0.06310465633301045,-0.21226067051370123,-0.013049756162102421,0.0,0.0218,20,15,50,0.0,0.10464
index,strict,multi_frame__B3_postfilter__ivfpq6_np32,multi_frame__B3_postfilter__flat,85,25,-0.04840255091818844,-0.08865008781914492,-0.009762106858986961,-0.09150637599294091,-0.00836630467376541,0.0156,0.017,26,17,42,0.10697142857142856,0.10200000000000001
index,semantic,multi_frame__B3_postfilter__ivfpq6_np32,multi_frame__B3_postfilter__flat,85,25,-0.04902836154054856,-0.08891752297150865,-0.010611663502152957,-0.09162678273460868,-0.009694224447577407,0.0128,0.013,26,17,42,0.06144000000000001,0.08703999999999999
index,strict,multi_frame__B4_prefilter__ivfpq6_np32,multi_frame__B4_prefilter__flat,85,25,-0.03513975871504423,-0.07467208709083019,0.0023989521504418914,-0.07845132510899318,0.0032666927535729318,0.0694,0.0728,31,13,41,0.27694545454545455,0.25134545454545454
index,semantic,multi_frame__B4_prefilter__ivfpq6_np32,multi_frame__B4_prefilter__flat,85,25,-0.03544090036355724,-0.07427359696833008,0.001970444724552789,-0.07819964305963832,0.0011711668682557162,0.065,0.0606,31,13,41,0.20800000000000002,0.23270400000000002
index,strict,dual__B2_vector__ivfpq6_np32,dual__B2_vector__flat,85,25,-0.0027669937604340783,-0.029442466544954988,0.024208947889087555,-0.026518932284232064,0.017843422631159307,0.8434,0.8306,21,43,21,0.9532363636363637,0.9423811764705883
index,semantic,dual__B2_vector__ivfpq6_np32,dual__B2_vector__flat,85,25,-0.021298665088794286,-0.05530045710908773,0.012283836645521528,-0.08686127155910034,0.04118217100617786,0.217,0.5164,34,13,38,0.3857777777777778,0.7511272727272726
index,strict,dual__B3_postfilter__ivfpq6_np32,dual__B3_postfilter__flat,85,25,-0.028329202887624354,-0.06465858143305964,0.006613176828689802,-0.06554062327010157,0.007951792317747125,0.1188,0.1304,34,11,40,0.31679999999999997,0.34773333333333334
index,semantic,dual__B3_postfilter__ivfpq6_np32,dual__B3_postfilter__flat,85,25,-0.029112685989627702,-0.06525993068515618,0.00535219667411335,-0.06567728329833772,0.006335885558764647,0.1068,0.1116,34,11,40,0.25632,0.3061028571428571
index,strict,dual__B4_prefilter__ivfpq6_np32,dual__B4_prefilter__flat,85,25,-0.01846254752830432,-0.050062509249982005,0.011961766972043588,-0.04825526432534665,0.01101774030336861,0.2416,0.2142,36,13,36,0.4934808510638298,0.46734545454545456
index,semantic,dual__B4_prefilter__ivfpq6_np32,dual__B4_prefilter__flat,85,25,-0.01860970263994192,-0.049786721740127375,0.011425389137313939,-0.04786438919627599,0.00988071800783101,0.2264,0.195,36,13,36,0.38811428571428574,0.416
