predicate,kind,selectivity,subset,gt_cluster_med_rank,method,recall_at_10,r_lo,r_hi,p50_ms,p50_lo,p50_hi,p95_ms,p95_lo,p95_hi,kprime,degenerate,build_s,selector_build_ms,escalated
time_of_day==morning,natural,0.25724,36999,42.5,postfilter_hnsw_K2x,0.668,0.609,0.7265,0.0507,0.0497,0.0523,0.0751,0.0714,0.0838,78.0,False,,,
time_of_day==morning,natural,0.25724,36999,42.5,postfilter_hnsw_K4x,0.814,0.7635,0.8615,0.0649,0.0633,0.0663,0.093,0.0859,0.1013,156.0,False,,,
time_of_day==morning,natural,0.25724,36999,42.5,prefilter_flat,1.0,1.0,1.0,3.6234,3.6138,3.6295,3.7496,3.7156,3.7847,,,0.027,,
time_of_day==morning,natural,0.25724,36999,42.5,single_stage_ivf_batch_np8,0.9415,0.911,0.9675,0.0812,0.0779,0.0833,0.1052,0.1018,0.1095,,,,1.89,
time_of_day==morning,natural,0.25724,36999,42.5,single_stage_ivf_batch_np32,0.9945,0.9895,0.9985,0.1653,0.156,0.1744,0.2836,0.2516,0.2975,,,,1.89,
time_of_day==morning,natural,0.25724,36999,42.5,single_stage_ivf_bitmap_np32,0.9945,0.9895,0.9985,0.1497,0.1376,0.1561,0.2221,0.2071,0.258,,,,17.74,
time_of_day==morning,natural,0.25724,36999,42.5,postfilter_hnsw_K1x,0.4955,0.4325,0.556,0.0463,0.0451,0.0478,0.0713,0.066,0.0787,39.0,False,,,
time_of_day==morning,natural,0.25724,36999,42.5,prefilter_hnsw_ef64,0.998,0.994,1.0,0.0393,0.0379,0.0407,0.0608,0.0555,0.0652,,,9.496,,
CTRL(s=0.2572)|time_of_day==morning,control,0.25724,36999,20.9,single_stage_ivf_batch_np8,0.997,0.994,0.9995,0.0825,0.0814,0.0838,0.1007,0.0962,0.1044,,,,2.22,
CTRL(s=0.2572)|time_of_day==morning,control,0.25724,36999,20.9,single_stage_ivf_batch_np32,1.0,1.0,1.0,0.1855,0.1806,0.1906,0.2485,0.2334,0.2561,,,,2.22,
CTRL(s=0.2572)|time_of_day==morning,control,0.25724,36999,20.9,single_stage_ivf_bitmap_np32,1.0,1.0,1.0,0.1648,0.1633,0.1682,0.224,0.2027,0.239,,,,17.05,
CTRL(s=0.2572)|time_of_day==morning,control,0.25724,36999,20.9,postfilter_hnsw_K1x,0.8975,0.8775,0.9165,0.045,0.0442,0.0465,0.0695,0.0639,0.0781,39.0,False,,,
CTRL(s=0.2572)|time_of_day==morning,control,0.25724,36999,20.9,postfilter_hnsw_K2x,1.0,1.0,1.0,0.0503,0.049,0.0517,0.0746,0.0697,0.0837,78.0,False,,,
CTRL(s=0.2572)|time_of_day==morning,control,0.25724,36999,20.9,prefilter_flat,1.0,1.0,1.0,3.6677,3.6535,3.6913,4.115,3.9403,4.2765,,,0.029,,
CTRL(s=0.2572)|time_of_day==morning,control,0.25724,36999,20.9,prefilter_hnsw_ef64,1.0,1.0,1.0,0.0421,0.0401,0.0437,0.0633,0.0611,0.066,,,10.371,,
CTRL(s=0.2572)|time_of_day==morning,control,0.25724,36999,20.9,postfilter_hnsw_K4x,1.0,1.0,1.0,0.0641,0.0625,0.0661,0.091,0.0847,0.1001,156.0,False,,,
time_of_day==afternoon,natural,0.34762,49998,42.0,prefilter_flat,1.0,1.0,1.0,4.9447,4.9195,4.9633,5.2398,5.1766,5.3707,,,0.037,,
time_of_day==afternoon,natural,0.34762,49998,42.0,prefilter_hnsw_ef64,1.0,1.0,1.0,0.0426,0.0409,0.0438,0.066,0.0614,0.0705,,,13.593,,
time_of_day==afternoon,natural,0.34762,49998,42.0,postfilter_hnsw_K2x,0.6195,0.5605,0.675,0.0475,0.0465,0.0489,0.0752,0.0668,0.0808,58.0,False,,,
time_of_day==afternoon,natural,0.34762,49998,42.0,postfilter_hnsw_K1x,0.475,0.414,0.5375,0.0455,0.0443,0.0465,0.0679,0.0631,0.0766,29.0,False,,,
time_of_day==afternoon,natural,0.34762,49998,42.0,single_stage_ivf_batch_np8,0.985,0.975,0.993,0.0921,0.0869,0.0946,0.1178,0.114,0.1237,,,,2.5,
time_of_day==afternoon,natural,0.34762,49998,42.0,single_stage_ivf_batch_np32,0.9985,0.9965,1.0,0.2166,0.1993,0.2325,0.3289,0.3088,0.3499,,,,2.5,
time_of_day==afternoon,natural,0.34762,49998,42.0,single_stage_ivf_bitmap_np32,0.9985,0.9965,1.0,0.1993,0.1847,0.2099,0.2757,0.2585,0.326,,,,23.26,
time_of_day==afternoon,natural,0.34762,49998,42.0,postfilter_hnsw_K4x,0.791,0.742,0.8375,0.0581,0.0568,0.0601,0.0871,0.0812,0.0899,116.0,False,,,
CTRL(s=0.3476)|time_of_day==afternoon,control,0.34762,49998,14.9,prefilter_hnsw_ef64,1.0,1.0,1.0,0.0412,0.0396,0.0438,0.0645,0.0589,0.069,,,14.593,,
CTRL(s=0.3476)|time_of_day==afternoon,control,0.34762,49998,14.9,postfilter_hnsw_K1x,0.916,0.8975,0.934,0.0444,0.0431,0.0454,0.0676,0.061,0.0747,29.0,False,,,
CTRL(s=0.3476)|time_of_day==afternoon,control,0.34762,49998,14.9,single_stage_ivf_batch_np8,0.9965,0.991,1.0,0.0892,0.0878,0.0911,0.1096,0.1024,0.1153,,,,3.11,
CTRL(s=0.3476)|time_of_day==afternoon,control,0.34762,49998,14.9,single_stage_ivf_batch_np32,1.0,1.0,1.0,0.2226,0.2167,0.2284,0.3053,0.2939,0.3168,,,,3.11,
CTRL(s=0.3476)|time_of_day==afternoon,control,0.34762,49998,14.9,single_stage_ivf_bitmap_np32,1.0,1.0,1.0,0.2034,0.1997,0.2081,0.2706,0.2585,0.3009,,,,23.86,
CTRL(s=0.3476)|time_of_day==afternoon,control,0.34762,49998,14.9,postfilter_hnsw_K2x,1.0,1.0,1.0,0.0464,0.0453,0.0477,0.0687,0.0637,0.077,58.0,False,,,
CTRL(s=0.3476)|time_of_day==afternoon,control,0.34762,49998,14.9,prefilter_flat,1.0,1.0,1.0,4.9836,4.9629,5.0061,5.2727,5.182,5.4043,,,0.039,,
CTRL(s=0.3476)|time_of_day==afternoon,control,0.34762,49998,14.9,postfilter_hnsw_K4x,1.0,1.0,1.0,0.0577,0.0555,0.0588,0.0833,0.0768,0.0916,116.0,False,,,
time_of_day==evening,natural,0.29478,42398,621.8,postfilter_hnsw_K2x,0.3405,0.2735,0.406,0.049,0.0475,0.0506,0.0715,0.0683,0.0832,68.0,False,,,
time_of_day==evening,natural,0.29478,42398,621.8,prefilter_hnsw_ef64,0.9785,0.967,0.9875,0.0454,0.0429,0.0484,0.0681,0.0637,0.0718,,,9.951,,
time_of_day==evening,natural,0.29478,42398,621.8,prefilter_flat,1.0,1.0,1.0,4.1197,4.1076,4.1286,4.25,4.2177,4.2702,,,0.032,,
time_of_day==evening,natural,0.29478,42398,621.8,single_stage_ivf_batch_np8,0.4215,0.357,0.4885,0.0627,0.0618,0.0671,0.1243,0.1177,0.1324,,,,2.36,
time_of_day==evening,natural,0.29478,42398,621.8,single_stage_ivf_batch_np32,0.717,0.6615,0.772,0.095,0.0901,0.1031,0.4047,0.3637,0.4483,,,,2.36,
time_of_day==evening,natural,0.29478,42398,621.8,single_stage_ivf_batch_np128,0.987,0.979,0.994,0.3376,0.2819,0.4296,1.4554,1.3859,1.5364,,,,2.36,True
time_of_day==evening,natural,0.29478,42398,621.8,single_stage_ivf_bitmap_np32,0.717,0.663,0.7715,0.0918,0.0869,0.0979,0.3786,0.3459,0.4006,,,,20.23,
time_of_day==evening,natural,0.29478,42398,621.8,postfilter_hnsw_K4x,0.3465,0.2825,0.414,0.0608,0.0591,0.0621,0.0904,0.0817,0.0958,136.0,False,,,
time_of_day==evening,natural,0.29478,42398,621.8,postfilter_hnsw_K1x,0.3265,0.2645,0.3895,0.0452,0.0441,0.0465,0.0701,0.0623,0.0773,34.0,False,,,
CTRL(s=0.2948)|time_of_day==evening,control,0.29478,42398,18.0,postfilter_hnsw_K2x,1.0,1.0,1.0,0.0492,0.0479,0.0508,0.0731,0.0668,0.081,68.0,False,,,
CTRL(s=0.2948)|time_of_day==evening,control,0.29478,42398,18.0,postfilter_hnsw_K4x,1.0,1.0,1.0,0.0611,0.0599,0.0624,0.0879,0.082,0.0938,136.0,False,,,
CTRL(s=0.2948)|time_of_day==evening,control,0.29478,42398,18.0,single_stage_ivf_batch_np8,0.9965,0.9925,0.9995,0.0883,0.0864,0.089,0.1062,0.0989,0.1081,,,,2.9,
CTRL(s=0.2948)|time_of_day==evening,control,0.29478,42398,18.0,single_stage_ivf_batch_np32,0.9995,0.9985,1.0,0.2002,0.1951,0.2038,0.2596,0.2418,0.2722,,,,2.9,
CTRL(s=0.2948)|time_of_day==evening,control,0.29478,42398,18.0,single_stage_ivf_bitmap_np32,0.9995,0.9985,1.0,0.1841,0.1791,0.1881,0.2326,0.2191,0.2576,,,,19.91,
CTRL(s=0.2948)|time_of_day==evening,control,0.29478,42398,18.0,prefilter_flat,1.0,1.0,1.0,4.1117,4.1041,4.1191,4.2055,4.1887,4.2167,,,0.034,,
CTRL(s=0.2948)|time_of_day==evening,control,0.29478,42398,18.0,postfilter_hnsw_K1x,0.897,0.8755,0.917,0.0459,0.0448,0.0473,0.0704,0.0647,0.0768,34.0,False,,,
CTRL(s=0.2948)|time_of_day==evening,control,0.29478,42398,18.0,prefilter_hnsw_ef64,1.0,1.0,1.0,0.0407,0.0389,0.0427,0.0596,0.0562,0.067,,,11.95,,
sig_has_yellow==True,natural,0.62846,90392,8.1,postfilter_hnsw_K1x,0.7935,0.752,0.8345,0.043,0.0421,0.0443,0.0678,0.06,0.0738,16.0,False,,,
sig_has_yellow==True,natural,0.62846,90392,8.1,postfilter_hnsw_K4x,0.979,0.962,0.9935,0.0465,0.0456,0.0479,0.0694,0.0658,0.0789,64.0,False,,,
sig_has_yellow==True,natural,0.62846,90392,8.1,postfilter_hnsw_K2x,0.9195,0.889,0.9485,0.0441,0.0429,0.0452,0.0657,0.0627,0.0731,32.0,False,,,
sig_has_yellow==True,natural,0.62846,90392,8.1,prefilter_flat,1.0,1.0,1.0,8.9204,8.8938,8.9407,9.2118,9.1723,9.2691,,,0.069,,
sig_has_yellow==True,natural,0.62846,90392,8.1,prefilter_hnsw_ef64,0.9995,0.9985,1.0,0.0404,0.0392,0.0414,0.0607,0.0563,0.0685,,,26.442,,
sig_has_yellow==True,natural,0.62846,90392,8.1,single_stage_ivf_batch_np8,0.999,0.9975,1.0,0.1037,0.1019,0.1063,0.1356,0.1318,0.1537,,,,5.48,
sig_has_yellow==True,natural,0.62846,90392,8.1,single_stage_ivf_batch_np32,0.9995,0.9985,1.0,0.3161,0.2962,0.337,0.4631,0.4419,0.5019,,,,5.48,
sig_has_yellow==True,natural,0.62846,90392,8.1,single_stage_ivf_bitmap_np32,0.9995,0.9985,1.0,0.2982,0.2806,0.3242,0.4572,0.4363,0.4912,,,,43.74,
CTRL(s=0.6285)|sig_has_yellow==True,control,0.62846,90392,8.3,prefilter_hnsw_ef64,1.0,1.0,1.0,0.0398,0.0381,0.0414,0.0616,0.0565,0.067,,,26.596,,
CTRL(s=0.6285)|sig_has_yellow==True,control,0.62846,90392,8.3,postfilter_hnsw_K4x,1.0,1.0,1.0,0.0469,0.0457,0.0483,0.072,0.0649,0.0785,64.0,False,,,
CTRL(s=0.6285)|sig_has_yellow==True,control,0.62846,90392,8.3,postfilter_hnsw_K1x,0.929,0.913,0.944,0.043,0.0419,0.044,0.0641,0.0611,0.0731,16.0,False,,,
CTRL(s=0.6285)|sig_has_yellow==True,control,0.62846,90392,8.3,single_stage_ivf_batch_np8,0.9975,0.9935,1.0,0.1077,0.1058,0.1095,0.1411,0.1322,0.1479,,,,5.64,
CTRL(s=0.6285)|sig_has_yellow==True,control,0.62846,90392,8.3,single_stage_ivf_batch_np32,1.0,1.0,1.0,0.3473,0.3397,0.3656,0.46,0.4394,0.5183,,,,5.64,
CTRL(s=0.6285)|sig_has_yellow==True,control,0.62846,90392,8.3,single_stage_ivf_bitmap_np32,1.0,1.0,1.0,0.3239,0.314,0.3292,0.4525,0.4176,0.4645,,,,43.49,
CTRL(s=0.6285)|sig_has_yellow==True,control,0.62846,90392,8.3,postfilter_hnsw_K2x,1.0,1.0,1.0,0.044,0.0431,0.0455,0.0656,0.0614,0.0752,32.0,False,,,
CTRL(s=0.6285)|sig_has_yellow==True,control,0.62846,90392,8.3,prefilter_flat,1.0,1.0,1.0,8.9652,8.9439,8.9727,9.3385,9.1964,9.3935,,,0.07,,
sig_has_pedestrian==True,natural,0.39096,56232,15.3,prefilter_flat,1.0,1.0,1.0,5.5119,5.4989,5.5256,5.7147,5.6703,5.7534,,,0.044,,
sig_has_pedestrian==True,natural,0.39096,56232,15.3,postfilter_hnsw_K4x,0.9625,0.942,0.9795,0.0549,0.0537,0.0573,0.0832,0.0759,0.0892,104.0,False,,,
sig_has_pedestrian==True,natural,0.39096,56232,15.3,prefilter_hnsw_ef64,1.0,1.0,1.0,0.0411,0.04,0.0427,0.064,0.0592,0.0666,,,15.668,,
sig_has_pedestrian==True,natural,0.39096,56232,15.3,postfilter_hnsw_K1x,0.713,0.665,0.7585,0.0451,0.044,0.0462,0.071,0.0629,0.0774,26.0,False,,,
sig_has_pedestrian==True,natural,0.39096,56232,15.3,single_stage_ivf_batch_np8,0.995,0.991,0.998,0.0883,0.0862,0.0915,0.1214,0.1152,0.1365,,,,3.13,
sig_has_pedestrian==True,natural,0.39096,56232,15.3,single_stage_ivf_batch_np32,0.9985,0.996,1.0,0.2132,0.2033,0.2242,0.3398,0.3148,0.3683,,,,3.13,
sig_has_pedestrian==True,natural,0.39096,56232,15.3,single_stage_ivf_bitmap_np32,0.9985,0.996,1.0,0.191,0.1841,0.2006,0.3084,0.2859,0.3398,,,,26.38,
sig_has_pedestrian==True,natural,0.39096,56232,15.3,postfilter_hnsw_K2x,0.8855,0.8525,0.917,0.0472,0.0456,0.0486,0.0741,0.0662,0.0808,52.0,False,,,
CTRL(s=0.3910)|sig_has_pedestrian==True,control,0.39096,56232,13.1,postfilter_hnsw_K1x,0.922,0.9025,0.9395,0.0452,0.0444,0.0468,0.0683,0.0644,0.0733,26.0,False,,,
CTRL(s=0.3910)|sig_has_pedestrian==True,control,0.39096,56232,13.1,prefilter_hnsw_ef64,1.0,1.0,1.0,0.0404,0.0393,0.0422,0.0655,0.0581,0.0682,,,16.334,,
CTRL(s=0.3910)|sig_has_pedestrian==True,control,0.39096,56232,13.1,postfilter_hnsw_K2x,0.9995,0.9985,1.0,0.0471,0.046,0.0486,0.0726,0.065,0.0784,52.0,False,,,
CTRL(s=0.3910)|sig_has_pedestrian==True,control,0.39096,56232,13.1,single_stage_ivf_batch_np8,0.9975,0.993,1.0,0.0984,0.0962,0.1003,0.1193,0.1166,0.1221,,,,3.39,
CTRL(s=0.3910)|sig_has_pedestrian==True,control,0.39096,56232,13.1,single_stage_ivf_batch_np32,0.9995,0.9985,1.0,0.2472,0.2414,0.2528,0.3308,0.3134,0.3745,,,,3.39,
CTRL(s=0.3910)|sig_has_pedestrian==True,control,0.39096,56232,13.1,single_stage_ivf_bitmap_np32,0.9995,0.9985,1.0,0.224,0.2183,0.2269,0.2955,0.281,0.3166,,,,26.48,
CTRL(s=0.3910)|sig_has_pedestrian==True,control,0.39096,56232,13.1,prefilter_flat,1.0,1.0,1.0,5.5489,5.5238,5.568,5.7492,5.7058,5.8035,,,0.043,,
CTRL(s=0.3910)|sig_has_pedestrian==True,control,0.39096,56232,13.1,postfilter_hnsw_K4x,0.9995,0.9985,1.0,0.0551,0.0544,0.0568,0.0818,0.0754,0.0904,104.0,False,,,
sig_has_yellow==False,natural,0.27117,39003,23.6,postfilter_hnsw_K1x,0.62,0.561,0.6795,0.0459,0.0443,0.0467,0.0682,0.0633,0.0766,37.0,False,,,
sig_has_yellow==False,natural,0.27117,39003,23.6,postfilter_hnsw_K4x,0.777,0.719,0.8315,0.0631,0.0615,0.0648,0.0925,0.0844,0.0964,148.0,False,,,
sig_has_yellow==False,natural,0.27117,39003,23.6,single_stage_ivf_batch_np8,0.881,0.8445,0.915,0.0796,0.0776,0.0828,0.1077,0.1061,0.1161,,,,2.15,
sig_has_yellow==False,natural,0.27117,39003,23.6,single_stage_ivf_batch_np32,0.9775,0.966,0.9875,0.1614,0.1535,0.1695,0.2686,0.255,0.3202,,,,2.15,
sig_has_yellow==False,natural,0.27117,39003,23.6,single_stage_ivf_bitmap_np32,0.9775,0.966,0.9875,0.1476,0.1399,0.1535,0.2657,0.2308,0.2895,,,,20.06,
sig_has_yellow==False,natural,0.27117,39003,23.6,prefilter_hnsw_ef64,0.9955,0.9905,0.9995,0.0436,0.0408,0.0459,0.066,0.0645,0.07,,,9.697,,
sig_has_yellow==False,natural,0.27117,39003,23.6,prefilter_flat,1.0,1.0,1.0,3.8541,3.8466,3.8628,3.9815,3.9481,4.0672,,,0.03,,
sig_has_yellow==False,natural,0.27117,39003,23.6,postfilter_hnsw_K2x,0.722,0.663,0.779,0.0489,0.0475,0.0504,0.0723,0.0677,0.0802,74.0,False,,,
CTRL(s=0.2712)|sig_has_yellow==False,control,0.27117,39003,19.9,postfilter_hnsw_K4x,0.999,0.9975,1.0,0.0631,0.0622,0.0647,0.0915,0.084,0.0966,148.0,False,,,
CTRL(s=0.2712)|sig_has_yellow==False,control,0.27117,39003,19.9,postfilter_hnsw_K1x,0.888,0.8645,0.91,0.0452,0.0441,0.0465,0.0692,0.0641,0.077,37.0,False,,,
CTRL(s=0.2712)|sig_has_yellow==False,control,0.27117,39003,19.9,prefilter_flat,1.0,1.0,1.0,3.8718,3.8631,3.8771,4.072,4.0129,4.1234,,,0.031,,
CTRL(s=0.2712)|sig_has_yellow==False,control,0.27117,39003,19.9,prefilter_hnsw_ef64,1.0,1.0,1.0,0.0423,0.0407,0.0441,0.0654,0.0604,0.0697,,,10.943,,
CTRL(s=0.2712)|sig_has_yellow==False,control,0.27117,39003,19.9,single_stage_ivf_batch_np8,0.995,0.9905,0.9985,0.0869,0.0853,0.0885,0.1062,0.0999,0.11,,,,2.44,
CTRL(s=0.2712)|sig_has_yellow==False,control,0.27117,39003,19.9,single_stage_ivf_batch_np32,0.9995,0.9985,1.0,0.1944,0.1899,0.1979,0.238,0.2341,0.254,,,,2.44,
CTRL(s=0.2712)|sig_has_yellow==False,control,0.27117,39003,19.9,single_stage_ivf_bitmap_np32,0.9995,0.9985,1.0,0.173,0.1711,0.1758,0.2318,0.2173,0.2559,,,,18.74,
CTRL(s=0.2712)|sig_has_yellow==False,control,0.27117,39003,19.9,postfilter_hnsw_K2x,0.998,0.9955,1.0,0.0496,0.0485,0.0512,0.0747,0.0701,0.0824,74.0,False,,,
sig_has_pedestrian==False,natural,0.50868,73163,9.3,prefilter_hnsw_ef64,1.0,1.0,1.0,0.0397,0.0382,0.0419,0.0622,0.059,0.0644,,,20.929,,
sig_has_pedestrian==False,natural,0.50868,73163,9.3,postfilter_hnsw_K1x,0.798,0.7535,0.84,0.0428,0.0421,0.0443,0.0678,0.0607,0.0739,20.0,False,,,
sig_has_pedestrian==False,natural,0.50868,73163,9.3,postfilter_hnsw_K4x,0.9435,0.915,0.9685,0.0495,0.0483,0.0507,0.0748,0.069,0.083,80.0,False,,,
sig_has_pedestrian==False,natural,0.50868,73163,9.3,postfilter_hnsw_K2x,0.904,0.8685,0.937,0.0448,0.0435,0.0463,0.0682,0.0627,0.0743,40.0,False,,,
sig_has_pedestrian==False,natural,0.50868,73163,9.3,prefilter_flat,1.0,1.0,1.0,7.1961,7.1824,7.2086,7.4836,7.3916,7.5551,,,0.056,,
sig_has_pedestrian==False,natural,0.50868,73163,9.3,single_stage_ivf_batch_np8,0.993,0.987,0.9975,0.1022,0.0983,0.1058,0.1296,0.1265,0.1361,,,,3.58,
sig_has_pedestrian==False,natural,0.50868,73163,9.3,single_stage_ivf_batch_np32,0.9995,0.9985,1.0,0.2666,0.2559,0.279,0.4036,0.3829,0.4576,,,,3.58,
sig_has_pedestrian==False,natural,0.50868,73163,9.3,single_stage_ivf_bitmap_np32,0.9995,0.9985,1.0,0.2439,0.2311,0.2554,0.3564,0.3345,0.3737,,,,34.48,
CTRL(s=0.5087)|sig_has_pedestrian==False,control,0.50868,73163,10.7,postfilter_hnsw_K4x,1.0,1.0,1.0,0.0507,0.0494,0.0521,0.0768,0.0699,0.084,80.0,False,,,
CTRL(s=0.5087)|sig_has_pedestrian==False,control,0.50868,73163,10.7,postfilter_hnsw_K2x,1.0,1.0,1.0,0.0462,0.0449,0.0479,0.07,0.0654,0.0767,40.0,False,,,
CTRL(s=0.5087)|sig_has_pedestrian==False,control,0.50868,73163,10.7,prefilter_hnsw_ef64,1.0,1.0,1.0,0.0412,0.0398,0.0429,0.0623,0.0565,0.0693,,,21.672,,
CTRL(s=0.5087)|sig_has_pedestrian==False,control,0.50868,73163,10.7,postfilter_hnsw_K1x,0.9225,0.9055,0.9385,0.0454,0.0441,0.0465,0.0691,0.0643,0.0766,20.0,False,,,
CTRL(s=0.5087)|sig_has_pedestrian==False,control,0.50868,73163,10.7,prefilter_flat,1.0,1.0,1.0,7.1914,7.1757,7.2075,7.4677,7.3995,7.4975,,,0.057,,
CTRL(s=0.5087)|sig_has_pedestrian==False,control,0.50868,73163,10.7,single_stage_ivf_batch_np8,0.9975,0.9945,0.9995,0.1043,0.1023,0.1067,0.1312,0.1241,0.1385,,,,4.25,
CTRL(s=0.5087)|sig_has_pedestrian==False,control,0.50868,73163,10.7,single_stage_ivf_batch_np32,1.0,1.0,1.0,0.3098,0.2995,0.3196,0.4473,0.4003,0.4564,,,,4.25,
CTRL(s=0.5087)|sig_has_pedestrian==False,control,0.50868,73163,10.7,single_stage_ivf_bitmap_np32,1.0,1.0,1.0,0.2723,0.2638,0.2812,0.3801,0.3626,0.3998,,,,34.22,
veh_density_bin==low,natural,0.29764,42810,34.2,postfilter_hnsw_K4x,0.618,0.549,0.681,0.0604,0.059,0.0617,0.0896,0.0821,0.0937,136.0,False,,,
veh_density_bin==low,natural,0.29764,42810,34.2,prefilter_hnsw_ef64,0.99,0.9845,0.995,0.0426,0.04,0.0453,0.0668,0.0633,0.0693,,,9.931,,
veh_density_bin==low,natural,0.29764,42810,34.2,prefilter_flat,1.0,1.0,1.0,4.2153,4.2014,4.222,4.3797,4.3335,4.4031,,,0.033,,
veh_density_bin==low,natural,0.29764,42810,34.2,postfilter_hnsw_K1x,0.4915,0.426,0.557,0.0439,0.0428,0.0452,0.065,0.0603,0.0759,34.0,False,,,
veh_density_bin==low,natural,0.29764,42810,34.2,single_stage_ivf_batch_np8,0.749,0.693,0.8035,0.0752,0.0695,0.0799,0.1145,0.1069,0.1206,,,,2.43,
veh_density_bin==low,natural,0.29764,42810,34.2,single_stage_ivf_batch_np32,0.893,0.8595,0.926,0.1544,0.144,0.1697,0.3035,0.2881,0.3392,,,,2.43,
veh_density_bin==low,natural,0.29764,42810,34.2,single_stage_ivf_batch_np128,0.995,0.9915,0.998,0.6526,0.6189,0.7085,1.1616,1.0885,1.2433,,,,2.43,True
veh_density_bin==low,natural,0.29764,42810,34.2,single_stage_ivf_bitmap_np32,0.893,0.8575,0.926,0.1448,0.1318,0.1568,0.2695,0.2547,0.3191,,,,21.19,
veh_density_bin==low,natural,0.29764,42810,34.2,postfilter_hnsw_K2x,0.5715,0.5055,0.6375,0.0474,0.0458,0.0486,0.0727,0.0655,0.0803,68.0,False,,,
CTRL(s=0.2976)|veh_density_bin==low,control,0.29764,42810,17.5,prefilter_flat,1.0,1.0,1.0,4.2158,4.2022,4.2251,4.3628,4.3051,4.4209,,,0.033,,
CTRL(s=0.2976)|veh_density_bin==low,control,0.29764,42810,17.5,postfilter_hnsw_K2x,1.0,1.0,1.0,0.0481,0.047,0.0497,0.0741,0.066,0.0802,68.0,False,,,
CTRL(s=0.2976)|veh_density_bin==low,control,0.29764,42810,17.5,postfilter_hnsw_K1x,0.905,0.886,0.924,0.0442,0.0434,0.0454,0.0649,0.0624,0.0739,34.0,False,,,
CTRL(s=0.2976)|veh_density_bin==low,control,0.29764,42810,17.5,prefilter_hnsw_ef64,1.0,1.0,1.0,0.0401,0.0387,0.0417,0.0645,0.0582,0.0656,,,11.977,,
CTRL(s=0.2976)|veh_density_bin==low,control,0.29764,42810,17.5,single_stage_ivf_batch_np8,0.9955,0.989,0.9995,0.0842,0.0833,0.0856,0.1035,0.0965,0.1069,,,,2.93,
CTRL(s=0.2976)|veh_density_bin==low,control,0.29764,42810,17.5,single_stage_ivf_batch_np32,1.0,1.0,1.0,0.1958,0.1916,0.1993,0.2465,0.2364,0.2576,,,,2.93,
CTRL(s=0.2976)|veh_density_bin==low,control,0.29764,42810,17.5,single_stage_ivf_bitmap_np32,1.0,1.0,1.0,0.1792,0.1761,0.1835,0.223,0.2146,0.2535,,,,21.17,
CTRL(s=0.2976)|veh_density_bin==low,control,0.29764,42810,17.5,postfilter_hnsw_K4x,1.0,1.0,1.0,0.0606,0.0594,0.0631,0.0891,0.0819,0.0938,136.0,False,,,
veh_density_bin==mid,natural,0.27268,39220,30.9,postfilter_hnsw_K2x,0.6185,0.5555,0.684,0.0492,0.0477,0.0507,0.0738,0.0682,0.0808,74.0,False,,,
veh_density_bin==mid,natural,0.27268,39220,30.9,prefilter_hnsw_ef64,0.9935,0.989,0.9975,0.0445,0.0425,0.0478,0.0721,0.0688,0.0751,,,9.975,,
veh_density_bin==mid,natural,0.27268,39220,30.9,prefilter_flat,1.0,1.0,1.0,3.8571,3.8486,3.8674,4.01,3.9698,4.0754,,,0.041,,
veh_density_bin==mid,natural,0.27268,39220,30.9,postfilter_hnsw_K1x,0.529,0.465,0.593,0.0462,0.0443,0.0473,0.069,0.0657,0.077,37.0,False,,,
veh_density_bin==mid,natural,0.27268,39220,30.9,single_stage_ivf_batch_np8,0.8245,0.7765,0.869,0.0821,0.0785,0.0854,0.1116,0.1057,0.1147,,,,2.03,
veh_density_bin==mid,natural,0.27268,39220,30.9,single_stage_ivf_batch_np32,0.9655,0.948,0.9805,0.1656,0.1563,0.1744,0.2717,0.2583,0.2942,,,,2.03,
veh_density_bin==mid,natural,0.27268,39220,30.9,single_stage_ivf_bitmap_np32,0.9655,0.9485,0.9805,0.1529,0.1457,0.1602,0.2551,0.2352,0.2833,,,,18.12,
veh_density_bin==mid,natural,0.27268,39220,30.9,postfilter_hnsw_K4x,0.663,0.6005,0.724,0.0629,0.061,0.065,0.0899,0.0847,0.0975,148.0,False,,,
CTRL(s=0.2727)|veh_density_bin==mid,control,0.27268,39220,18.9,postfilter_hnsw_K2x,0.9985,0.996,1.0,0.0502,0.0491,0.0521,0.0743,0.0703,0.0847,74.0,False,,,
CTRL(s=0.2727)|veh_density_bin==mid,control,0.27268,39220,18.9,postfilter_hnsw_K1x,0.8835,0.8605,0.9055,0.0453,0.0442,0.0468,0.0702,0.0642,0.0769,37.0,False,,,
CTRL(s=0.2727)|veh_density_bin==mid,control,0.27268,39220,18.9,single_stage_ivf_batch_np8,0.997,0.993,0.9995,0.0858,0.0851,0.0871,0.1008,0.0983,0.1034,,,,2.38,
CTRL(s=0.2727)|veh_density_bin==mid,control,0.27268,39220,18.9,single_stage_ivf_batch_np32,1.0,1.0,1.0,0.194,0.1883,0.1987,0.2503,0.2365,0.2871,,,,2.38,
CTRL(s=0.2727)|veh_density_bin==mid,control,0.27268,39220,18.9,single_stage_ivf_bitmap_np32,1.0,1.0,1.0,0.1733,0.1693,0.1757,0.2108,0.2024,0.2275,,,,17.64,
CTRL(s=0.2727)|veh_density_bin==mid,control,0.27268,39220,18.9,prefilter_hnsw_ef64,1.0,1.0,1.0,0.042,0.0406,0.0437,0.0655,0.0605,0.0691,,,10.894,,
CTRL(s=0.2727)|veh_density_bin==mid,control,0.27268,39220,18.9,prefilter_flat,1.0,1.0,1.0,3.8505,3.8354,3.8673,3.9968,3.9717,4.0227,,,0.031,,
CTRL(s=0.2727)|veh_density_bin==mid,control,0.27268,39220,18.9,postfilter_hnsw_K4x,0.9985,0.996,1.0,0.0631,0.0616,0.0647,0.0949,0.0844,0.101,148.0,False,,,
veh_density_bin==high,natural,0.32931,47365,58.1,postfilter_hnsw_K1x,0.4555,0.392,0.5215,0.045,0.0437,0.0463,0.0695,0.0642,0.0777,31.0,False,,,
veh_density_bin==high,natural,0.32931,47365,58.1,prefilter_flat,1.0,1.0,1.0,4.6334,4.6238,4.648,4.8235,4.7832,4.8927,,,0.036,,
veh_density_bin==high,natural,0.32931,47365,58.1,prefilter_hnsw_ef64,0.993,0.9855,0.9985,0.0436,0.0417,0.0461,0.0626,0.06,0.0652,,,11.961,,
veh_density_bin==high,natural,0.32931,47365,58.1,single_stage_ivf_batch_np8,0.7975,0.7505,0.8425,0.0756,0.0716,0.0797,0.1382,0.1309,0.142,,,,2.48,
veh_density_bin==high,natural,0.32931,47365,58.1,single_stage_ivf_batch_np32,0.98,0.967,0.9905,0.1563,0.1459,0.1711,0.4144,0.4025,0.4401,,,,2.48,
veh_density_bin==high,natural,0.32931,47365,58.1,single_stage_ivf_bitmap_np32,0.98,0.968,0.9905,0.1406,0.1262,0.1584,0.3719,0.3618,0.3976,,,,21.64,
veh_density_bin==high,natural,0.32931,47365,58.1,postfilter_hnsw_K4x,0.583,0.52,0.644,0.0584,0.0571,0.06,0.0871,0.0779,0.092,124.0,False,,,
veh_density_bin==high,natural,0.32931,47365,58.1,postfilter_hnsw_K2x,0.5125,0.449,0.578,0.0473,0.0459,0.0485,0.0688,0.0654,0.0811,62.0,False,,,
CTRL(s=0.3293)|veh_density_bin==high,control,0.32931,47365,16.2,prefilter_hnsw_ef64,1.0,1.0,1.0,0.0408,0.0391,0.0424,0.0607,0.0562,0.0685,,,13.401,,
CTRL(s=0.3293)|veh_density_bin==high,control,0.32931,47365,16.2,prefilter_flat,1.0,1.0,1.0,4.6528,4.6412,4.6648,4.8248,4.7843,4.9,,,0.037,,
CTRL(s=0.3293)|veh_density_bin==high,control,0.32931,47365,16.2,postfilter_hnsw_K4x,1.0,1.0,1.0,0.06,0.0583,0.0615,0.0866,0.0804,0.0926,124.0,False,,,
CTRL(s=0.3293)|veh_density_bin==high,control,0.32931,47365,16.2,postfilter_hnsw_K2x,1.0,1.0,1.0,0.0483,0.047,0.0495,0.0737,0.0679,0.0799,62.0,False,,,
CTRL(s=0.3293)|veh_density_bin==high,control,0.32931,47365,16.2,postfilter_hnsw_K1x,0.906,0.8865,0.9255,0.0457,0.0448,0.0473,0.0677,0.0641,0.0764,31.0,False,,,
CTRL(s=0.3293)|veh_density_bin==high,control,0.32931,47365,16.2,single_stage_ivf_batch_np8,0.997,0.993,1.0,0.0906,0.0893,0.0922,0.1091,0.1033,0.1128,,,,3.07,
CTRL(s=0.3293)|veh_density_bin==high,control,0.32931,47365,16.2,single_stage_ivf_batch_np32,1.0,1.0,1.0,0.2215,0.2172,0.2281,0.2879,0.2718,0.2984,,,,3.07,
CTRL(s=0.3293)|veh_density_bin==high,control,0.32931,47365,16.2,single_stage_ivf_bitmap_np32,1.0,1.0,1.0,0.1958,0.1911,0.1995,0.2521,0.2367,0.2813,,,,21.34,
hour==6,natural,0.06983,10043,188.9,single_stage_ivf_batch_np8,0.8695,0.833,0.9045,0.0658,0.0654,0.0666,0.0708,0.0699,0.0722,,,,0.57,
hour==6,natural,0.06983,10043,188.9,single_stage_ivf_batch_np32,0.972,0.9565,0.9845,0.0921,0.0905,0.093,0.1083,0.106,0.1114,,,,0.57,
hour==6,natural,0.06983,10043,188.9,prefilter_flat,1.0,1.0,1.0,0.8891,0.8862,0.8943,1.0013,0.9453,1.0264,,,0.003,,
hour==6,natural,0.06983,10043,188.9,postfilter_hnsw_K4x,0.687,0.6425,0.73,0.1011,0.0978,0.1052,0.1548,0.1443,0.1704,576.0,False,,,
hour==6,natural,0.06983,10043,188.9,prefilter_hnsw_ef64,0.9995,0.9985,1.0,0.0386,0.0373,0.0401,0.054,0.052,0.0555,,,1.803,,
hour==6,natural,0.06983,10043,188.9,postfilter_hnsw_K2x,0.6225,0.5725,0.6725,0.0839,0.0812,0.086,0.1208,0.1099,0.131,288.0,False,,,
hour==6,natural,0.06983,10043,188.9,postfilter_hnsw_K1x,0.4325,0.3765,0.49,0.0618,0.0607,0.0632,0.0912,0.0832,0.0936,144.0,False,,,
CTRL(s=0.0698)|hour==6,control,0.06983,10043,75.7,postfilter_hnsw_K1x,0.866,0.844,0.887,0.062,0.0605,0.0634,0.0889,0.0831,0.1002,144.0,False,,,
CTRL(s=0.0698)|hour==6,control,0.06983,10043,75.7,postfilter_hnsw_K4x,0.944,0.9305,0.957,0.1015,0.098,0.1056,0.1625,0.1457,0.1713,576.0,False,,,
CTRL(s=0.0698)|hour==6,control,0.06983,10043,75.7,postfilter_hnsw_K2x,0.944,0.93,0.9565,0.0833,0.0814,0.0858,0.1191,0.1125,0.1299,288.0,False,,,
CTRL(s=0.0698)|hour==6,control,0.06983,10043,75.7,prefilter_hnsw_ef64,1.0,1.0,1.0,0.0411,0.0395,0.0429,0.0578,0.0544,0.0592,,,1.895,,
CTRL(s=0.0698)|hour==6,control,0.06983,10043,75.7,prefilter_flat,1.0,1.0,1.0,0.879,0.8725,0.8888,0.9747,0.9512,1.0066,,,0.003,,
CTRL(s=0.0698)|hour==6,control,0.06983,10043,75.7,single_stage_ivf_batch_np8,0.9845,0.975,0.9925,0.0661,0.0654,0.0667,0.0716,0.0702,0.0727,,,,0.67,
CTRL(s=0.0698)|hour==6,control,0.06983,10043,75.7,single_stage_ivf_batch_np32,0.9975,0.9945,0.9995,0.1023,0.101,0.1035,0.1151,0.1121,0.1169,,,,0.67,
hour==7,natural,0.07033,10115,107.6,prefilter_hnsw_ef64,0.9975,0.995,0.9995,0.0353,0.0337,0.0366,0.0495,0.0472,0.0509,,,1.666,,
hour==7,natural,0.07033,10115,107.6,postfilter_hnsw_K4x,0.644,0.5845,0.704,0.0984,0.0946,0.102,0.149,0.1413,0.1654,572.0,False,,,
hour==7,natural,0.07033,10115,107.6,prefilter_flat,1.0,1.0,1.0,0.8823,0.878,0.8869,1.0187,0.9481,1.0711,,,0.002,,
hour==7,natural,0.07033,10115,107.6,single_stage_ivf_batch_np8,0.7085,0.6455,0.767,0.0654,0.0645,0.0663,0.0741,0.072,0.0751,,,,0.58,
hour==7,natural,0.07033,10115,107.6,single_stage_ivf_batch_np32,0.821,0.77,0.869,0.0958,0.0914,0.099,0.1204,0.1138,0.128,,,,0.58,
hour==7,natural,0.07033,10115,107.6,single_stage_ivf_batch_np128,0.9815,0.967,0.992,0.2144,0.2051,0.2258,0.3154,0.2818,0.3535,,,,0.58,True
hour==7,natural,0.07033,10115,107.6,postfilter_hnsw_K2x,0.6295,0.5665,0.6885,0.0814,0.0792,0.0838,0.1158,0.1106,0.1273,286.0,False,,,
hour==7,natural,0.07033,10115,107.6,postfilter_hnsw_K1x,0.5645,0.501,0.6275,0.0604,0.0591,0.0621,0.0867,0.0822,0.0922,143.0,False,,,
CTRL(s=0.0703)|hour==7,control,0.07033,10115,70.7,prefilter_flat,1.0,1.0,1.0,0.8949,0.8874,0.9043,0.9737,0.9547,1.0128,,,0.003,,
CTRL(s=0.0703)|hour==7,control,0.07033,10115,70.7,postfilter_hnsw_K1x,0.872,0.849,0.8955,0.0617,0.0603,0.0635,0.0892,0.0823,0.0948,143.0,False,,,
CTRL(s=0.0703)|hour==7,control,0.07033,10115,70.7,single_stage_ivf_batch_np8,0.985,0.976,0.9925,0.0689,0.0683,0.0695,0.0751,0.074,0.0764,,,,0.77,
CTRL(s=0.0703)|hour==7,control,0.07033,10115,70.7,single_stage_ivf_batch_np32,0.999,0.9975,1.0,0.1074,0.1063,0.1087,0.1229,0.1197,0.127,,,,0.77,
CTRL(s=0.0703)|hour==7,control,0.07033,10115,70.7,postfilter_hnsw_K4x,0.948,0.935,0.9605,0.1025,0.098,0.1057,0.1631,0.1461,0.172,572.0,False,,,
CTRL(s=0.0703)|hour==7,control,0.07033,10115,70.7,prefilter_hnsw_ef64,1.0,1.0,1.0,0.042,0.0407,0.0429,0.0562,0.0534,0.0589,,,1.896,,
CTRL(s=0.0703)|hour==7,control,0.07033,10115,70.7,postfilter_hnsw_K2x,0.948,0.9345,0.9605,0.0835,0.081,0.0859,0.1179,0.1119,0.1308,286.0,False,,,
hour==8,natural,0.07039,10124,104.8,prefilter_hnsw_ef64,0.9995,0.9985,1.0,0.0383,0.0357,0.0395,0.0519,0.0498,0.0539,,,1.753,,
hour==8,natural,0.07039,10124,104.8,prefilter_flat,1.0,1.0,1.0,0.9035,0.8993,0.9088,0.977,0.9596,1.0098,,,0.002,,
hour==8,natural,0.07039,10124,104.8,postfilter_hnsw_K4x,0.6365,0.577,0.695,0.1029,0.098,0.1057,0.1554,0.1414,0.1712,572.0,False,,,
hour==8,natural,0.07039,10124,104.8,postfilter_hnsw_K1x,0.561,0.497,0.625,0.0626,0.0615,0.0644,0.0896,0.0832,0.0955,143.0,False,,,
hour==8,natural,0.07039,10124,104.8,postfilter_hnsw_K2x,0.628,0.564,0.6885,0.0836,0.0817,0.0855,0.118,0.1104,0.1306,286.0,False,,,
hour==8,natural,0.07039,10124,104.8,single_stage_ivf_batch_np8,0.7045,0.6395,0.768,0.0677,0.0669,0.0686,0.0759,0.0747,0.0781,,,,0.55,
hour==8,natural,0.07039,10124,104.8,single_stage_ivf_batch_np32,0.8125,0.7635,0.8585,0.0996,0.0963,0.1034,0.1219,0.1177,0.1315,,,,0.55,
hour==8,natural,0.07039,10124,104.8,single_stage_ivf_batch_np128,0.9805,0.9655,0.993,0.2255,0.2127,0.2336,0.2977,0.2897,0.3174,,,,0.55,True
CTRL(s=0.0704)|hour==8,control,0.07039,10124,73.8,single_stage_ivf_batch_np8,0.983,0.9735,0.991,0.0689,0.0685,0.0694,0.0755,0.0744,0.077,,,,0.7,
CTRL(s=0.0704)|hour==8,control,0.07039,10124,73.8,single_stage_ivf_batch_np32,0.9965,0.993,0.999,0.1067,0.1059,0.1077,0.1178,0.116,0.1235,,,,0.7,
CTRL(s=0.0704)|hour==8,control,0.07039,10124,73.8,postfilter_hnsw_K2x,0.953,0.9415,0.964,0.0839,0.0814,0.0857,0.1203,0.1105,0.1299,286.0,False,,,
CTRL(s=0.0704)|hour==8,control,0.07039,10124,73.8,postfilter_hnsw_K4x,0.953,0.941,0.964,0.1003,0.0979,0.1053,0.155,0.1437,0.1688,572.0,False,,,
CTRL(s=0.0704)|hour==8,control,0.07039,10124,73.8,prefilter_flat,1.0,1.0,1.0,0.9051,0.9012,0.909,0.9582,0.9488,0.9711,,,0.003,,
CTRL(s=0.0704)|hour==8,control,0.07039,10124,73.8,postfilter_hnsw_K1x,0.872,0.848,0.895,0.0602,0.0587,0.0618,0.0868,0.0805,0.0949,143.0,False,,,
CTRL(s=0.0704)|hour==8,control,0.07039,10124,73.8,prefilter_hnsw_ef64,1.0,1.0,1.0,0.0399,0.0377,0.042,0.055,0.0535,0.0566,,,1.887,,
hour==9,natural,0.0467,6717,162.6,prefilter_flat,1.0,1.0,1.0,0.5212,0.5188,0.524,0.6114,0.5983,0.624,,,0.002,,
hour==9,natural,0.0467,6717,162.6,single_stage_ivf_batch_np8,0.6855,0.6215,0.7445,0.062,0.0613,0.0629,0.0688,0.0678,0.069,,,,0.41,
hour==9,natural,0.0467,6717,162.6,single_stage_ivf_batch_np32,0.8075,0.7565,0.854,0.0871,0.0854,0.0899,0.1017,0.0988,0.1059,,,,0.41,
hour==9,natural,0.0467,6717,162.6,single_stage_ivf_batch_np128,0.9745,0.9575,0.9875,0.1785,0.1724,0.183,0.2152,0.2101,0.225,,,,0.41,True
hour==9,natural,0.0467,6717,162.6,postfilter_hnsw_K2x,0.586,0.5285,0.646,0.0904,0.0879,0.0945,0.1338,0.1273,0.1445,430.0,False,,,
hour==9,natural,0.0467,6717,162.6,postfilter_hnsw_K4x,0.59,0.532,0.6485,0.1133,0.1102,0.117,0.1622,0.1529,0.1853,860.0,False,,,
hour==9,natural,0.0467,6717,162.6,postfilter_hnsw_K1x,0.541,0.479,0.5985,0.0715,0.0702,0.0736,0.1045,0.0961,0.1107,215.0,False,,,
hour==9,natural,0.0467,6717,162.6,prefilter_hnsw_ef64,0.9985,0.9965,1.0,0.0366,0.0353,0.0382,0.0501,0.0484,0.0511,,,0.975,,
CTRL(s=0.0467)|hour==9,control,0.0467,6717,108.3,postfilter_hnsw_K4x,0.8775,0.8585,0.8955,0.1156,0.1111,0.1183,0.1634,0.1536,0.1883,860.0,False,,,
CTRL(s=0.0467)|hour==9,control,0.0467,6717,108.3,postfilter_hnsw_K1x,0.8395,0.8145,0.864,0.0719,0.0706,0.0739,0.1003,0.0977,0.11,215.0,False,,,
CTRL(s=0.0467)|hour==9,control,0.0467,6717,108.3,postfilter_hnsw_K2x,0.8775,0.8585,0.896,0.0923,0.0887,0.0959,0.1349,0.1292,0.1517,430.0,False,,,
CTRL(s=0.0467)|hour==9,control,0.0467,6717,108.3,prefilter_flat,1.0,1.0,1.0,0.5131,0.5107,0.5144,0.6106,0.5908,0.6363,,,0.005,,
CTRL(s=0.0467)|hour==9,control,0.0467,6717,108.3,prefilter_hnsw_ef64,1.0,1.0,1.0,0.0389,0.0372,0.0409,0.0524,0.0501,0.0545,,,1.038,,
CTRL(s=0.0467)|hour==9,control,0.0467,6717,108.3,single_stage_ivf_batch_np8,0.9725,0.9585,0.984,0.0645,0.064,0.065,0.0693,0.0679,0.0708,,,,0.5,
CTRL(s=0.0467)|hour==9,control,0.0467,6717,108.3,single_stage_ivf_batch_np32,0.995,0.9905,0.9985,0.0924,0.0916,0.0935,0.1038,0.1008,0.1066,,,,0.5,
hour==13,natural,0.02319,3336,278.2,single_stage_ivf_batch_np8,0.6685,0.606,0.727,0.0613,0.0608,0.0617,0.0651,0.0642,0.0662,,,,0.25,
hour==13,natural,0.02319,3336,278.2,single_stage_ivf_batch_np32,0.792,0.742,0.841,0.0828,0.0816,0.0838,0.0922,0.0896,0.0937,,,,0.25,
hour==13,natural,0.02319,3336,278.2,single_stage_ivf_batch_np128,0.969,0.952,0.9835,0.1526,0.1509,0.1545,0.1769,0.1672,0.1828,,,,0.25,True
hour==13,natural,0.02319,3336,278.2,prefilter_flat,1.0,1.0,1.0,0.1785,0.1777,0.1791,0.2473,0.2131,0.2643,,,0.002,,
hour==13,natural,0.02319,3336,278.2,postfilter_hnsw_K1x,0.4965,0.443,0.5525,0.0935,0.0892,0.0972,0.1371,0.13,0.1477,432.0,False,,,
hour==13,natural,0.02319,3336,278.2,prefilter_hnsw_ef64,0.9995,0.9985,1.0,0.0372,0.0359,0.0383,0.0452,0.0444,0.0468,,,0.383,,
hour==13,natural,0.02319,3336,278.2,postfilter_hnsw_K4x,0.501,0.446,0.5575,0.1479,0.1416,0.1517,0.2102,0.1961,0.2237,1728.0,False,,,
hour==13,natural,0.02319,3336,278.2,postfilter_hnsw_K2x,0.501,0.444,0.5565,0.1172,0.1133,0.1203,0.1661,0.1551,0.1874,864.0,False,,,
CTRL(s=0.0232)|hour==13,control,0.02319,3336,218.7,prefilter_flat,1.0,1.0,1.0,0.1803,0.1798,0.1812,0.2377,0.1932,0.2453,,,0.001,,
CTRL(s=0.0232)|hour==13,control,0.02319,3336,218.7,postfilter_hnsw_K4x,0.6805,0.651,0.71,0.1487,0.1441,0.1549,0.211,0.1974,0.228,1728.0,False,,,
CTRL(s=0.0232)|hour==13,control,0.02319,3336,218.7,prefilter_hnsw_ef64,1.0,1.0,1.0,0.0403,0.0392,0.0413,0.0489,0.0476,0.0508,,,0.404,,
CTRL(s=0.0232)|hour==13,control,0.02319,3336,218.7,single_stage_ivf_batch_np8,0.922,0.906,0.938,0.0642,0.0637,0.0644,0.0681,0.0673,0.0687,,,,0.31,
CTRL(s=0.0232)|hour==13,control,0.02319,3336,218.7,single_stage_ivf_batch_np32,0.9915,0.986,0.996,0.0858,0.085,0.0863,0.094,0.0913,0.0978,,,,0.31,
CTRL(s=0.0232)|hour==13,control,0.02319,3336,218.7,postfilter_hnsw_K1x,0.6805,0.65,0.709,0.0946,0.091,0.0982,0.1449,0.1319,0.1505,432.0,False,,,
CTRL(s=0.0232)|hour==13,control,0.02319,3336,218.7,postfilter_hnsw_K2x,0.6805,0.6505,0.7095,0.1333,0.1259,0.1434,0.1949,0.1889,0.2068,864.0,False,,,
hour==14,natural,0.11434,16446,104.7,single_stage_ivf_batch_np8,0.715,0.657,0.773,0.0788,0.0774,0.0839,0.1031,0.1006,0.1074,,,,1.14,
hour==14,natural,0.11434,16446,104.7,single_stage_ivf_batch_np32,0.828,0.779,0.874,0.1141,0.1103,0.1196,0.1422,0.1388,0.1465,,,,1.14,
hour==14,natural,0.11434,16446,104.7,single_stage_ivf_batch_np128,0.983,0.9675,0.995,0.3232,0.3037,0.3442,0.4754,0.4392,0.5127,,,,1.14,True
hour==14,natural,0.11434,16446,104.7,prefilter_flat,1.0,1.0,1.0,1.5674,1.5626,1.5748,1.6329,1.6243,1.654,,,0.004,,
hour==14,natural,0.11434,16446,104.7,postfilter_hnsw_K1x,0.47,0.406,0.534,0.05,0.049,0.0511,0.073,0.069,0.0837,88.0,False,,,
hour==14,natural,0.11434,16446,104.7,postfilter_hnsw_K4x,0.633,0.571,0.695,0.0873,0.0851,0.0905,0.1254,0.1182,0.1367,352.0,False,,,
hour==14,natural,0.11434,16446,104.7,postfilter_hnsw_K2x,0.587,0.5225,0.6495,0.0653,0.0644,0.0668,0.0966,0.0865,0.1015,176.0,False,,,
hour==14,natural,0.11434,16446,104.7,prefilter_hnsw_ef64,0.9975,0.994,1.0,0.0397,0.0365,0.0418,0.0602,0.0565,0.0628,,,3.382,,
CTRL(s=0.1143)|hour==14,control,0.11434,16446,44.6,postfilter_hnsw_K1x,0.881,0.8575,0.9035,0.0513,0.0497,0.0524,0.0755,0.0694,0.0826,88.0,False,,,
CTRL(s=0.1143)|hour==14,control,0.11434,16446,44.6,prefilter_flat,1.0,1.0,1.0,1.5584,1.5513,1.5674,1.646,1.6209,1.6836,,,0.013,,
CTRL(s=0.1143)|hour==14,control,0.11434,16446,44.6,postfilter_hnsw_K4x,0.9885,0.9825,0.9935,0.09,0.0875,0.0931,0.1326,0.1233,0.1411,352.0,False,,,
CTRL(s=0.1143)|hour==14,control,0.11434,16446,44.6,prefilter_hnsw_ef64,1.0,1.0,1.0,0.0422,0.0407,0.0441,0.0617,0.0587,0.0638,,,3.767,,
CTRL(s=0.1143)|hour==14,control,0.11434,16446,44.6,single_stage_ivf_batch_np8,0.988,0.979,0.995,0.0726,0.0721,0.0737,0.0811,0.0791,0.0837,,,,1.13,
CTRL(s=0.1143)|hour==14,control,0.11434,16446,44.6,single_stage_ivf_batch_np32,0.9985,0.9965,1.0,0.1249,0.1237,0.1269,0.1478,0.1432,0.1527,,,,1.13,
CTRL(s=0.1143)|hour==14,control,0.11434,16446,44.6,postfilter_hnsw_K2x,0.9885,0.9825,0.9935,0.0676,0.0662,0.0688,0.1009,0.0894,0.1065,176.0,False,,,
hour==15,natural,0.11256,16190,117.7,postfilter_hnsw_K4x,0.6405,0.5815,0.6975,0.0894,0.0869,0.0928,0.1286,0.1236,0.1401,356.0,False,,,
hour==15,natural,0.11256,16190,117.7,single_stage_ivf_batch_np8,0.7145,0.656,0.7725,0.0712,0.0703,0.0725,0.0816,0.0802,0.0844,,,,0.89,
hour==15,natural,0.11256,16190,117.7,single_stage_ivf_batch_np32,0.8285,0.779,0.8725,0.1161,0.1112,0.1215,0.1434,0.14,0.1474,,,,0.89,
hour==15,natural,0.11256,16190,117.7,single_stage_ivf_batch_np128,0.977,0.9615,0.9895,0.321,0.3061,0.3433,0.4435,0.4217,0.4786,,,,0.89,True
hour==15,natural,0.11256,16190,117.7,postfilter_hnsw_K2x,0.5765,0.5125,0.639,0.068,0.0665,0.0698,0.0998,0.0915,0.1035,178.0,False,,,
hour==15,natural,0.11256,16190,117.7,prefilter_hnsw_ef64,0.996,0.991,0.9995,0.0407,0.0384,0.0423,0.0596,0.0568,0.062,,,3.384,,
hour==15,natural,0.11256,16190,117.7,postfilter_hnsw_K1x,0.456,0.392,0.521,0.0522,0.0511,0.0538,0.0772,0.0726,0.0842,89.0,False,,,
hour==15,natural,0.11256,16190,117.7,prefilter_flat,1.0,1.0,1.0,1.5614,1.5553,1.5667,1.6335,1.6206,1.657,,,0.012,,
CTRL(s=0.1126)|hour==15,control,0.11256,16190,46.1,single_stage_ivf_batch_np8,0.9935,0.9885,0.9975,0.0724,0.0716,0.073,0.0811,0.0789,0.0826,,,,1.12,
CTRL(s=0.1126)|hour==15,control,0.11256,16190,46.1,single_stage_ivf_batch_np32,1.0,1.0,1.0,0.1245,0.1236,0.1262,0.143,0.1403,0.1493,,,,1.12,
CTRL(s=0.1126)|hour==15,control,0.11256,16190,46.1,prefilter_flat,1.0,1.0,1.0,1.5564,1.5485,1.569,1.6692,1.6446,1.7448,,,0.005,,
CTRL(s=0.1126)|hour==15,control,0.11256,16190,46.1,postfilter_hnsw_K1x,0.8965,0.876,0.9165,0.0507,0.0496,0.0521,0.0776,0.0703,0.0821,89.0,False,,,
CTRL(s=0.1126)|hour==15,control,0.11256,16190,46.1,postfilter_hnsw_K2x,0.9915,0.987,0.9955,0.066,0.0646,0.0675,0.0949,0.089,0.101,178.0,False,,,
CTRL(s=0.1126)|hour==15,control,0.11256,16190,46.1,prefilter_hnsw_ef64,1.0,1.0,1.0,0.0398,0.0384,0.0414,0.0585,0.0533,0.0603,,,3.601,,
CTRL(s=0.1126)|hour==15,control,0.11256,16190,46.1,postfilter_hnsw_K4x,0.9915,0.987,0.995,0.0874,0.085,0.0907,0.1267,0.1173,0.1381,356.0,False,,,
hour==16,natural,0.01943,2794,311.7,postfilter_hnsw_K2x,0.4515,0.401,0.5025,0.1226,0.1196,0.1267,0.1742,0.1648,0.1928,1030.0,False,,,
hour==16,natural,0.01943,2794,311.7,prefilter_flat,1.0,1.0,1.0,0.1427,0.1425,0.1431,0.1846,0.146,0.1997,,,0.001,,
hour==16,natural,0.01943,2794,311.7,postfilter_hnsw_K1x,0.446,0.394,0.497,0.0963,0.0931,0.0995,0.1452,0.1357,0.1587,515.0,False,,,
hour==16,natural,0.01943,2794,311.7,single_stage_ivf_batch_np8,0.661,0.598,0.72,0.0607,0.0602,0.061,0.0647,0.0635,0.0672,,,,0.23,
hour==16,natural,0.01943,2794,311.7,single_stage_ivf_batch_np32,0.786,0.733,0.8365,0.0785,0.0774,0.0792,0.0859,0.084,0.0876,,,,0.23,
hour==16,natural,0.01943,2794,311.7,single_stage_ivf_batch_np128,0.965,0.947,0.9805,0.1443,0.1422,0.1462,0.1618,0.1579,0.1746,,,,0.23,True
hour==16,natural,0.01943,2794,311.7,postfilter_hnsw_K4x,0.4515,0.401,0.5035,0.1622,0.1595,0.167,0.2265,0.2114,0.2435,2060.0,False,,,
hour==16,natural,0.01943,2794,311.7,prefilter_hnsw_ef64,0.9995,0.9985,1.0,0.037,0.036,0.0379,0.0429,0.0423,0.0442,,,0.302,,
CTRL(s=0.0194)|hour==16,control,0.01943,2794,257.2,postfilter_hnsw_K4x,0.622,0.5935,0.6495,0.1623,0.1593,0.1681,0.2223,0.2099,0.2419,2060.0,False,,,
CTRL(s=0.0194)|hour==16,control,0.01943,2794,257.2,single_stage_ivf_batch_np8,0.8845,0.8615,0.9065,0.061,0.0606,0.0612,0.0641,0.0635,0.0651,,,,0.25,
CTRL(s=0.0194)|hour==16,control,0.01943,2794,257.2,single_stage_ivf_batch_np32,0.985,0.9775,0.9915,0.0803,0.0795,0.0809,0.0892,0.086,0.0921,,,,0.25,
CTRL(s=0.0194)|hour==16,control,0.01943,2794,257.2,prefilter_hnsw_ef64,1.0,1.0,1.0,0.0389,0.0379,0.0398,0.0478,0.0466,0.0492,,,0.316,,
CTRL(s=0.0194)|hour==16,control,0.01943,2794,257.2,prefilter_flat,1.0,1.0,1.0,0.1457,0.1447,0.1462,0.1742,0.162,0.1792,,,0.001,,
CTRL(s=0.0194)|hour==16,control,0.01943,2794,257.2,postfilter_hnsw_K2x,0.622,0.5945,0.649,0.1262,0.1234,0.1284,0.1713,0.1653,0.1926,1030.0,False,,,
CTRL(s=0.0194)|hour==16,control,0.01943,2794,257.2,postfilter_hnsw_K1x,0.622,0.5945,0.6505,0.0998,0.0949,0.1028,0.1538,0.1403,0.1633,515.0,False,,,
hour==17,natural,0.07809,11232,121.6,prefilter_hnsw_ef64,0.9985,0.996,1.0,0.0395,0.0381,0.0406,0.0559,0.0544,0.0583,,,2.113,,
hour==17,natural,0.07809,11232,121.6,single_stage_ivf_batch_np8,0.9285,0.9005,0.9545,0.0676,0.0669,0.0683,0.0759,0.0744,0.0779,,,,0.7,
hour==17,natural,0.07809,11232,121.6,single_stage_ivf_batch_np32,0.984,0.9745,0.9915,0.1003,0.0989,0.1018,0.1138,0.1115,0.1222,,,,0.7,
hour==17,natural,0.07809,11232,121.6,prefilter_flat,1.0,1.0,1.0,1.0245,1.0145,1.0353,1.1605,1.1208,1.184,,,0.003,,
hour==17,natural,0.07809,11232,121.6,postfilter_hnsw_K1x,0.499,0.4425,0.556,0.0593,0.0579,0.0615,0.0848,0.0792,0.0907,129.0,False,,,
hour==17,natural,0.07809,11232,121.6,postfilter_hnsw_K4x,0.759,0.7185,0.7985,0.099,0.0954,0.1016,0.1545,0.1372,0.1666,516.0,False,,,
hour==17,natural,0.07809,11232,121.6,postfilter_hnsw_K2x,0.723,0.6765,0.766,0.0791,0.0774,0.0817,0.1135,0.1079,0.12,258.0,False,,,
CTRL(s=0.0781)|hour==17,control,0.07809,11232,71.2,single_stage_ivf_batch_np8,0.9835,0.971,0.993,0.0693,0.0684,0.0699,0.0782,0.075,0.0806,,,,0.85,
CTRL(s=0.0781)|hour==17,control,0.07809,11232,71.2,single_stage_ivf_batch_np32,0.998,0.9955,1.0,0.1091,0.1081,0.1099,0.1291,0.1213,0.1347,,,,0.85,
CTRL(s=0.0781)|hour==17,control,0.07809,11232,71.2,postfilter_hnsw_K4x,0.9585,0.946,0.9695,0.0984,0.0949,0.1017,0.1491,0.1377,0.1616,516.0,False,,,
CTRL(s=0.0781)|hour==17,control,0.07809,11232,71.2,prefilter_flat,1.0,1.0,1.0,1.0127,1.0076,1.0216,1.1637,1.1289,1.1799,,,0.009,,
CTRL(s=0.0781)|hour==17,control,0.07809,11232,71.2,postfilter_hnsw_K1x,0.876,0.8525,0.8975,0.0597,0.0579,0.0613,0.0893,0.0799,0.0926,129.0,False,,,
CTRL(s=0.0781)|hour==17,control,0.07809,11232,71.2,postfilter_hnsw_K2x,0.9585,0.946,0.97,0.0794,0.0771,0.0815,0.1128,0.1071,0.1206,258.0,False,,,
CTRL(s=0.0781)|hour==17,control,0.07809,11232,71.2,prefilter_hnsw_ef64,1.0,1.0,1.0,0.0401,0.0391,0.043,0.057,0.055,0.0605,,,2.211,,
hour==18,natural,0.10885,15656,715.0,prefilter_hnsw_ef64,0.9905,0.983,0.9965,0.0407,0.0392,0.0425,0.0578,0.0549,0.0602,,,3.084,,
hour==18,natural,0.10885,15656,715.0,postfilter_hnsw_K2x,0.3425,0.2765,0.4095,0.0686,0.0667,0.0703,0.0975,0.0898,0.1058,184.0,False,,,
hour==18,natural,0.10885,15656,715.0,postfilter_hnsw_K1x,0.3205,0.258,0.385,0.0519,0.0508,0.053,0.0806,0.0717,0.0882,92.0,False,,,
hour==18,natural,0.10885,15656,715.0,postfilter_hnsw_K4x,0.3775,0.3145,0.442,0.089,0.0865,0.0918,0.1276,0.1217,0.1398,368.0,False,,,
hour==18,natural,0.10885,15656,715.0,prefilter_flat,1.0,1.0,1.0,1.4831,1.4736,1.4963,1.6122,1.583,1.6523,,,0.012,,
hour==18,natural,0.10885,15656,715.0,single_stage_ivf_batch_np8,0.4055,0.3405,0.475,0.0617,0.0613,0.063,0.086,0.0838,0.0885,,,,0.86,
hour==18,natural,0.10885,15656,715.0,single_stage_ivf_batch_np32,0.6955,0.6395,0.7505,0.082,0.0796,0.0876,0.1757,0.1641,0.1918,,,,0.86,
hour==18,natural,0.10885,15656,715.0,single_stage_ivf_batch_np128,0.9835,0.975,0.9905,0.1828,0.1729,0.2016,0.5698,0.5329,0.6095,,,,0.86,True
CTRL(s=0.1089)|hour==18,control,0.10885,15656,47.6,postfilter_hnsw_K1x,0.8885,0.8665,0.909,0.0526,0.0512,0.0539,0.0771,0.0717,0.0863,92.0,False,,,
CTRL(s=0.1089)|hour==18,control,0.10885,15656,47.6,postfilter_hnsw_K4x,0.986,0.979,0.992,0.0899,0.0873,0.0931,0.1306,0.1225,0.1432,368.0,False,,,
CTRL(s=0.1089)|hour==18,control,0.10885,15656,47.6,prefilter_hnsw_ef64,1.0,1.0,1.0,0.0431,0.0419,0.0448,0.0626,0.0591,0.0661,,,3.491,,
CTRL(s=0.1089)|hour==18,control,0.10885,15656,47.6,postfilter_hnsw_K2x,0.986,0.9795,0.992,0.0691,0.0675,0.0714,0.0994,0.0915,0.1053,184.0,False,,,
CTRL(s=0.1089)|hour==18,control,0.10885,15656,47.6,single_stage_ivf_batch_np8,0.993,0.986,0.998,0.0716,0.0713,0.0721,0.0807,0.0786,0.0834,,,,1.08,
CTRL(s=0.1089)|hour==18,control,0.10885,15656,47.6,single_stage_ivf_batch_np32,0.999,0.9975,1.0,0.1224,0.1205,0.1236,0.1449,0.1416,0.1547,,,,1.08,
CTRL(s=0.1089)|hour==18,control,0.10885,15656,47.6,prefilter_flat,1.0,1.0,1.0,1.4969,1.4888,1.5063,1.6453,1.6036,1.6788,,,0.005,,
hour==19,natural,0.11023,15854,689.5,postfilter_hnsw_K2x,0.347,0.284,0.4145,0.0659,0.065,0.0684,0.094,0.0899,0.101,182.0,False,,,
hour==19,natural,0.11023,15854,689.5,prefilter_flat,1.0,1.0,1.0,1.5229,1.5171,1.5362,1.6019,1.5909,1.6262,,,0.004,,
hour==19,natural,0.11023,15854,689.5,postfilter_hnsw_K4x,0.374,0.3115,0.4365,0.0886,0.0861,0.0923,0.1313,0.1214,0.1381,364.0,False,,,
hour==19,natural,0.11023,15854,689.5,postfilter_hnsw_K1x,0.338,0.2715,0.406,0.0513,0.0499,0.0525,0.0752,0.0709,0.0814,91.0,False,,,
hour==19,natural,0.11023,15854,689.5,prefilter_hnsw_ef64,0.9945,0.99,0.998,0.0398,0.0384,0.0424,0.0552,0.053,0.0575,,,3.048,,
hour==19,natural,0.11023,15854,689.5,single_stage_ivf_batch_np8,0.4135,0.347,0.479,0.0608,0.0602,0.0628,0.084,0.0803,0.0877,,,,0.87,
hour==19,natural,0.11023,15854,689.5,single_stage_ivf_batch_np32,0.6995,0.643,0.7535,0.0808,0.0776,0.0841,0.1623,0.1515,0.1734,,,,0.87,
hour==19,natural,0.11023,15854,689.5,single_stage_ivf_batch_np128,0.981,0.972,0.9885,0.1789,0.1701,0.198,0.5725,0.5395,0.5955,,,,0.87,True
CTRL(s=0.1102)|hour==19,control,0.11023,15854,46.2,postfilter_hnsw_K2x,0.989,0.982,0.995,0.0679,0.067,0.0703,0.0989,0.0927,0.105,182.0,False,,,
CTRL(s=0.1102)|hour==19,control,0.11023,15854,46.2,prefilter_flat,1.0,1.0,1.0,1.5371,1.5267,1.549,1.6563,1.6371,1.6768,,,0.005,,
CTRL(s=0.1102)|hour==19,control,0.11023,15854,46.2,prefilter_hnsw_ef64,1.0,1.0,1.0,0.0417,0.0399,0.043,0.0597,0.0574,0.0618,,,3.531,,
CTRL(s=0.1102)|hour==19,control,0.11023,15854,46.2,postfilter_hnsw_K1x,0.8935,0.871,0.916,0.0524,0.0514,0.0536,0.0781,0.0718,0.0832,91.0,False,,,
CTRL(s=0.1102)|hour==19,control,0.11023,15854,46.2,single_stage_ivf_batch_np8,0.989,0.982,0.995,0.0728,0.0719,0.0735,0.0816,0.0782,0.083,,,,1.08,
CTRL(s=0.1102)|hour==19,control,0.11023,15854,46.2,single_stage_ivf_batch_np32,0.999,0.9975,1.0,0.1239,0.1221,0.1255,0.1497,0.1414,0.1569,,,,1.08,
CTRL(s=0.1102)|hour==19,control,0.11023,15854,46.2,postfilter_hnsw_K4x,0.989,0.982,0.995,0.0906,0.0877,0.0945,0.1334,0.1249,0.1421,364.0,False,,,
hour==20,natural,0.0757,10888,748.3,prefilter_hnsw_ef64,0.9955,0.9925,0.998,0.0402,0.0386,0.0418,0.0578,0.0546,0.0597,,,1.885,,
hour==20,natural,0.0757,10888,748.3,postfilter_hnsw_K2x,0.346,0.2845,0.4095,0.0802,0.0775,0.0821,0.1152,0.1074,0.1253,266.0,False,,,
hour==20,natural,0.0757,10888,748.3,postfilter_hnsw_K4x,0.3885,0.329,0.449,0.1013,0.0975,0.1044,0.153,0.145,0.1691,532.0,False,,,
hour==20,natural,0.0757,10888,748.3,prefilter_flat,1.0,1.0,1.0,0.9803,0.9743,0.9888,1.1139,1.0832,1.1356,,,0.003,,
hour==20,natural,0.0757,10888,748.3,single_stage_ivf_batch_np8,0.41,0.3445,0.4775,0.0623,0.0617,0.0635,0.0815,0.0766,0.085,,,,0.68,
hour==20,natural,0.0757,10888,748.3,single_stage_ivf_batch_np32,0.683,0.6255,0.739,0.0789,0.0769,0.0809,0.1355,0.1288,0.1406,,,,0.68,
hour==20,natural,0.0757,10888,748.3,single_stage_ivf_batch_np128,0.9615,0.9455,0.976,0.1596,0.1503,0.1708,0.3842,0.3654,0.4029,,,,0.68,True
hour==20,natural,0.0757,10888,748.3,postfilter_hnsw_K1x,0.324,0.2595,0.3905,0.0596,0.0581,0.0608,0.0863,0.0793,0.0929,133.0,False,,,
CTRL(s=0.0757)|hour==20,control,0.0757,10888,70.4,postfilter_hnsw_K4x,0.9625,0.9515,0.9725,0.0988,0.0952,0.1025,0.1537,0.1392,0.1626,532.0,False,,,
CTRL(s=0.0757)|hour==20,control,0.0757,10888,70.4,postfilter_hnsw_K2x,0.9625,0.9515,0.9725,0.0795,0.0771,0.0818,0.1126,0.1059,0.122,266.0,False,,,
CTRL(s=0.0757)|hour==20,control,0.0757,10888,70.4,postfilter_hnsw_K1x,0.888,0.866,0.909,0.061,0.0594,0.0624,0.088,0.0812,0.0957,133.0,False,,,
CTRL(s=0.0757)|hour==20,control,0.0757,10888,70.4,prefilter_flat,1.0,1.0,1.0,0.982,0.9755,0.9947,1.0919,1.0702,1.1189,,,0.009,,
CTRL(s=0.0757)|hour==20,control,0.0757,10888,70.4,single_stage_ivf_batch_np8,0.988,0.9805,0.9945,0.0687,0.0681,0.0691,0.078,0.0754,0.0807,,,,0.87,
CTRL(s=0.0757)|hour==20,control,0.0757,10888,70.4,single_stage_ivf_batch_np32,0.9975,0.9945,0.9995,0.1063,0.1049,0.1073,0.1207,0.1174,0.1281,,,,0.87,
CTRL(s=0.0757)|hour==20,control,0.0757,10888,70.4,prefilter_hnsw_ef64,1.0,1.0,1.0,0.0411,0.0398,0.0421,0.0572,0.0547,0.0585,,,2.134,,
"hour in [11,14] (midday)",composite,0.13754,19782,95.5,prefilter_hnsw_ef64,0.9975,0.995,0.9995,0.041,0.0391,0.0428,0.0624,0.0571,0.0673,,,4.313,,
"hour in [11,14] (midday)",composite,0.13754,19782,95.5,single_stage_ivf_batch_np8,0.7175,0.657,0.7785,0.0731,0.0715,0.0748,0.0863,0.0837,0.0892,,,,1.01,
"hour in [11,14] (midday)",composite,0.13754,19782,95.5,single_stage_ivf_batch_np32,0.8325,0.7835,0.878,0.1263,0.1219,0.1321,0.1617,0.1565,0.1733,,,,1.01,
"hour in [11,14] (midday)",composite,0.13754,19782,95.5,single_stage_ivf_batch_np128,0.983,0.9675,0.995,0.3957,0.3708,0.4204,0.5747,0.5334,0.5877,,,,1.01,True
"hour in [11,14] (midday)",composite,0.13754,19782,95.5,postfilter_hnsw_K1x,0.456,0.392,0.52,0.0491,0.0474,0.0501,0.0736,0.068,0.0801,73.0,False,,,
"hour in [11,14] (midday)",composite,0.13754,19782,95.5,prefilter_flat,1.0,1.0,1.0,1.9059,1.8982,1.9167,2.0078,1.9923,2.0468,,,0.015,,
"hour in [11,14] (midday)",composite,0.13754,19782,95.5,postfilter_hnsw_K4x,0.637,0.573,0.6975,0.0843,0.0811,0.0862,0.1188,0.1139,0.1268,292.0,False,,,
"hour in [11,14] (midday)",composite,0.13754,19782,95.5,postfilter_hnsw_K2x,0.583,0.5175,0.649,0.0624,0.0606,0.0633,0.0901,0.0841,0.0983,146.0,False,,,
"CTRL(s=0.1375)|hour in [11,14] (midday)",control,0.13754,19782,38.8,postfilter_hnsw_K2x,0.9945,0.9905,0.9975,0.0627,0.0615,0.0641,0.0883,0.0847,0.0958,146.0,False,,,
"CTRL(s=0.1375)|hour in [11,14] (midday)",control,0.13754,19782,38.8,postfilter_hnsw_K4x,0.9945,0.991,0.9975,0.0844,0.0813,0.0869,0.1182,0.112,0.1277,292.0,False,,,
"CTRL(s=0.1375)|hour in [11,14] (midday)",control,0.13754,19782,38.8,prefilter_hnsw_ef64,1.0,1.0,1.0,0.042,0.04,0.0446,0.0634,0.0593,0.0688,,,4.78,,
"CTRL(s=0.1375)|hour in [11,14] (midday)",control,0.13754,19782,38.8,postfilter_hnsw_K1x,0.8725,0.8475,0.896,0.0498,0.0481,0.0512,0.0748,0.0681,0.083,73.0,False,,,
"CTRL(s=0.1375)|hour in [11,14] (midday)",control,0.13754,19782,38.8,single_stage_ivf_batch_np8,0.9895,0.981,0.996,0.075,0.0739,0.0761,0.0876,0.0857,0.0906,,,,1.26,
"CTRL(s=0.1375)|hour in [11,14] (midday)",control,0.13754,19782,38.8,single_stage_ivf_batch_np32,0.9985,0.9955,1.0,0.1354,0.1336,0.137,0.1599,0.1552,0.1643,,,,1.26,
"CTRL(s=0.1375)|hour in [11,14] (midday)",control,0.13754,19782,38.8,prefilter_flat,1.0,1.0,1.0,1.9122,1.9011,1.9231,2.0345,1.9929,2.0694,,,0.016,,
"hour in [8,18] (working)",composite,0.57356,82495,8.6,postfilter_hnsw_K1x,0.719,0.6685,0.769,0.0424,0.0418,0.0437,0.0644,0.0602,0.0716,18.0,False,,,
"hour in [8,18] (working)",composite,0.57356,82495,8.6,single_stage_ivf_batch_np8,0.999,0.997,1.0,0.0988,0.0963,0.1043,0.1304,0.124,0.142,,,,3.71,
"hour in [8,18] (working)",composite,0.57356,82495,8.6,single_stage_ivf_batch_np32,1.0,1.0,1.0,0.3,0.2815,0.3146,0.4136,0.3951,0.4205,,,,3.71,
"hour in [8,18] (working)",composite,0.57356,82495,8.6,single_stage_ivf_bitmap_np32,1.0,1.0,1.0,0.2721,0.2578,0.2863,0.376,0.3527,0.4161,,,,38.23,
"hour in [8,18] (working)",composite,0.57356,82495,8.6,postfilter_hnsw_K2x,0.8825,0.8465,0.916,0.0439,0.043,0.0454,0.0677,0.0618,0.0742,36.0,False,,,
"hour in [8,18] (working)",composite,0.57356,82495,8.6,prefilter_flat,1.0,1.0,1.0,8.0631,8.0496,8.0748,8.287,8.2438,8.3563,,,0.062,,
"hour in [8,18] (working)",composite,0.57356,82495,8.6,prefilter_hnsw_ef64,1.0,1.0,1.0,0.0408,0.0396,0.0422,0.0645,0.061,0.0672,,,23.845,,
"hour in [8,18] (working)",composite,0.57356,82495,8.6,postfilter_hnsw_K4x,0.974,0.956,0.989,0.0498,0.0484,0.0508,0.0753,0.0698,0.0837,72.0,False,,,
"CTRL(s=0.5736)|hour in [8,18] (working)",control,0.57356,82495,9.0,postfilter_hnsw_K1x,0.942,0.9255,0.958,0.044,0.0427,0.0452,0.0652,0.0629,0.0733,18.0,False,,,
"CTRL(s=0.5736)|hour in [8,18] (working)",control,0.57356,82495,9.0,prefilter_flat,1.0,1.0,1.0,8.0941,8.0833,8.1146,8.3943,8.3367,8.4554,,,0.064,,
"CTRL(s=0.5736)|hour in [8,18] (working)",control,0.57356,82495,9.0,postfilter_hnsw_K4x,1.0,1.0,1.0,0.0493,0.0481,0.051,0.0746,0.068,0.0817,72.0,False,,,
"CTRL(s=0.5736)|hour in [8,18] (working)",control,0.57356,82495,9.0,postfilter_hnsw_K2x,1.0,1.0,1.0,0.0463,0.0453,0.048,0.0717,0.0651,0.0789,36.0,False,,,
"CTRL(s=0.5736)|hour in [8,18] (working)",control,0.57356,82495,9.0,single_stage_ivf_batch_np8,0.9985,0.996,1.0,0.1092,0.1072,0.1128,0.1414,0.1368,0.1468,,,,4.35,
"CTRL(s=0.5736)|hour in [8,18] (working)",control,0.57356,82495,9.0,single_stage_ivf_batch_np32,1.0,1.0,1.0,0.3431,0.3315,0.3525,0.4596,0.4314,0.4994,,,,4.35,
"CTRL(s=0.5736)|hour in [8,18] (working)",control,0.57356,82495,9.0,single_stage_ivf_bitmap_np32,1.0,1.0,1.0,0.3058,0.2998,0.3132,0.4239,0.3967,0.4439,,,,38.87,
"CTRL(s=0.5736)|hour in [8,18] (working)",control,0.57356,82495,9.0,prefilter_hnsw_ef64,1.0,1.0,1.0,0.0396,0.0378,0.0411,0.0627,0.0571,0.0673,,,24.297,,
"time_of_day in {morning,evening}",composite,0.55202,79397,8.2,postfilter_hnsw_K4x,0.8975,0.8615,0.931,0.049,0.0477,0.0502,0.0744,0.0674,0.083,76.0,False,,,
"time_of_day in {morning,evening}",composite,0.55202,79397,8.2,postfilter_hnsw_K2x,0.777,0.724,0.827,0.0447,0.0437,0.0459,0.068,0.0623,0.0755,38.0,False,,,
"time_of_day in {morning,evening}",composite,0.55202,79397,8.2,postfilter_hnsw_K1x,0.6675,0.609,0.7265,0.0432,0.0419,0.044,0.0653,0.0609,0.0747,19.0,False,,,
"time_of_day in {morning,evening}",composite,0.55202,79397,8.2,prefilter_hnsw_ef64,1.0,1.0,1.0,0.0403,0.039,0.0422,0.0616,0.0563,0.0659,,,21.879,,
"time_of_day in {morning,evening}",composite,0.55202,79397,8.2,single_stage_ivf_batch_np8,0.999,0.9975,1.0,0.0966,0.0921,0.0996,0.1409,0.1282,0.1464,,,,3.65,
"time_of_day in {morning,evening}",composite,0.55202,79397,8.2,single_stage_ivf_batch_np32,1.0,1.0,1.0,0.2242,0.2103,0.2354,0.4836,0.4533,0.5039,,,,3.65,
"time_of_day in {morning,evening}",composite,0.55202,79397,8.2,single_stage_ivf_bitmap_np32,1.0,1.0,1.0,0.2076,0.1951,0.2226,0.4187,0.3968,0.4388,,,,36.59,
"time_of_day in {morning,evening}",composite,0.55202,79397,8.2,prefilter_flat,1.0,1.0,1.0,7.7387,7.7279,7.7518,8.0011,7.9514,8.1206,,,0.06,,
"CTRL(s=0.5520)|time_of_day in {morning,evening}",control,0.55202,79397,9.6,prefilter_flat,1.0,1.0,1.0,7.7373,7.7261,7.7503,7.9783,7.9014,8.1114,,,0.061,,
"CTRL(s=0.5520)|time_of_day in {morning,evening}",control,0.55202,79397,9.6,postfilter_hnsw_K4x,1.0,1.0,1.0,0.05,0.0485,0.0513,0.0734,0.0693,0.0833,76.0,False,,,
"CTRL(s=0.5520)|time_of_day in {morning,evening}",control,0.55202,79397,9.6,prefilter_hnsw_ef64,1.0,1.0,1.0,0.0414,0.0404,0.0424,0.0679,0.0587,0.07,,,23.231,,
"CTRL(s=0.5520)|time_of_day in {morning,evening}",control,0.55202,79397,9.6,single_stage_ivf_batch_np8,0.9985,0.996,1.0,0.1066,0.1048,0.1091,0.1381,0.1302,0.1435,,,,4.23,
"CTRL(s=0.5520)|time_of_day in {morning,evening}",control,0.55202,79397,9.6,single_stage_ivf_batch_np32,1.0,1.0,1.0,0.3315,0.3198,0.3401,0.4435,0.4238,0.4716,,,,4.23,
"CTRL(s=0.5520)|time_of_day in {morning,evening}",control,0.55202,79397,9.6,single_stage_ivf_bitmap_np32,1.0,1.0,1.0,0.2947,0.2881,0.306,0.409,0.3713,0.4288,,,,37.07,
"CTRL(s=0.5520)|time_of_day in {morning,evening}",control,0.55202,79397,9.6,postfilter_hnsw_K2x,1.0,1.0,1.0,0.0452,0.0444,0.0466,0.0681,0.0634,0.0779,38.0,False,,,
"CTRL(s=0.5520)|time_of_day in {morning,evening}",control,0.55202,79397,9.6,postfilter_hnsw_K1x,0.9245,0.907,0.9425,0.0444,0.0429,0.0457,0.0657,0.0627,0.0761,19.0,False,,,
